ref	sha256_16
1.0	525f7f762d2bfaa3
1.1	9e0eb5a0db33fe64
1.2	2b066d12545ff171
1.3	c8bcacbf3e661ae6
1.4	634f1f129eef15a4
1.5	eeb7f01b01f847a9
1.6	fd6c29cfd064412e
1.7	f77082666d78add9
1.8	6d45b85e1dc7f7fb
1.9	29f73dc58b6843f6
1.10	637c8e94b936331a
1.11	57cb88c609f49c0b
1.12	697339b676dbec69
1.13	11ece2b41bf1b17c
1.14	c005358244c336af
1.15	bd714135de4bb383
1.16	0462fd5385ccd824
1.17	68f187c275dd569d
1.18	5adf2c00225c91ed
1.19	78e27d9949b04f83
1.20	4bb44114a433662a
1.21	12db851957d1e5b9
1.22	22af40f33c73c4b3
1.23	a764455e8b912150
1.24	98338395fb6dcfe3
1.25	cbc34558dc8da2ee
1.26	f22d47ffd0be1551
1.27	d13740876c0f2478
1.28	802d7dc3a1b75e89
1.29	136faae13d440b10
1.30	0bd540d107da1596
1.31	ad7b5068ae078b58
1.32	869674702c83f032
1.33	0a7bf79832c0a733
1.34	183c04dd842ab39e
1.35	93a1adf3dbbfa4d2
1.36	e934a4b23f12041e
1.37	38fc8b785df98843
1.38	71e3baa70f6de639
1.39	379d55aed58753bf
1.40	672659e935612684
1.41	1b6d3cfd725d8f86
2.0	b7f0a97219af6c7d
2.1	d2f0ba44c66e0711
2.2	5f57d721731634c7
2.3	aca521e57d6f6581
2.4	211100340a0c9113
2.5	0185b7603512ff12
2.6	cf5d01bebf2b6a0b
2.7	33c8826fcde42cf0
2.8	c95ec1983ca64acf
2.9	63c45f5c160a6f59
2.10	1c093fb749282b37
2.11	a3f87b60f5e53ab1
2.12	a5d6613b4aed5e0f
2.13	c82eb74698be019a
2.14	2816647ef2cb67d0
2.15	be1ab676cac4c47a
2.16	f7ee5ad62a4253bd
2.17	c397b62039a1bb24
2.18	bc03571bd43e958c
2.19	c9a28ddffc517dd0
2.20	fddf79c363b69ef6
2.21	2c3cc921fe4e8ce4
2.22	817badc32d907f60
2.23	45196bda5229f0e1
2.24	4880e18fdfd3889c
2.25	e29d22f69084db48
2.26	13869398fb5da25c
2.27	283d7144855e47f3
2.28	397ea2c3495e3197
2.29	94647bd4dd6f8bba
2.30	1dba1bf25f4a8369
2.31	e61fae2683277ccb
2.32	d32725ea2921d559
2.33	ace8acf6d4843a83
2.34	311f39dcf0ea2549
2.35	64be9d354b9ddfd6
2.36	859d2782470816b5
2.37	df871feb5746664b
2.38	1d9e299b4b6b4e2a
2.39	666ea3037ed0898c
2.40	6c2f60265b78fde8
2.41	a1e97822d7c6a1d7
2.42	710fd19dea3aba72
2.43	4806a9810cc5ffda
3.0	48de4543284fd95d
3.1	1211c051a1d12ab9
3.2	3d50a2b940882249
3.3	c48e938189a958ae
3.4	9a7386a5c7792021
3.5	a03146f185d88fbd
3.6	600b7216dd231ea5
3.7	7ef40c6ad8063a6d
3.8	d5396dbd401a56a2
3.9	034591005280ba9d
3.10	43d656a7db95737a
3.11	14f2711eb5ca114b
3.12	17e30e11f71a4293
3.13	2ee130a787dc42d2
3.14	c8bf064241a107a6
3.15	0fe63ec29ffac1d3
3.16	6301c57fdc2c422b
3.17	140d2d6c9ff8f551
3.18	02eedb31fc2223ab
3.19	69d8606a99397ca5
3.20	f0e11631a31e3baf
3.21	cf8d4ed0282deff0
3.22	0aef35c21bc7d042
3.23	a5d1084086a7eff8
3.24	46a505ac8377423d
3.25	c040f240dc02c8fe
3.26	1f1bb22b53d49dbb
3.27	0c23672b91e5f831
3.28	778607b09af5ec9f
3.29	ed919fb925d9bd74
3.30	b872f4b7ab73b810
3.31	90d129fc3ff1f653
3.32	51bd3a12bcd7419b
3.33	08059b4dec2e315d
3.34	5bc5ee2f0d4f17fe
3.35	01b5480bc0db4fde
3.36	7129ec59f829905b
3.37	4ce6b5a6b8af6d2f
3.38	b50d0cb470387e69
3.39	1d62a79384e38a8b
3.40	e3ea1671af1dcf92
3.41	3977c38415632565
3.42	c215bafd81857784
3.43	d2207340e0303c49
3.44	cfdcb6f5a07dddcd
3.45	a3d80986e9b5b9c9
3.46	29593e75f79d80c1
3.47	2fd625b964a49d7b
3.48	2d267d1fb288957f
3.49	450b14a33d456b35
3.50	4a6360f392c10dd9
3.51	5e769a39dc2d848e
3.52	a02f4e98ddc7f1cf
3.53	0c6350b0bcc4c95a
3.54	3276350df2d76eaf
3.55	cd8c89f48290f2b0
3.56	505d40db69135e49
3.57	90a1b68e6b6f7db7
3.58	4ffc4e9fa3716610
3.59	a88f8d16e7052584
3.60	2c49f0de1d5d26b5
3.61	d0c66a578d421e5f
3.62	f76979ddc25441ec
3.63	09aa20b4285107a5
3.64	46b6c33e435a9528
3.65	9e39068fb33a3d4c
3.66	671d584ad1d0d6cf
3.67	0a2ec4bb9724d1ac
3.68	fd85a77c41126601
3.69	862229fc8b92081a
3.70	1d2585f195b8f9e3
3.71	18a30f1859bf047d
3.72	4fab7bab3d2c534b
3.73	70382f6a84f367c9
3.74	18dd8b13f40dbded
3.75	2f46575c9f5db872
3.76	9f6df96add89ba6b
3.77	d7fa44a159e21e3e
3.78	b969b3f653e196d6
3.79	b3938ba0bfbebe4a
3.80	adfb5c524cf1eef6
3.81	c7c5469db590883b
3.82	69a90be5044878b2
3.83	7aa1195d6802ce62
3.84	3a51d17488748c72
3.85	5152c5cc286f72d3
3.86	a68d3c16b49efcd3
3.87	5d7f4220691debcc
3.88	50316250e7bc2ce2
4.0	802960e5d8a44e26
4.1	b94187ef94e50322
4.2	13b4cb9f21ea47f7
4.3	54417cc4e408b592
4.4	3531a0820f39cd20
4.5	1aab515372e44abd
4.6	f097817e639ea258
4.7	711121ea705fbdb9
4.8	b065d86d2d9c8355
4.9	65fa2a8beceea695
4.10	839bd63cbe1b7988
4.11	dc18c4f561614706
4.12	ed01b76b0ffb318d
4.13	c3855a10650964fe
4.14	4ed74cf295ea8b56
4.15	0c24f9f5555503e7
4.16	bd3c33c340627682
4.17	9770af01621d1600
4.18	e6ff9da28f6b88a1
4.19	1eb5e739ab3713f5
4.20	5c4cd9350f54be74
4.21	c9c5b088345fd0b8
4.22	de5c4acfb6715103
4.23	8a238abaa78405f2
4.24	0cd09165b225b3cc
4.25	7276ca0a8bff067b
4.26	562c09c6285ed053
4.27	beb49c80f229eb49
4.28	9b5a8162655c558f
4.29	573f9e4dda5a7463
4.30	7d687c450b252230
4.31	61e681e12597a5be
4.32	09dcd1a0e9125c0b
4.33	c2b7a104c9358be2
4.34	f8ed89d9a3a3304c
4.35	c3e6bfc4ce1ccb33
4.36	4de381719954222b
4.37	01b5480bc0db4fde
4.38	7daa5e0f733c677e
4.39	5d0f65a01bc4c444
4.40	bab5fca015d05449
4.41	47dd7906b49da4b0
4.42	c5f7a87a5b0a7178
4.43	faeed3016880f338
4.44	6a5271b5366fb37d
4.45	38f5f7e95fdaa490
4.46	cacf4c86efaa771d
4.47	dd46c04ec1684385
4.48	401b9cc8959b08dc
4.49	d8e924568914486b
4.50	25b672aed0c55dd8
4.51	01b5480bc0db4fde
4.52	07837006aeacb347
4.53	7cac5f7d148e2b23
4.54	9b8075479fa1f26c
4.55	3f9a528ff8e1131c
4.56	ec1d5927b3fd756d
4.57	82de56e320bf85c9
4.58	282f21a56028e4e6
4.59	e5e137dc9793cb75
4.60	86abecde480b3a11
4.61	7a10b17d9db84dc6
4.62	58789500015ef438
4.63	607fee004dd1601a
4.64	eb638dfe614fef80
4.65	1964ac9d3cdebd14
4.66	b59135f67152fee3
4.67	f654125e4c6795eb
4.68	f30dcb59fa034a89
4.69	9b00501f5239a6ea
4.70	5626716575218c54
4.71	9ddf82a3c33b0a81
4.72	0d278a2aaac950d7
4.73	77026c0459b886d5
4.74	b5bfcbaa7de1ef73
4.75	01f9971863ddb510
4.76	347e3f5e27e0ae0a
4.77	a141e5fc8514aec5
4.78	163ced5dbaa7ca30
4.79	736c98a5d67dc360
4.80	b825ba653fbc7134
4.81	954d4658f4700b91
4.82	6859d123ee94e10e
4.83	7f5f8adf1efca1bc
4.84	29d196b5cfdfc15b
4.85	9e094d6cc7248205
4.86	e862647e5ffaddaf
4.87	0039d2e79836365e
4.88	61761f260ca8b3bc
4.89	f5958d11f7d4712a
4.90	cbb38852fac5bfbb
4.91	992950b49ed905bb
4.92	bb47b3a18b4732e7
4.93	0bdf8bc959044c3f
4.94	4f0d638ccb82b451
4.95	eb54f310cfd8fe14
4.96	9e7dbbe5fbcfb9e9
4.97	56ed706ac86f88bb
4.98	46673dd29f298103
4.99	a7fb0ed9ef618369
4.100	a16ea912d2869441
4.101	fcf01a5d914d96e9
4.102	25635ef602b403fd
4.103	7602ca2772f69552
4.104	f3810f1ea78a6bdb
4.105	64d679d87c7f887e
4.106	185b3745844f22d4
4.107	5fa2427b13e72180
4.108	068069c41f4d280f
4.109	e1e33c8deb6e3cce
4.110	2acb93251ca2823b
4.111	662e3863ada41d9f
4.112	e4ef2ee9f157e28a
4.113	3bc0455ba386f093
4.114	f98d7242942d78da
4.115	514a31af0444fa69
4.116	6dd37212d18cd541
4.117	06d263db928a375e
4.118	cd225380aad13f38
4.119	886548b8fea197db
4.120	5e70571a31bf2868
4.121	1dac25e490acccf2
4.122	1261f1ad8b058248
4.123	52fca7312fab3acd
5.0	a297378b215a19bb
5.1	ee2a62d2994d486e
5.2	5886bfd0e72e8a6c
5.3	6b3a6edb5900b8a6
5.4	2832bb09dfcaf233
5.5	bcd1ac12564018e1
5.6	9f8ce4ff5de91755
5.7	b3576ec7bd3fff78
5.8	c88d1b0adcf3b898
5.9	fef626793152d9bb
5.10	cf87b23d0f70cff8
5.11	17f497df53660623
5.12	933dca1452f67502
5.13	5c892af36b55d0a8
5.14	90f6c8234e4466db
5.15	afcf77162e365657
5.16	87606f11c9f5b29d
5.17	70034aea6dab385e
5.18	ce46bb2b8c560f1c
5.19	ecef0b177820fb65
5.20	636b857cc83aeb2d
5.21	aa025a714a7b662d
5.22	e2457715acb7fd3c
5.23	195ed1efd6ddfcaf
5.24	2f8eb56bd11374b3
5.25	74074cca014e3208
5.26	35b2d6ffc32a2be3
5.27	621e03cba5899518
5.28	8f2f0a01fa834940
5.29	e510c5f0ec3cb650
5.30	e4873912d67cf324
5.31	87747207579ba4d5
5.32	4753e681c1a83154
5.33	0ccf70d0c427ee42
5.34	ac7b3feae9eef81c
5.35	9d1883cbdc645272
5.36	5338377907e28a93
5.37	d7c7d1a70d1f7a72
5.38	8f921d7fe24534d5
5.39	81240a76a4b5a767
5.40	c24a27907a71e4f0
5.41	d2fcaec2d0e62e73
5.42	dc307d03a0a03c30
5.43	81e21022e7b96555
5.44	ac398ffe2be4c32b
5.45	c7746b199fc3d54b
5.46	23d92d594ce49856
5.47	e8cd3faa1179095e
5.48	d2cafb8b0099ec59
5.49	3b7bc57f35b2e981
5.50	a33c4839210d5288
5.51	151aba3252fc9545
5.52	79b3b062b42a0470
5.53	c768e685fd8eea5d
5.54	e7f46f5bbcd9f189
5.55	21ce6e9ac9fa1471
5.56	e7ca20a2970ceebd
5.57	de830df72b536a84
5.58	974170bc6f4038b0
5.59	4d40fc004b73851c
5.60	7fbefec5ac7f4fdb
5.61	33b52f3c733d9164
5.62	1d3491762c6518f4
5.63	726eb2aa1eb994f3
5.64	4da092641a079ceb
5.65	2d084673d1fd6029
5.66	c3e04c139b0ce586
5.67	ab44e48e68c52164
5.68	e6e0805443395612
5.69	689761af36d3256e
5.70	fc6341a1ee00fe75
5.71	e084b6f41df1fe91
5.72	2a4e71e3706f2732
5.73	1215c12adc4cab63
5.74	28d389ad2c55ccb7
5.75	9117f4de50096a46
5.76	1c794ceb550cf5d4
5.77	dd1bb042e259deee
5.78	32a5eb1062d734bc
5.79	2f8716a7abb7c255
5.80	816ac1d5333350b9
5.81	31ef5a2e42315988
5.82	b22da9126476b591
5.83	425dcc6a5b5067ca
5.84	65c3bbd41cd13b15
5.85	c3de080c3c182a6c
5.86	499f097cf704535e
5.87	075438a1651521d1
5.88	bca4e093bff42947
5.89	ada11d9220b4e019
5.90	5f575cafdcc82824
5.91	ce0a91590c15e576
5.92	f7d091c67f78b7b5
5.93	128632848f9bb5a1
5.94	0140924241d4bc1c
5.95	cf87b23d0f70cff8
5.96	65e78406d75c241f
5.97	2ca4288f9e50b018
5.98	08debe16a691bd1e
5.99	17aaabb34b27a3bf
5.100	d1f07e941692fdc1
5.101	858bea7807e6357a
5.102	280d5c9727db8f00
5.103	c82ac8b6f41242bd
5.104	77a30cc5f728d25b
5.105	7bf25aeddba97bc7
5.106	66eef473e03c5b3c
5.107	87ec170e999e7237
5.108	c8a17fdccfdf5a29
5.109	029d0021de418e81
5.110	409c31af951171ad
5.111	ba3fa312abaef060
5.112	bee5a433ae643a2f
5.113	e2839863b7c668a2
6.0	61f5ff2d36dcd42d
6.1	fd0a7d2a64872cd8
6.2	14d36c0e7fe2ba2c
6.3	2c8e08c470eff2f8
6.4	d3029b9fa3dd9713
6.5	f9d71f16e2f67d1d
6.6	61f0201bf3f51ca6
6.7	3d57b33e44c7635f
6.8	6f4d719391610efd
6.9	a9bb448fa11e2809
6.10	f713d735ed35c309
6.11	cb0cfbf5aa26191f
6.12	466b62cf7f3c35e5
6.13	e16c9fab4f1650ce
6.14	0995290f9060503d
6.15	000ac4359245bdf1
6.16	beee46c3902ad94a
6.17	7fdc9042f19f8eba
6.18	b8ed86136e908301
6.19	f873e950ed4e6e38
6.20	dec025c1062c8f40
6.21	cc7001cd3f152cdc
6.22	ab348ec59c538f7f
6.23	411b9e1e89f60864
6.24	d17ed3d8066787b1
6.25	374c473820cae578
6.26	715ac910cb7289db
6.27	84a30b216f8e54c4
6.28	1bb3cc009ad6807d
6.29	882f319073b029b3
6.30	cc59aeb553fe2f11
6.31	7fe6b87aaee930f2
6.32	d232b22a8db7dadf
6.33	739d4239e8cdc0a7
6.34	00fba71eee14ceed
6.35	b5c4badca3dfc00b
6.36	bcec0a3d53c394e9
6.37	c13758b9618463ad
6.38	ed1e2a17a4c8a8e8
6.39	652c0ef547f61fbb
6.40	ce13722352afe4b8
6.41	092b1f2d90c679df
6.42	eb8d0397fc423ee6
6.43	95992af291cfe1ef
6.44	07c36fcd3b3aab4c
6.45	a1e37e10188b35e7
6.46	67e618e8a073acaa
6.47	4b2592bccbae0731
6.48	fc27653e58e56a0b
6.49	4987223172e977b4
6.50	5bc110d7acdf1b6b
6.51	acf17c86fb995b76
6.52	a86d72c4929b94d1
6.53	ac4d680429cbe876
6.54	5aabfddf386789d6
6.55	074caf5c95c5dafd
6.56	12599826e198a2c4
6.57	c12aef7894142c19
6.58	092c1d6a0fe4cec8
6.59	3f4138d03541d1b2
6.60	7cfeca87ab4a3d9f
6.61	0958f0e209a16b83
6.62	4f44ef772bd4fdd0
6.63	10be2a92549bac95
6.64	4a0470bf9509c847
6.65	038d449cfb768c72
6.66	fbdb491ebf082c9d
7.0	193da89feab7acf0
7.1	c9f80a09598da4e2
7.2	684ca7bc5de769bc
7.3	bd55b6344b67caee
7.4	6a9b85e6fd1d7c50
7.5	7c3265a4bc1b259e
7.6	d6183125461d0bf4
7.7	233adb69c8177d78
7.8	39d9d464b8d2eda7
7.9	df6dabadfc4bc2da
7.10	cb10ad6a93f03d67
7.11	3f494f93273b01ca
7.12	963cbee2af62aa29
7.13	4c54eb23ebbc0da2
7.14	8157ccc9f8105377
7.15	461352403fe0ceee
7.16	b8917f37bfd739d7
7.17	683ef135f3d44fda
7.18	101c3e436ea47f4b
7.19	5cb5d0dc8a3fef26
7.20	57fc6e00b200f66f
7.21	48431e298ef70cdd
7.22	6724b07f0aeb826a
7.23	4e368d9a036ef268
7.24	08043012ef194bc1
7.25	8461c9b7fd6a6595
7.26	048c10f54874b602
7.27	a1b268b0055bbed1
7.28	79ddffc74b247e35
7.29	cb4897d743eb2e1e
7.30	90b237a7099eb736
7.31	b83b3792b8e65b92
7.32	6ec76b86013f2939
7.33	9f20b370f590e26c
7.34	891bbbd3a9f3a116
7.35	d388ef49d49290ad
7.36	77dd055983d8478e
7.37	47242b840ccf32e7
7.38	f5c1b310af86cc0b
7.39	4761c2e45dd9ab19
7.40	ad6ec208e2db0d8d
7.41	68ca0ce0c5b1c9db
7.42	b122338ee6145030
7.43	78acd6ed575e5317
7.44	db1a94af24f98425
7.45	56b1e4356a4164c6
7.46	065aa1ad8d9efbde
7.47	eb6c99ad3f488f2e
7.48	509d00e759c56ea0
7.49	df08cc2b52ac2021
7.50	7750a15b4f083d25
7.51	bc9a8c557edbe422
7.52	83b0a71b9a123a22
7.53	03516b5e4864b48f
7.54	a03619d9fb4c7bf3
7.55	a01367989a7863ac
8.0	31394b739d54930b
8.1	f44a3a51b9304e26
8.2	5905ba9d46237ca0
8.3	3d10ef8e92bc3df3
8.4	6e4d230c895296bc
8.5	008344d43055a0c9
8.6	1286fcad4926e4fa
8.7	7b044b23194aa34d
8.8	5fa69d40a633c533
8.9	5cab9b6ad8b572d9
8.10	4ad209cc41b4a51a
8.11	603568c1851eff13
8.12	2889ad309d8913d2
8.13	1420043e216ad618
8.14	065b70cec129f004
8.15	a54f60f8022805e6
8.16	60a0d5add7ecc4e0
8.17	dbe746deedb781f2
8.18	71dfb48f9880fd4e
8.19	499f097cf704535e
8.20	3318af77a262c287
8.21	f1bd776cf227d5c5
8.22	6b13376eba739efc
8.23	c3291478960add71
8.24	b40afcd59b04f877
8.25	f0c48db297287edb
8.26	47f0719ede225277
8.27	aedcf3daaaaa6efb
8.28	564e8bff29bada1c
8.29	b5260982036fca21
8.30	f3b9f06153f30750
8.31	8f4d5984dd5996e1
8.32	31d06fccd6e0ce4a
8.33	a2a5bcac14bee437
8.34	b8079469c4d6a414
8.35	b8f3bba0fdaace42
8.36	cd0426087528dd37
8.37	2e248bf3c86393e7
8.38	a6c39d04de3387e5
8.39	1361ebde48575ba6
8.40	d4c64750d29c56f8
8.41	bea6ce8b5ad36398
8.42	2bd2b7c852760867
8.43	be0a5487e4d88186
8.44	e39d02e36d01920d
8.45	5f4c4318fa533123
8.46	1318afeb1a763650
8.47	cae17c30b82f6fec
8.48	09d51945067aaf12
8.49	ba715386647a1260
8.50	b597d23cc0e07779
8.51	a1c9d70cca743099
8.52	7424050703a78bfb
8.53	e72bda4ac68e4007
8.54	e73451d6c16faf51
8.55	f95638ace99a116c
8.56	316101b975c5ad23
8.57	c6e10ec1f495dfb1
8.58	62b65ffa4654a359
8.59	36dfea565c44968b
8.60	c396d7112e54afb5
8.61	b1c1f155f047e231
9.0	630d68c3240da951
9.1	0fd45e9d20f8cd4a
9.2	b5cc531c3a0c2c93
9.3	47e7908c9faf3b98
9.4	dc31632a18ce3416
9.5	19d41c476de4754f
9.6	f263e178132536e1
9.7	50cf2e40af1f1516
9.8	ca7b50f5cf7fb72d
9.9	1dcc63a73f630870
9.10	30f350b23460f976
9.11	c990b153412d4e06
9.12	bda41e80ad6de59b
9.13	83271f3e838e5f66
9.14	ba9576c46bc21d81
9.15	991ed0012c057596
9.16	e0ddd268df10820f
9.17	31f5bf1ac99dd620
9.18	cf87b23d0f70cff8
9.19	75e277b56696273c
9.20	ce12800e7e222624
9.21	92ccb614b9e59280
9.22	5347e133fb598eb7
9.23	64b66ea1b41b6aff
9.24	689e05a4050def5a
9.25	4c7b7795dbfbc9bb
9.26	222a1b07a5658074
9.27	e2705253eb012c37
9.28	87d576c0f6901f21
9.29	847f2e647d72bb24
9.30	e1c44315b7a33df8
9.31	23cd7bbed43d47eb
9.32	9fb287283174fda8
9.33	4db13e368c08cc3e
9.34	d960128e1a5dcd79
9.35	3aa60d39cf78cb56
9.36	998463954d5edaea
9.37	e8181ef9f8c45d43
9.38	762f73787ac5a7fa
9.39	3ede3fc90f0e25cb
9.40	4696bb2da8d54675
9.41	875e562eaa085851
9.42	7db84e8e6d76499c
9.43	955c782395493228
9.44	1673ef510336f620
9.45	7b38b90bc902ef51
9.46	28981056be77e845
9.47	973bfba85be54fe1
9.48	789dbe70ff2a2ecc
9.49	ba52299c4e1324e4
9.50	1934ea0eee8c9eab
9.51	e19b2053c81ab0bb
9.52	da5083aed3918037
9.53	92e348df1c1d6d49
9.54	563d3ec57a0c7f2e
9.55	cf87b23d0f70cff8
9.56	141967318059a9c9
9.57	af353a070a6632b4
9.58	9f45d9e1ab4da152
9.59	b0f6d62c332fd642
9.60	c2cc37ecee448f31
10.0	a8b887f0422c96d9
10.1	935394e6aa875697
10.2	b16d1eaa7dc52677
10.3	1f8428be8f339974
10.4	6c99343b1b4608b6
10.5	ae3560d7c48ca8da
10.6	28eaef4be2a34f34
10.7	4c927dcbd59bf0f7
10.8	a93eca572d66a20f
10.9	949a86663a2b2b29
10.10	ba27f26785d4546e
10.11	09214458f875fde4
10.12	ce9202276acb6cb1
10.13	453ca29815780218
10.14	a6bce4e2a77e04f7
10.15	3c1d4c2d87fad321
10.16	5e23989a4b4a02da
10.17	3f4705d7ceeecae8
10.18	5699e03f436aa0c2
10.19	ff5b4d9367a1b65d
10.20	f602e56aa0d3825c
10.21	b3ad9fbad0ee68aa
10.22	1dc134ad29394e7d
10.23	b4d04051075ce637
10.24	74bef21f7d80248c
10.25	f816bdb6190de3f2
10.26	0242816a65efc08b
10.27	5943eeb1de1608a9
10.28	b46ffcf73b0c3631
10.29	84ad9e4a80676390
10.30	d659bd1ce648d45e
10.31	c7a507ab21ae9c42
10.32	17615b4fdff34410
10.33	f0f050e7904731a0
10.34	02622b5b45d79a3c
10.35	c094c0a1d5e4c013
10.36	e45a1aff64a3cffc
10.37	3fba4722a18893b2
10.38	c9522d25d33f7f58
10.39	7736e607b2462c78
10.40	739ec84640c5ee8a
10.41	7fc19a6130cf0d01
10.42	5909d2fa57bd5f51
10.43	3f6b06571ec5a29e
10.44	dd0a39c2cc9475d7
10.45	5bf20b4b3e6a71a2
10.46	18f1d63d7a2a0fa2
10.47	24970447e2bf35e8
10.48	074a45320d90ec48
10.49	18a337cf8af72417
10.50	36e9438738c697e4
10.51	632bba4efd848e98
10.52	cd17960569240414
10.53	9775cee82fbbb318
10.54	577e0f49f4fb552a
10.55	fb125c95bed7b7d0
10.56	669ba9bea6a997c4
10.57	ad297eb870aafe31
10.58	103a52b25cda01a6
10.59	369ac0c4c236e619
10.60	a2a44b5904c324c3
10.61	7a36ba30e6d43a7e
10.62	218d7baf46c4b21e
10.63	d875e1b78ebd2583
10.64	ad84151944acbee5
10.65	171cc965da677617
10.66	140683af7954fd62
10.67	548e41aaa9804dd0
10.68	ce4bd0ae17083f4e
10.69	4393a231b1b3996c
10.70	3975f1e14e75eb60
10.71	b820d2311bc4f45f
10.72	396e4af5fe8aff59
10.73	21c407df2f653311
10.74	99c4f01f7bd60a90
10.75	3795fd712f86a77b
10.76	fe89d9792b2c02e1
10.77	154c9e52d601091f
10.78	57ed40b43ccc85ac
10.79	841f151aec393a93
10.80	076c43ce1392303c
10.81	30b8edba2ba6ae8c
10.82	db7ddc34e2527f13
10.83	c332541e0266ac45
10.84	ff6c13f2d49f1e68
11.0	4aaa0c9edccb5a4e
11.1	cdc216a79d733389
11.2	0435fd0c4fc4c746
11.3	059ee2eb273064b3
11.4	785d27111353ff9d
11.5	f572e4616c941a85
11.6	cf87b23d0f70cff8
11.7	8af3ab5c7e0b3428
11.8	6ce33bace105aabd
11.9	159ea0d358b2f17a
11.10	813bcb6d33aa9bb1
11.11	917d6d50158df15f
11.12	9eb30e209ef76991
11.13	ffabc0fa29d69db3
11.14	2e4892e5296beb5d
11.15	9987c92125ce8f2e
11.16	94e212b23acf8921
11.17	e1588970640f9b27
11.18	116af96353bf34ca
11.19	b4f5a0d15cfaf96b
11.20	c3f5196b91536b15
11.21	0f97635f3a21ab02
11.22	ce77c53643a28af1
11.23	b758bffa3e2754a1
11.24	473947c9ffe35a20
11.25	b75d113e0cdcf3d5
11.26	32209894b2d797a3
11.27	ad36026703610320
11.28	4af07bef9963399e
11.29	e21ba81c6de099ff
11.30	6423656ba9aa6a6d
11.31	d1b0a92ebc4c5630
11.32	b754c60926a195d3
11.33	61883c2cd0582e00
11.34	c3d8c3672867ef9e
11.35	0bfe22a1cccfae59
11.36	4c7af32fd2f72cfb
11.37	63895fb90b7a7ee0
11.38	16680b6fa4f4c912
11.39	30a869c600ce836f
11.40	2e906c54542a238f
11.41	ea8932941048edf5
11.42	daa5d4af2da4a9da
11.43	cf877d7145102e3b
11.44	4718fceea8b6adc5
11.45	7426a18785c4ccc6
11.46	af910f8aec5e9313
11.47	70f799bfb2727b01
11.48	7963e91560b4c112
11.49	af207fc8333e212a
11.50	5d11231cdb474088
11.51	e6c2a98101aff11b
11.52	6b6ad8cae517fb02
11.53	6163538703338ff0
11.54	79fababa3cb4394b
11.55	9cccba965051ac18
11.56	40791af7431e565c
11.57	44a0bd83c62f551d
11.58	c4bf8520817d5338
11.59	ef2650430aec6c91
11.60	703c2540dc708ca6
11.61	b779b637aeb1ddde
11.62	9714c401a8635a98
11.63	ab2b2a26d973bfad
11.64	2d002e88592522f2
11.65	8241c2bc5735824c
11.66	8b775c722161c8c0
11.67	dfdb433debb8a79e
11.68	c5a65699be6ef1da
11.69	68152aaf1fe802f7
11.70	ee65718d5a4e5223
11.71	aafd2d2b1eb21d91
11.72	3c3003af450cd301
11.73	6b2f999c1544e796
11.74	e657d33ecdefbb43
11.75	d7bb128898f5521e
11.76	3f5c4091bfcf596d
11.77	c951e9d0da9a3de7
11.78	ae182e5eaeded8e8
11.79	c0fa71b2b377254e
11.80	5b8db0e6a4af9760
11.81	a852b26d8b40b2ca
11.82	1114629d75389454
11.83	c45b02e301637c03
11.84	6a9cd61b669173d8
11.85	7d3827a4871c5ba2
11.86	72e3d925166768ff
11.87	be607a60cd3fe317
11.88	864cd325cb000d81
11.89	f5aa6cb55860c426
11.90	18738f6e7cf620a4
11.91	7f28b16eeb53628a
11.92	eab40a967f75de56
11.93	6ee4c19df6fbcba3
11.94	e0dad4f1e0e92cf2
11.95	bae3de9a769c7bf8
11.96	7dd762ef494a9a7d
11.97	323b64c23391effd
11.98	d5f1af5d4715292b
11.99	d0083943abb381c8
11.100	0fd663051ba899d5
11.101	be4f45be94498560
11.102	fa5b2b7da29712b2
11.103	ce0291ee7235a3a6
11.104	e0fa101a922b854b
11.105	19937cd62c5bf0fa
11.106	f61d5735f3d2b50c
11.107	e774a76aa09e53ab
11.108	725c853963cafd36
11.109	d335bbd9a40d4d95
11.110	448d6634f5d2af6a
11.111	2a4d141fcbfccd50
11.112	bf3d73fbd0d14b27
11.113	cf7759e38f260b9d
11.114	298e330477e26747
11.115	226c53fb3a3301e2
11.116	15baaff5df5722fb
11.117	b7c8b5bf81bda952
11.118	1ea33b92960791e4
11.119	17de8242d00add72
11.120	f99104bf2cb7b153
11.121	f9fc83a300d2856d
11.122	d8fe631d9fda887c
11.123	2362bdc82b28f4a0
11.124	313d6a9b8dea840f
12.0	fb4c9cc694db34fb
12.1	c032c36b758fe6d4
12.2	8f1cc28935b8e5ce
12.3	bff3b66c0295650b
12.4	76ee927fc8e93dc1
12.5	64ab73ea6773b1ce
12.6	5fb88b8e7f673527
12.7	6d59d4cd9057ed76
12.8	3ec3776e459e2398
12.9	f77c3f5c638fdfcd
12.10	55da2237ed14c858
12.11	ee7d103e8283c7c8
12.12	85d27a135a510f05
12.13	54a21008b45295e3
12.14	6691ee268b0c5f82
12.15	04742a5b676e4f5f
12.16	0d803ef60cc7795d
12.17	ad11edb460923a92
12.18	9c6d99a4e151de14
12.19	1f8f9e7271dfe68d
12.20	a6f21b526c7eda5d
12.21	abb11e54095e6aef
12.22	17d83c38624b237d
12.23	cd7af5dd2195b0d4
12.24	049b1fc49aaadab8
12.25	f12a05fcdb7b06d0
12.26	bf6d8f27513097d3
12.27	f86326567d776a61
12.28	38f5f7e95fdaa490
12.29	1bb0b81d89a1c12c
12.30	c15e20151799268b
12.31	d82314a1998bc160
12.32	60a8d1f0e25dd917
12.33	da055fc72cb432b1
12.34	a06fcf42f6466d91
12.35	52c1274872e5dfa9
12.36	d3c5197e133739e6
12.37	0c89361ae2fddfe5
12.38	371e13942bd84798
12.39	6deb59ca2f12c91d
12.40	15a2b4651cc09c1b
12.41	38f5f7e95fdaa490
12.42	c27688d6abd06fad
12.43	a06fcf42f6466d91
12.44	7f5fad9d23e8cdc9
12.45	6486be175d0810c6
12.46	890915a11d31e5e1
12.47	1d1223f84805c477
12.48	54154e1898d1fab4
12.49	40c7e41a5370c5de
12.50	e8ccce00270462a3
12.51	330f7b87cf4b85cf
12.52	18fe7aacfb0a6e5b
12.53	ea666f4c2dfcf5ec
12.54	27730fcd0643f186
12.55	d685e474e86cea91
12.56	8c88a1a39675a4ce
12.57	90921b873a4cfcc1
12.58	9712d2b7317091c4
12.59	6ab02a531cabb730
12.60	771da9ebfabe8b8b
12.61	e5ba41169543cc59
12.62	9efdbf7927f37681
12.63	3637d3ec00f1818a
12.64	2800eec6174ed00e
12.65	a8c7cd61b7b58365
12.66	e94d2b667990db17
12.67	9b0403d48682033e
12.68	40cc33c3479bdcd6
13.0	19dda1e96d650154
13.1	57c5aa972ca802b9
13.2	5049fd365819349e
13.3	b10144af48b54f5a
13.4	1cb7ae48501e79ce
13.5	b1662ee35f7745fb
13.6	464e3cb66f791d9a
13.7	6fac9023e04e13bc
13.8	055a077834cbaac0
13.9	59dc88f0fcc697fc
13.10	95857bd0abb4488b
13.11	43de385e8e557d94
13.12	1ab99ddca45a110c
13.13	9e4a1ac8354a66bc
13.14	49ef9912bbc913ca
13.15	6500820ba26f4d6f
13.16	33daae86585761f9
13.17	5ab7888e9e7dc7f9
13.18	e970ad1d6fc49fcf
13.19	93031021d61d9d84
13.20	e3a2d191011bc76d
13.21	f557e599a4db43bc
13.22	15205502051b6b4d
13.23	6e39238c72d17605
13.24	bde2dab4e1a54eb2
13.25	cd66a0bd43521aaa
13.26	cb445d8368816125
13.27	e801f943476faea2
13.28	7d51d34d5a247bc4
13.29	530f4142d2bf23aa
13.30	2fc1fa1c7a0b3863
13.31	f953dd414b26a652
13.32	636cada9617f0958
13.33	08910e5f917470f9
13.34	38f5f7e95fdaa490
13.35	ce57d959a958622d
13.36	4847d42e099eb8be
13.37	8a32d28d81f2139c
13.38	2c46ace272cf6cbb
13.39	bb76519004ce28b0
13.40	7c9f789e47fc706b
13.41	314261f34c16a8a3
13.42	a06fcf42f6466d91
13.43	56520e805f6f1c68
13.44	49ae0b068fdd8544
13.45	dfde5897c2a90382
13.46	5e82c7ca803d4ac5
13.47	5a61b1d0fa7b8bda
13.48	663a381b8f37842b
13.49	a391e3861510cda8
13.50	f25541483567b98e
13.51	7c9f789e47fc706b
13.52	2b67ffcecc729ecb
13.53	10b349e4b71009e0
13.54	d40b57fbd622eebd
13.55	ada81a460ca3c02b
13.56	0ee7adfbcab9fab1
13.57	6fb6c26f2d3bc382
13.58	458d9959147e659f
13.59	dcd71c0df85eaf33
13.60	52c80e8d4d7c363c
13.61	2b79c462f62cbc0c
13.62	01b5480bc0db4fde
13.63	20301dc6e834a271
13.64	4b54de5e445089e9
13.65	6b46f3fd5a27abd5
13.66	57cf9e655471dd20
13.67	3ac781944bae3ff2
13.68	38f5f7e95fdaa490
13.69	4054c61a660d0f59
13.70	4dae425e5ad5806b
13.71	ab4e1ed0669a7d5d
13.72	93e7bdb9a55f3e63
13.73	e9ff2f58b1c0b198
13.74	b725f8887a4c8fa9
13.75	590a3c8757030667
13.76	3de8214acbe811d0
13.77	b78ecca9f9c7b733
13.78	5de5c8f55826743a
13.79	1f81484367e0b618
13.80	83998009791fcc08
13.81	140683af7954fd62
13.82	6c4f10d5d224656f
13.83	e0343257297deec0
13.84	89a54481ef5397c6
13.85	a5ddf7593822b13e
13.86	558c1253d61605e9
13.87	8ae48b06e6137df2
13.88	7a958b9a4e9f8e2c
13.89	4fcbce70c806d1ce
13.90	1251c407fd6dea39
13.91	164f12260f653edb
13.92	35479dfca31beeda
13.93	55219f3a3a67b6a2
13.94	539f22a45accb6a6
13.95	cf87b23d0f70cff8
13.96	db471bd772e52fba
13.97	54a883453209344f
13.98	fcb1b6ff57649b01
13.99	1ee6d2f461c857d3
13.100	0e022510c1f486d7
13.101	38f5f7e95fdaa490
13.102	86406039fee359c7
13.103	33117922b7c588e5
13.104	6dd54fcc2d7aa886
13.105	b0d0e930b115d4b1
13.106	ae35c189ba4ca0a1
13.107	2a00c2805a9d4895
13.108	2e4bcd4e4a12ced0
13.109	f6cc50da9168fe07
13.110	5c8e656e9a2ff2e5
13.111	1aef1aba0164d987
13.112	bd9e951af9158354
13.113	d85854edcb56bfdf
13.114	4baa224a4373ea02
13.115	30354eb06b438b81
13.116	5fb5f83c658bb15c
13.117	44375048b6d14d39
13.118	f3478ab248fb4057
13.119	e65bab9b6ea15f4d
13.120	fdca8e3c264df33b
13.121	7f2ac8125b724da4
13.122	6de4bbd2514739fa
13.123	70b7f9528f1a5000
13.124	499f097cf704535e
13.125	36776d399a86d946
13.126	289b3ee4b4a7c8a8
13.127	6d08a8e244983b87
13.128	7c046f6b6888c77f
13.129	46ce6aa280b38efd
13.130	d4ab72c0876cc6e1
13.131	8c394a4bad94d11b
13.132	523fd7d0825346a2
13.133	5e57ed462a61467c
13.134	10c9bc31014e0a84
13.135	57f8d864aac55c10
13.136	1a0127caad06f251
14.0	7aa7f37d011d9032
14.1	c46e1d24cd95ac07
14.2	371a4fd9ff882670
14.3	a5f2feba2a818463
14.4	a15db8f7fd323deb
14.5	92f4cf5da8bbb290
14.6	5e2723f4b3a3adec
14.7	1225f472325dfc0b
14.8	1510212f1cf73fab
14.9	67ffa173f6e3f99e
14.10	0b7efa3a39b76296
14.11	45c01f0bd646efd0
14.12	2eeefc0f5f32755d
14.13	836d06d8b111be5c
14.14	754b81d828e560e3
14.15	c5f5a700f524876b
14.16	f9ef595a8bb12afe
14.17	775f602e27a53633
14.18	3aa1114af503e83a
14.19	f7b94cdeca556a11
14.20	c21d7d2c861440c1
14.21	815ab84bb2bce256
14.22	26a1053f050380c5
14.23	143e4761c0904501
14.24	1a10159be1e2eacc
14.25	12c638f3b08f3446
14.26	5877912cfa264779
14.27	4d908b47c44ad7a3
14.28	9fa9fa8a3f1c2dca
14.29	6eddcfa0651ecb37
14.30	84c1e322fc4ad744
14.31	52298f026993c178
14.32	5bc21fb357f30f84
14.33	2a04554e7d8980c9
14.34	9731b66d8154f02c
14.35	ba57d2c23b085b29
14.36	efa2f21f800bd190
14.37	3f0a17d94fbb2936
14.38	14618a47522cb0ce
14.39	11e32019f5c397ea
14.40	4ecdfd2b00ab2692
14.41	34c389da80c36e2f
14.42	79273fbc522efd6f
14.43	94acba4af632ca88
14.44	79e56cfec540a0f6
14.45	135d4019b8bcc9ff
14.46	87fc8c638293cc26
14.47	307d40811b51ab1f
14.48	b3296079b4197b69
14.49	c51e16269005c03c
14.50	bff3b1b294fb978e
14.51	0940cf861359358f
14.52	557fa73ea4a03d5a
14.53	5ef3cff55a426361
14.54	d906bd416593bcec
14.55	370a1c485cbe42d2
14.56	3cd5c04efebf39d3
14.57	6656221e60acf4fc
14.58	253c6524020d9c99
14.59	36fa9126c925b1d4
14.60	920d4deb6b47e198
14.61	4cc4493cbe4e2f6d
14.62	379eaa6e986dc18b
14.63	7a4f9b9ef05a9e76
14.64	7eee77a32f0e8519
14.65	39f1261242e72980
14.66	a5a1cd8ec4e5522a
14.67	116683956d08e81c
14.68	a65f28dff7ee9956
14.69	7d0b56d5b35ea43a
14.70	4f187f10f0b8b024
14.71	5117f5b67c4df495
14.72	d91e853217c25149
14.73	ecd4f05fdf050a64
14.74	5fc5ec8969859eea
14.75	de0f60b8cf63fc66
14.76	ccf0785d58122807
14.77	5bfa567c77d3567c
14.78	80f368f6741bc996
14.79	4b09124f05c32fc5
14.80	5b3e80132104c07f
14.81	07fd85b255c9b791
14.82	2ca7780cf752fbfc
14.83	d48e86e99b8fb5e5
14.84	2dcbe5530ba0a75d
14.85	e1e9e02bbe4cce8c
14.86	b6f8b891d1d4dcf1
14.87	363b4129a3215cdd
14.88	04c11d8143fb1f97
14.89	9eee848ee5cbb55e
14.90	2a6bda57d8235c1e
14.91	4afdad23550c4f87
14.92	89b3077305efa647
14.93	0c64eab2be3cb76e
14.94	cea03b17fdc65688
14.95	92c0eda16c109228
14.96	9b05cbdaac01da8a
14.97	0e792a0a8161d6e1
14.98	092081b9d47bc68d
14.99	3cc17b2134d47c0f
14.100	62187f1b28adaf8a
14.101	c5d130612a49ac7b
14.102	799985da3415cadf
14.103	b0fb36ed99315c71
14.104	dccad7459159ba89
14.105	f5a4f19f3c5f9a25
14.106	b11b8ba90428812e
14.107	69794a75fba44f25
15.0	a7c2d1b167a30f89
15.1	5085afccbbaf5dbb
15.2	e7c3ae6293172148
15.3	8da0237e7c869b63
15.4	4db8243dfdcd87f1
15.5	2f270012a0226928
15.6	59d22456a1caf4f7
15.7	f0a03da306bc1f2a
15.8	57f4c30d446575e8
15.9	1295bd986c451170
15.10	96579427e30ad889
15.11	acfbfabd9bdff886
15.12	098d45c0a7cdbe11
15.13	678866916861472f
15.14	808fbd6bb51d366c
15.15	d2e6b795d54111fa
15.16	a66b765bcd4b0ea9
15.17	c74b9e8eeb8ae274
15.18	e3c410327d7565df
15.19	1bf3b1654161fad4
15.20	ae7969e10d86f6e3
15.21	967c1e04f42359b8
15.22	bc4f36ce6f9b0663
15.23	b0cfae34d395c261
15.24	9b61e2e2712f549c
15.25	ba131e67edaaedab
15.26	5bd367dd500b2b04
15.27	691275024f3f0d23
15.28	4964ddb35eb8c7b7
15.29	e649814db9f2dbbb
15.30	64a298ac83e511ef
15.31	38cea1db5d5cfcf0
15.32	6017ac7c26498831
15.33	564b2fee3766d5a2
15.34	aaeb9e481a295756
15.35	5666460869db5753
15.36	b46a29688a386880
15.37	1527ba8ec7ca0196
15.38	aac47f19c96b2b5d
15.39	7879b878bdcfe7b1
15.40	e698199d514d6e2d
15.41	bdf5e299c614dfdc
15.42	03bec6d23cbea6ae
15.43	ef5796dc76cf3051
15.44	2d2c0175f11b0083
15.45	1c92bdc9bf2d876d
15.46	6402c16565fd47cc
15.47	ca00ff07135bde49
15.48	075d95684fac53b3
15.49	881b6236868f1077
15.50	a07b3d3b51962d7d
15.51	fd22a76d0988c758
15.52	7d26fdedb778d907
15.53	1bfdf35671952cb0
15.54	5b5d391bae019043
15.55	d80893b129746453
15.56	007822b1eea9a071
15.57	30514977768af611
15.58	956fc2ff914e8e0c
15.59	ca4fb4e2f3f720e9
15.60	aa7280ba3d099fd5
15.61	876a76ed50912961
15.62	28cf2c7307c357a7
15.63	5c7f0757a6c976b4
15.64	1d6fd8eabef5fd64
15.65	49c7b9231aed5de4
15.66	2abe5dea08f52f64
15.67	7cd62a5533564846
15.68	8e88585eb2b86372
15.69	6baa4bfc5ebac38a
15.70	a09b5faa6c0cb341
15.71	9e5b47529ea58638
15.72	43547ea20f337c7e
15.73	f5ab461064ec98f9
15.74	1709a4f5c156a22c
15.75	8ae2c281ee965575
15.76	f154af4b15e2db24
15.77	35b800453cab2904
16.0	2cf6094ec42fa59a
16.1	d218002657e367b5
16.2	5024eedb6d033a05
16.3	e8934cb3595c1986
16.4	b7e871f09908d226
16.5	45f03a93e426686e
16.6	f538c9b7ac4c139b
16.7	c2ba858ade6ae9ce
16.8	14b60ecc6d9cecd7
16.9	01472f7a0c8d433b
16.10	c9b8194633132e03
16.11	e8bdfce3c13c63b0
16.12	114aa3e35fff9fb5
16.13	e4f11a8efae3c6d4
16.14	694bc7f5fb7b2b91
16.15	ef48851d68ad2ae5
16.16	03cfa6960721969e
16.17	6589041539d396b5
16.18	72ed49517f9a6a24
16.19	3880f3691bad6327
16.20	9bad2d382a044a3c
16.21	52271eb1628ceff3
16.22	798c0ac640325838
16.23	ddca871698ab2b84
16.24	1e17a26db9705086
16.25	b1c6d7fcd4e98cda
16.26	6b027b5d521c2297
16.27	eeb2eac6ca4a5a91
16.28	30a11c46be63894d
16.29	263e7e67e6ee46f0
16.30	8c3b60739eabd3c7
16.31	847b2525fe17fada
16.32	097e48c6948248fd
16.33	761ed50d4c8dfdff
16.34	26d033c2562920bb
16.35	3cf6bd53a52f7924
16.36	3e75a0c8390c3ab5
16.37	8cece31d3840e556
16.38	e526e740b7799378
16.39	21e72c2e210695dd
16.40	eb8b655fb1c8bb09
16.41	84697d215ec52b3c
16.42	8b27822c1e5b364e
16.43	915264366129a82a
16.44	dfcb2c23be3e5976
16.45	18ac925bc1976a4f
16.46	d6baffd0e4d03e34
16.47	a57047670ac85b34
16.48	b03e692bdf3dcc9c
16.49	6b368c9421419df8
16.50	d94471ea4390bfd7
16.51	1f3d4bfb0f10cca7
16.52	5c49132fd582900a
16.53	a5ab55231a5608c7
16.54	f81e8086aaba5418
16.55	8d07a3af3cac4cdd
16.56	0e2b8321c51a1323
16.57	c321a45c1facbf8b
16.58	823ad9f9a613db49
16.59	fc0634b376383335
16.60	3be2173956ae240f
16.61	4e156834c5773216
16.62	c6fd8341ea9ff586
16.63	891df7d7da40a989
16.64	8864d36e29443752
16.65	5ee431b0efdf9451
16.66	f78e527889ce624c
16.67	2f95896174857792
16.68	6575ea2b0f1ad0d2
16.69	412eb9541566c873
16.70	afd2e22f8d7b2341
16.71	bfbb1cb722af52b0
16.72	9910fdb97a2612a9
16.73	ad0c15a78466ac2e
16.74	d6682dd6e4276a88
16.75	c8e0c034ee2dfd36
16.76	6d31db493e38c965
17.0	7292457737581172
17.1	14854ce591d88599
17.2	460ee7c44a0b467f
17.3	5d98ffd1d055bed8
17.4	bdd79ef1afc8b857
17.5	a5f976990c1dcca7
17.6	51e3be8d8ae134d4
17.7	19372f972682ecdf
17.8	9da685b26bd6eeaa
17.9	f49e2f3dd37bad1e
17.10	30afa0be899b5ef6
17.11	071c84a94dd8262a
17.12	90f730d54e91de71
17.13	6db1d5c94e05ae8a
17.14	692d33db89024235
17.15	19566fcf632acc13
17.16	83660c47c083abda
17.17	caf795c494703021
17.18	04b20085a3237928
17.19	bae587bd15c14200
17.20	cc54353a4b660b01
17.21	931e08fa563b9eb1
17.22	ca8bcd33139362f2
17.23	5c5aca094ec6c5a8
17.24	cf3597f11464f0ef
17.25	f232df3789a695fb
17.26	7eec351fb4be9ac5
17.27	9c69df43e57b4642
17.28	bb6bd14b9ff6b73a
17.29	f1e3b58f1d018474
17.30	463f97c0f4288d7c
17.31	5b36e0219f07987d
17.32	eebb145ca58b9581
17.33	ad06245789e96e95
17.34	7eabdb70c60b4153
17.35	fa0637124e939a8b
17.36	6accbcbfe5c8f219
17.37	3d39b728c6321f4c
17.38	9ac9bdfff4295db0
17.39	03028e3f86cb80ae
17.40	2f4cb4298fa04492
17.41	36d9975da6dd1a5b
17.42	b051f1302625512d
17.43	7ade526e3046212d
17.44	510423cc170e36de
17.45	0babd0edc2b996ca
17.46	df94b31e84e1e137
17.47	324fca57b2804451
17.48	c24c285f57c3191d
17.49	a21f108c2f152730
17.50	186b2ac3bd5a4847
17.51	cdd2013c31c2a323
17.52	de685335755f1548
17.53	b50a725b53aedb01
17.54	72c3c90be6d4dff1
17.55	582a384f2135bd4f
17.56	0e2adf2113874066
17.57	fefb749d0e545558
17.58	4f20ff2e6bb8eb0a
17.59	a63441dff9024d6e
17.60	eae443f2bbe77885
17.61	df8d3eda4dfb6cc0
17.62	670cc205a6b9e633
17.63	a553f8fde6045afb
17.64	22827493f98801f5
17.65	85eb1d311f1b68d0
17.66	9451ae58c1d12056
17.67	f125de6417742f6b
17.68	bb7bd683a770c5ff
17.69	52b3eff98eb4a9b6
17.70	188a1ca8a2111d2e
17.71	eb0081a99fc6ab62
17.72	55a7be2510179f60
17.73	25c8004c219f2fe9
17.74	223a714b68046e49
17.75	5a99b0cab410d2df
17.76	8eb0bc58e5ad2986
17.77	1f6a9e3dafd79f53
17.78	35a9ea2a3efc29e7
17.79	6cb2e11d5eddd135
17.80	080ed47cb9d7e264
17.81	afd8ece1d8dbc673
17.82	c4ecf1c0a51513b5
17.83	06ddcd6629ff00db
17.84	8e4be832f16ba497
17.85	6ef92f9631a01829
17.86	4308db155b2f696d
17.87	837c7366d6f78fb6
17.88	8e9895ed6523836d
17.89	c34bb3883833adf3
17.90	5a3082638c9bf3cf
17.91	bed8c1bd42684167
17.92	dee372eeec38a829
17.93	aa47a729f2fce2fd
17.94	1773e3671a984f74
17.95	3d71a53397bafca6
17.96	060ab35a49db33cf
17.97	18dda1f0b94ac3d6
17.98	70ac38e2ec140a99
17.99	68f31cc16d4df5ad
17.100	99fd1eac32567696
17.101	2f1f07dd46b35d0a
17.102	dd3a92e7e881287d
17.103	b71b0ec1c27a8fa2
17.104	a435e6c4a98f2181
17.105	cbb5c480dfeb7d9f
17.106	22ec9aa883e69a2b
17.107	e1687762ba3ed194
17.108	40933b3dfb5c0fe5
17.109	023751d20d7e6c6e
17.110	eafe4ea85c60143d
17.111	b52bf0b55951d2b3
17.112	3b74a5b38295e4a6
17.113	d2c43315ae776405
17.114	4f54cba27a0a2ca0
17.115	737336d356399341
17.116	a2e729687df26f33
17.117	8179d3cd6e2cdf37
17.118	b55d440548a7ba85
17.119	15991a6a5dbe595a
17.120	de5ddca44abf08e1
17.121	c2e110eb085f1867
17.122	b0cf001826b201a6
17.123	757ebdaf1187fe29
17.124	ece1275ad47995e1
17.125	f883ffdd7165bf36
17.126	df07f7776485b65f
17.127	4b26680f84d3ad3f
17.128	ab9f8514cfceb7a4
17.129	400986993aff9853
17.130	3ec1182d48d80e2c
17.131	7e34fbc386ea2767
17.132	5aec8270b3e4ccba
17.133	dac1dc22aab51249
17.134	624bc7d70aa1c790
17.135	5114a26b24742197
17.136	11bd4014a0ac7830
17.137	ba82692b43764aae
17.138	d1e7ed50164e9d25
17.139	2c787b7a27376d75
17.140	43c8d749156192b0
17.141	f9d9b97f8bba2002
17.142	7509f436fdc8f267
17.143	9ba7af1932f38281
17.144	f7b99e89969ab607
17.145	b1f8aa53042cb965
17.146	473ba475eaff35f5
17.147	e321cd35d728e30c
17.148	d35d66611795f838
17.149	727269d95719b30b
17.150	6d46761a876e891c
17.151	b5a622991cab9c08
17.152	1d0294a7e4b55284
17.153	598ef099f77d1b8a
17.154	160dbb585aac3343
17.155	c0409ba236eb24b4
18.0	d2b9920ab16de1d2
18.1	0f6bb26613181ee7
18.2	0a755923bbf946ac
18.3	30b036e5447e10d1
18.4	080e3a6ac7497cb5
18.5	b1f9b1a2ed4133da
18.6	f0208ed5b026897e
18.7	ab6fd8aaab5d3327
18.8	20a732eca08d6a99
18.9	5eee850dfbfe9f74
18.10	e109e311959d920b
18.11	613942f2f04266c1
18.12	7942884bce8551bd
18.13	66c41c3ac87dcf47
18.14	c6d9d5343173cfbf
18.15	d718461d21da41ca
18.16	d78e1b58a161d548
18.17	ea6d74d3f3a1cc57
18.18	75bb1b3a99e1f093
18.19	3997ef30299dac50
18.20	e80473676bae6552
18.21	5e6adc633ccf2f1e
18.22	0bc8909b7bc0a38e
18.23	7f46b077dc3c093d
18.24	3d42ba416164ab38
18.25	1ff28ab9a3bca531
18.26	b75204fbbae86b15
18.27	e724624c7aef0ae2
18.28	6e2a2b2ca4383f97
18.29	3ed1e8a8895c7f34
18.30	161624e4ebbf2ab2
18.31	0e40574636f04c06
18.32	c2170fc53f2016af
18.33	e01aaa443cb6a6f5
18.34	5adc8ab94bf0879b
18.35	5964ea71f4310fb7
18.36	4c868e6c39ffdd4f
18.37	faaabc3a30ba0b4e
18.38	bce65c03c670b9f2
18.39	c3eeae5e99975b80
18.40	f23bdd129c051246
18.41	5bc034d962725819
18.42	3035f5e2ab35392c
18.43	7feb18159de4868b
18.44	b508c2b1236d9bc1
18.45	f1d986a315d6f145
18.46	7aa7408c9acfc808
18.47	63a53b549f5957ca
18.48	bf38205348dfe41c
18.49	fdedfe1b011fa9a0
18.50	174bde65cd1037d1
18.51	3a3084c8db520f3c
18.52	f943b8d4135494d0
18.53	016da5855ecb212e
18.54	f9c9000c689edd30
18.55	604475e970577659
18.56	c24961bef6af6214
18.57	5b308a1246c3cc03
18.58	51a1cf2dc93bc746
18.59	f059ef59b4487f93
18.60	511aa73adc7e4f70
18.61	675a78c24b2ea2d1
18.62	ff7822b519da1715
18.63	f5d433a7f5014c9f
18.64	c86ccdc2977f3589
18.65	63624cab8ddcfad6
18.66	0f6a2c29e285f96e
18.67	a01241ba83b76469
18.68	0c5ca0f7a55df48a
18.69	1525a83d7af5995c
18.70	3a6ae147ddbe6d9c
18.71	924472cd57396845
18.72	c0b066f1ad9425bb
18.73	ca5736423cf599c4
18.74	7601ca917a4c62bc
18.75	1b85537b499d203f
18.76	bea8af6f78fd20d7
18.77	af0cfd35afe7f50d
18.78	c9c232e5ac223960
18.79	44110910dd0bed31
18.80	47e0cceb8a1b4b91
18.81	6841502b6ba92481
18.82	422a84625eb1259c
18.83	de5e03731e6fbbbd
18.84	9423d876159a47f3
18.85	8c4a484598b66ffb
18.86	39928350653aeb5c
18.87	845ba892e9db860c
18.88	ee668c8b2b290018
18.89	8d4c4121fc8570e1
18.90	34ffc8b24291ff31
18.91	896523590e086b4b
18.92	be60ad7add0f7946
18.93	3586e5ac35972b6b
18.94	e3367fe4ba0d9461
18.95	f935e4cd06ca5d81
18.96	8cd5dab110359a9d
18.97	14d71501749e54d9
18.98	6e019de988febafb
18.99	4ff24500b59ddaec
18.100	6b658364395249ea
18.101	7e59571e886393ec
18.102	fd4edf4b68f637f9
19.0	4127ac53f27c5381
19.1	e9603dab460d39af
19.2	97a8efa5c73dac9b
19.3	70bd8d6b40e7f0f0
19.4	333ef11fd91d3447
19.5	e45825619ccc4e55
19.6	3ec58bb3103d93d3
19.7	e76f6427cc2d7507
19.8	14cde31756984a79
19.9	1ba514275d11f6dd
19.10	77e005a90dbf516e
19.11	194d7cb3165d3352
19.12	a3682239e1dd586e
19.13	f58d01df9897965a
19.14	0a4ab4b35b7673e1
19.15	2cb6c594ea30e776
19.16	10b0332a91c2b855
19.17	5ecf902cc5c76396
19.18	c1d6b17dd7a4aee2
19.19	8da84e28df35c878
19.20	76c4c2afe14efeb9
19.21	38f75bbec746730e
19.22	aeec6eb5c7f3583e
19.23	52357a59f4382fed
19.24	d86733bee08d75b3
19.25	5a69d4c74b4362a6
19.26	87eacfedf2149596
19.27	7ba5eb5c56a360e7
19.28	522ce5e4a2bbd85d
19.29	9e9d1f455555e860
19.30	c9eb36d065733e0d
19.31	7d4ef31faefe4909
19.32	66b6ffac38720dc4
19.33	bb95586cada04992
19.34	00562f4ddc341c14
19.35	0f924edb8ab95a95
19.36	9f777bb716369530
19.37	3ae99fddfde394e6
19.38	483ced4bd0937688
19.39	abf8271169ed38c5
19.40	4fa7636b78ca4809
19.41	288bbd1e1fc1173c
19.42	db22d2c838d3c12f
19.43	74ae0b04dc68d5e7
19.44	4aa9ea4481cb5be5
19.45	7237e0b793608ae8
19.46	2d4ea4cda9c69232
19.47	d831c8178df636b3
19.48	aa7d360f3e5d4837
19.49	4a6fa6b8f753477a
19.50	3cee99587d06144d
19.51	0c92b3bd1b1e2fe5
19.52	85bad7b401bc7eb6
19.53	c78cff696d2d12a2
19.54	7164800cdbc8dcd9
19.55	a9a00e0bf57b1b65
19.56	17f09fd59ede6c65
19.57	7c19391899c2939e
19.58	54faf15ffb5da277
19.59	70c917a7161a2fc5
19.60	d13f85c41d547a9d
19.61	545933a33bda8614
19.62	f2f08178b7430642
19.63	b54ac214a37accfe
19.64	d59eccabb6643ca6
19.65	9c297680ac522621
19.66	9b8588845b800e97
19.67	a7013d5afe0bbbad
19.68	80f8bb1fbcc1ea64
19.69	4d3b6cfbc36b86ed
19.70	bd73142cf194ccc3
19.71	16538fc2c0c34808
19.72	04242eff4f9c8130
19.73	cb611418fbe3edb1
19.74	ccf3d3d3455fbe3d
19.75	594def4b138f98df
19.76	edfba091d8b65765
19.77	7e19e5d36fc945bf
19.78	8fd0c911ab6572b0
19.79	c43ab27e9e71d354
19.80	99001aaa4fbd7b6a
19.81	b02712a77e3caffb
19.82	a8d9ed361bba464c
19.83	e3bcf566c8026f72
19.84	dd9df410afa8a383
19.85	e7520bcb4b8759e9
19.86	d5cbe776b226a40a
19.87	a83871b2b6b9815e
19.88	f80bb52c393d2812
19.89	70372e60f2c90bc2
19.90	69973c08258e3415
19.91	96a2b4d317ac8091
19.92	0e24b727c1f621f0
19.93	d12d883e2e64c23e
19.94	5377549e894f91b3
19.95	91b81d7c1677f9bc
19.96	8a88efbffeac1d7a
19.97	74a567676e167546
19.98	d2c247875bff2e14
19.99	9141e50aac3512f4
19.100	eaff15aa82a0a42c
19.101	418274c42d6325d1
19.102	3102db25dadda70e
19.103	5556dc24f24b109b
19.104	57db93175740f39e
19.105	03abc9ef2aa34725
19.106	57c78a23488cd8d8
19.107	5c622aa5e9506e37
19.108	d4055dffbf5e8cd3
19.109	7777e91acfea34b9
19.110	e8aef2079db83145
19.111	46507e3783b4aa98
19.112	14b42580588ca6b3
19.113	e7627c0225260bf1
19.114	33e30d79953c2ecb
19.115	79e210741a3a49ec
19.116	a79153a9cc79d33d
19.117	092757932c45e4ab
19.118	7b7e1af3fbf47bb3
19.119	a72c10ba4e3f13e6
19.120	53c722e51d3a52c0
19.121	3b2c45dbe641d088
19.122	28a2f1943c8f9072
19.123	573d5982c07a0ba9
19.124	579e8bbeb5245b6e
19.125	1fcf1e990a047612
19.126	739f50ae91b52bf7
19.127	64ba5dbc8909a034
19.128	549e503c0ce5de9e
19.129	dd62cfdd8fee67b8
19.130	80078aa2e079748e
19.131	a247fcbd56945a4a
19.132	910151abf5db3827
19.133	35101e72616cbb67
19.134	937a1140cfa2d0bf
19.135	0899c64520295138
19.136	238cf24c80e8ec04
19.137	659ceb734cb83602
19.138	401b9e010d530887
19.139	75401d78c391d400
19.140	5fe0c775ae4eaabd
19.141	17597837ccf21818
19.142	c0b7671b0818df1f
19.143	38f5f7e95fdaa490
19.144	6fada0587e44c96b
19.145	b1f6c971337e912e
19.146	6c16749718d39f8c
20.0	ebbeb55777c6bc77
20.1	891d2b7cd9c4eb8d
20.2	a3c35de9bc5ccb32
20.3	7fdf65bb2fe3660e
20.4	8c4358f5d80916ac
20.5	65f0c2578ce845d7
20.6	7bf08bd4e883d115
20.7	8e263ce77aa57178
20.8	481e8f3c3c7e1a6a
20.9	f45abc62c9f0a0ad
20.10	25a659ecfe73065c
20.11	9c6da739eac1689e
20.12	38b44f4ebcc62beb
20.13	75a60a34309431a8
20.14	60215a3454d13524
20.15	b403240d553e0031
20.16	1268a53d88a9035f
20.17	b9b34c1a74a2b9c5
20.18	2ec5b8f4e56de012
20.19	bdfba21435e93a59
20.20	dd3064d4e00514b2
20.21	e10be4e8a703bddd
20.22	398d5877492553f1
20.23	38f5f7e95fdaa490
20.24	f57c186e6a7f0714
20.25	cf87b23d0f70cff8
20.26	99bf5f61c4f862fe
20.27	0bc4ea592449146e
20.28	689778c0dea57e78
20.29	1548c13888e0439a
20.30	9e0f0250c688862e
20.31	38f5f7e95fdaa490
20.32	8b8edc7ddb25e1c8
20.33	cf87b23d0f70cff8
20.34	756da20a3f373818
20.35	48317d4bdc516604
20.36	83d5c38974a79fae
20.37	121673c3c1a89a33
20.38	9b31b68ee21568e9
20.39	649d5ff0c34d1c55
20.40	acda459cf68f3367
20.41	0089d1105f4ab391
20.42	f37cce2346d59c42
20.43	31d165aaf37d316a
20.44	2ba8fb78b1e576a3
20.45	7df84330cebb51c1
20.46	4b09124f05c32fc5
20.47	53197fd734d872da
20.48	525a692b84c45fbc
20.49	d28ebfd891b38cde
20.50	9061d25bef72185d
20.51	04a428b9a0ee3518
20.52	7aa8858346319c4b
20.53	f8f171988f3ec0c8
20.54	bd3863a533961422
20.55	9895d57dc8b0873b
20.56	f4ade23cd50ec16c
20.57	b259480e3382545d
20.58	3feedf3114fdbd4b
20.59	df7d8db6d3688427
20.60	35d8e9269b3a9591
20.61	00172155b075c99f
20.62	5fccc9c1ec30b3b3
20.63	f194d44438bd991f
20.64	b5af5cd695dd1ca6
20.65	fa1c687965882919
20.66	332f59ad33cabf09
20.67	6645afe937a2607e
20.68	c6d623d01b38b013
20.69	294ae2a044466858
20.70	8985554a9f87113b
20.71	776d33b14a751ae5
20.72	037432d28541a03f
20.73	834bb9494307f209
20.74	c8e5671dd3c299b7
20.75	dc371bbdea27187f
20.76	3869ae609c5ea462
20.77	ede2088efdff73bc
20.78	14a9216943cd4e44
20.79	b68fec611f1db09a
20.80	9b0d4816e81b723d
20.81	bc800d5e48763c8e
20.82	ce828603ef19f98c
20.83	8ef30d2096df0860
20.84	a4d2a7e24d9a94c3
20.85	4e965ca5fec11511
20.86	dae3a5fc9c56002a
20.87	2fb2cfc05cd59a62
20.88	188d0b3a77d8975e
20.89	3c02f45b8ad481c6
20.90	d97b9e921ebdd1a0
20.91	753f1137850d77ed
20.92	3b8e196e222d921f
20.93	e93ebd6c5185986d
20.94	df6808f536fe281c
20.95	7e1fbb84eacd3a14
20.96	747361a5d73d63a7
20.97	fb91279581012926
20.98	80a317139c705063
20.99	e5594fc0b8a64bd0
20.100	cc97f5cffc8bd9cd
20.101	28d511808803df66
20.102	ec2fed5ebb98030b
20.103	aa688ba888b3cd7f
20.104	1b3bcec167f9f716
20.105	0c301aee71c6a7a6
20.106	f0a461594dd835b2
20.107	0e9be0d771e4f131
20.108	e057178a1f75a58f
20.109	e5bdaed2856cb327
20.110	88912c34e032e538
20.111	1e1aca6664691934
20.112	1a04f1a74fca0db3
20.113	9a60798044bd07b0
20.114	3106a16526e82bdb
20.115	1af6c305dfeb2670
20.116	28916a05906e7875
20.117	37a64266a371d714
20.118	aa43b59c2d273a01
20.119	0db0c89cd7753849
20.120	6dfeff0a13d9b96d
20.121	f5ad5fa5c0648660
20.122	ebbf248fc3f7d136
20.123	9f0d00f0adebbd49
20.124	38f5f7e95fdaa490
20.125	351a5b0b2cb525a5
20.126	f819d610bbfbbc62
20.127	86cfcd495e03712e
20.128	f1fdf7d9406fc724
20.129	be8a764bfa5342f2
20.130	b352effe567a996e
20.131	67f9d526c8e400d1
20.132	4b09642d0885b843
20.133	f4f3703e7c5db786
20.134	c15270d51914edac
20.135	62dc055992bc03b2
20.136	36caeef84db1a9ea
20.137	3a3e2ac227bddeeb
20.138	fa359d1e3781a8fa
20.139	4e6ca19dd6243fe8
20.140	883117d62d6a401f
20.141	f8a2aadadacade95
20.142	0942acfbb39aaafa
20.143	dd4e687341c1a7f4
20.144	dc2a12b497273873
20.145	60e24a23e1f866e7
20.146	301edca58db35d49
20.147	109ea3f1ae4deb36
20.148	98de4eae2fa4410d
20.149	f58072d2043db25c
20.150	3723efcda4953cc1
20.151	95b10d0924079844
20.152	2030899b121eddd6
20.153	6d35f21f8b015a9e
20.154	2e70808e14a9a08a
20.155	03d6a4dc27da0077
20.156	ddd063caa5dfeeef
20.157	e2c583238e923c68
20.158	7d32c2e53d9a4fe5
20.159	04d20d1d174a0d7a
20.160	526f9178b6259116
20.161	1b13d324fbc2f1a6
20.162	38f5f7e95fdaa490
20.163	d5e3650430749972
20.164	38f5f7e95fdaa490
20.165	70736092932d5fc3
20.166	af8acc340c66b028
20.167	1d368feee135a5b0
21.0	19e75c16f4997729
21.1	7e8caa0a33d9b985
21.2	fed26b7f07e8a307
21.3	5e74894699c90134
21.4	11177c0a2d090020
21.5	009b5306b21deabd
21.6	52c6605571f4a2bc
21.7	588a865116df15b1
21.8	09b95c06ae4679a4
21.9	864892deb482e384
21.10	45d009473c0d5de9
21.11	9da4d1b513f8344f
21.12	cf87b23d0f70cff8
21.13	6b2a762cad4b2713
21.14	99a9acdf82158f24
21.15	4c9ef1e41565ad81
21.16	b78fff8835ccbe3d
21.17	cff54ce94488a944
21.18	a4ee692481472807
21.19	50d4e4ad26e32b96
21.20	a350d38684ee1d6c
21.21	4de46a2f1680bd8f
21.22	fe42153abd12ebdc
21.23	530256b6047c5632
21.24	b73a6a99057bd1b5
21.25	a43dc70967c9515a
21.26	1e003e5d61390e03
21.27	4eaa965d68f77667
21.28	3af877f528d7f8f2
21.29	ee123a912c66fb35
21.30	1d8cc968fdf7aa5b
21.31	f41a0904683a8b51
21.32	a7549b5cbae15e8f
21.33	229134caaa38b117
21.34	e2b429e3b8fa0a1b
21.35	e9e6f0502384008a
21.36	b36106f851eaeee7
21.37	44797e9a0fea605b
21.38	499f097cf704535e
21.39	b06ed75a950b68ce
21.40	1ae2df3002e20114
21.41	76474fb171d3753b
21.42	b8e5275d916965bb
21.43	20ac9388cdbbb25e
21.44	40a48923938eb036
21.45	992cd8a07fbb655d
21.46	b089fe6996e57084
21.47	7e343ac15972e055
21.48	349ab2aa22067497
21.49	9513e1f38c15b232
21.50	bc99fe30cf1970a8
21.51	bf80aab7166f4639
21.52	9d48b9795c77d39b
21.53	cad6783f5f69c196
21.54	a6f948dcff984f23
21.55	4b2b3c5862e0b343
21.56	9c2f6c5f82b5d7c2
21.57	c857e64f448a173e
21.58	2d4a0c1840437e30
21.59	f93cc3c67c4a9848
21.60	ee4b212025dd1de3
21.61	c3432fd8b9852dd0
21.62	9f810a84e8871122
21.63	5d7f90eb8a89f5be
21.64	dc0cd34839bdd15f
21.65	9433abbe98b3da02
21.66	6d1ed2e9609aa9ff
21.67	c45bb706430af730
21.68	5ac556f26f6c83f3
21.69	14049bb9327df104
21.70	a670edc1e432fa8c
21.71	9c5e9bb8a2e2c950
21.72	c4fc174de42b7c8b
21.73	c8a463ac5a9dae05
21.74	84a4405de5e58e61
21.75	f165f00819933b19
21.76	c22688614a531d28
21.77	42242eba7ee479c5
21.78	b99f1338e883fe54
21.79	a6daf35aa5f1af70
21.80	4b09124f05c32fc5
21.81	2ea8b68bdd2cb30a
21.82	d1ccfc2e98229df3
21.83	a9c893172d61821d
21.84	3ba9dac87c3c54f5
21.85	91d142c93c3a366e
21.86	6b143de40b6fe83d
21.87	feee4508eeb8110d
21.88	daa8a19958c56f9c
21.89	956974ded06d637e
21.90	fab5a4c5ea389e66
21.91	385abae632ead2a5
21.92	285119e6bf002759
21.93	3f267b0d7904e18a
21.94	88f2365334b582a1
21.95	860696a8f310566b
21.96	21a5604d006e78ef
21.97	ec7d582c2c775c62
21.98	cf87b23d0f70cff8
21.99	8696373ac8d540e2
21.100	dccb7224eed8bb88
21.101	a22dd592a713947e
21.102	775ddb1b18aadc1e
21.103	7b94709eba2192bd
21.104	f2b11dfa34b54217
21.105	c0e5de9f5cf4b12d
21.106	a63bd74fb865499f
21.107	85d8f669619711ef
21.108	311634fc4370a391
21.109	0ccb0eb0e5e4abd3
21.110	8d44580fb7b959af
21.111	4fe432d5dfcf40d2
21.112	bbb47755287405ce
21.113	1e4f43d43fbec852
21.114	dea2b6b7e0735cbd
21.115	2be3acdff51d68f5
21.116	9ce92dc0f024deb9
21.117	21739261a226f414
21.118	d4faccdbcda53544
21.119	416b8d97d26f7f15
21.120	17744172bca1699e
21.121	549150dd06548c29
21.122	f339ae8a2affe9dc
21.123	6f5e8665b96d667e
21.124	da240bf9ab2484d6
21.125	58f8a5cbc386e217
21.126	03aceb06f0c5a48d
21.127	dc88c7067e1fd217
21.128	a5c31555b7a67fa2
21.129	cdd95dab9fac51f7
21.130	6cf1ffb95004b6b4
21.131	e3ce09970925816c
21.132	ba8a66add7c3db98
21.133	bbb094eb55de7d92
21.134	e6ebb7694086ce3e
21.135	e547eb8f9a666415
21.136	cf87b23d0f70cff8
21.137	b5084d20381a13b2
21.138	10c4bbe1dd987009
21.139	e491b5133673f464
21.140	f90fd5ca2982c7de
21.141	d94e721a293a1c8c
21.142	938f9d8cccecd87a
21.143	354fa42767288904
21.144	ada887b1537eec91
21.145	a955186a067070ce
21.146	9b4df7518424e954
21.147	d4f1f35821ef8ccf
21.148	417a21982339507c
21.149	d39fdf967490145b
21.150	ee49042277f8a7c5
21.151	c965589c4506f00d
21.152	4b346adbece18c64
21.153	09eed277bfe9bd21
21.154	de60453db2300ae8
21.155	c1583525d874d0ad
21.156	13ecd5c08ba7a48e
21.157	f872585cdcf11d5f
21.158	341376aa59542760
21.159	7160a207bfa8206f
21.160	c84c95bfb437bf4d
21.161	d773367cb40c5eab
21.162	9bb0e428959e094d
21.163	0d27da9d43071095
21.164	a6148480588b4c9b
21.165	366cf49420121d17
21.166	92cc19bae95e3fc7
21.167	a6bee7454566f5f9
21.168	ccfeff7f28865589
21.169	cf5c3fc5936991be
21.170	89aa705a59ab8674
21.171	b14c267a8c0c2d09
21.172	33d8de9476068ff2
21.173	b03d85635be04515
21.174	cff89854ddd260fc
21.175	e1b16491c590db09
21.176	c984cdeb1009d3c5
21.177	b6e6310579ed1801
21.178	9308cac66428f90d
21.179	3d637d44bf4fbc68
21.180	99cbefb516d63b31
21.181	57f19a25fa6a1c5e
21.182	928cb69aa3bf0573
21.183	5182eda9bdd63deb
21.184	25dcdbdc6511506a
21.185	9859bf5bef9b69d8
21.186	5e58effbfae4a992
21.187	5c4e45d285870725
21.188	8273151088aa0b0b
21.189	2581737ece2faf33
21.190	bd9c6ef19e80e760
21.191	f16703f89ff6ef46
21.192	8db73ba6a499d509
21.193	c73b5e31340013f9
21.194	f0102bc7c79b7a67
22.0	966d25aff424d6d5
22.1	9a7030c50298b3ba
22.2	3c4e7f733c4b71ae
22.3	d3a857111cb6515a
22.4	209d1303beaf495a
22.5	a02f4d2a2f848e60
22.6	dd74b8be46840a6c
22.7	977488eeb0788e6e
22.8	7054ba4fcb91ce8d
22.9	21c16dddeda7a6ec
22.10	3a26914878781c11
22.11	9c8acf7a82ad8267
22.12	9c0c8832d9f693eb
22.13	f218afeea107a75c
22.14	427e0a1476c328a1
22.15	5d56097feca0ec8b
22.16	2ff152855ad575ee
22.17	f3ad4c5f413cff7a
22.18	9fa79a9661722be9
22.19	d7e53f2496c0e26e
22.20	f6bf2ed0ca3bef00
22.21	70af733c34303889
22.22	a6bf0f39ef4c890f
22.23	b02f8396c3704a7f
22.24	2749cdb13eff5d71
22.25	b8c13d486111b411
22.26	6e6b7d3a7ea66f93
22.27	33433ed4cd636c2e
22.28	0114865414239b7a
22.29	f78f5ebd5eebb00e
22.30	2f4963863fe88eb4
22.31	11d1d192f7fe8644
22.32	b2471f6d3d7139d8
22.33	a03a5d78dd63a847
22.34	a2d8dd04b15c81c9
22.35	91b44c1eb3bfb573
22.36	5d2cc4a308f58815
22.37	60049454f5bb2180
23.0	eca7dd6540858aa9
23.1	5e7d09393c06aae2
23.2	81d68f09c215eb28
23.3	9f102ac6f75a39a5
23.4	5870e6da1ee73e02
23.5	867e440eab786624
23.6	cfcfd27bf9d7fc9b
23.7	7aab3de275cd3e86
23.8	6fd55bb58ab503a9
23.9	c353b059c82a2066
23.10	4112fb24b93eebb7
23.11	bf9e6408eea5b861
23.12	2c368abe98626183
23.13	bc86e19f3c3a3412
23.14	7898c2cf96784eba
23.15	38f5f7e95fdaa490
23.16	90b2dbf0f7ea6a38
23.17	ebe5cec7a45a0ef8
23.18	0cf9e9ba57996c81
23.19	25138c1aecdd7caa
23.20	2cb5ea6b6543d9dd
23.21	cf87b23d0f70cff8
23.22	4445d07ba078eb3b
23.23	89c2df01a876aa06
23.24	3d2885137f1326c0
23.25	1688b925091bb471
23.26	f8fa75946ee92afa
23.27	9d4381effd5d899b
23.28	30fa89c1cf66ce83
23.29	ddd18cebbae0ade3
23.30	0bc8018998738e8d
23.31	80e42ab3a8ca58d8
23.32	5a0f342e2113769c
23.33	1dee37639aaeb1c9
23.34	5eb95930a4bc35d5
23.35	e6a34b2799070397
23.36	98a1d3415c5c625d
23.37	72f8f10e24c7ff2a
23.38	bcb61fdd99b848ec
23.39	feec1f9c59e132c0
23.40	e511cd32f0ab489f
23.41	a19241bc28797db1
23.42	2566f1d097187676
23.43	25261d4455dacfd8
23.44	9ff1c25abba698c6
23.45	82c4ba9871245498
23.46	38f5f7e95fdaa490
23.47	f2213c47e27a44fc
23.48	df220dcd8bf08119
23.49	d216854c25acb69f
23.50	41694fffdafc724a
23.51	a0b4396ad0184920
23.52	128c18c50c10a0c8
23.53	ab707fabc453acb9
23.54	a3e8a542bb5aa9ac
23.55	c37fb60253104fbd
23.56	2808daa5bef2aac9
23.57	dabec03c95818ece
23.58	67648f7aae603b35
23.59	1862ae8b75b73ecd
23.60	81b6076d787a12db
23.61	7ddc0209aad4dde2
23.62	a6fc01c9f366d7b2
23.63	9ac8711f632f1d7d
23.64	dbdbe595f3a88076
23.65	a3313d74df71214e
23.66	85cb72aae562fa9a
23.67	477b1138c2080699
23.68	3ff50bbbee676b0a
23.69	14c357227e6e5ff1
23.70	1a572f817a73f5ca
23.71	96a9b2b25b471fb6
23.72	596b44bf18f59f6c
23.73	90bb6dfa5cc1c800
23.74	d18a99b651b25b22
23.75	a512c44a5317a336
23.76	0e146791db3d7cbd
23.77	d55f162fca679c2a
23.78	cd95dfe26e36163c
23.79	1b883c4837784b65
23.80	5730e8f1d7545589
23.81	d3a926248a23a8f7
23.82	9bd9c05b27495cdb
23.83	449d441be15a1a57
23.84	876d80dcaaefdd11
23.85	4a0dadfe1d890042
23.86	ee0aa0ac418e3474
23.87	7be2686891883240
23.88	2870314ae99d99fb
23.89	343fa085e539c935
23.90	154179d7a5ae3078
23.91	fced372d73ab93cb
23.92	c71cc2230f883aea
23.93	a154ff00737d22b8
23.94	5c6a015bf4a99bd3
23.95	56d534e1efee874a
23.96	b03d4b112b38a96c
23.97	499f097cf704535e
23.98	0373aa331ac1f654
23.99	a7ff4328f14eb9e1
23.100	eb173c2ec0dc2b67
23.101	e07ce486b8b047e6
23.102	80970ef0caa08951
23.103	71606e32c38f74e8
23.104	530787e6a76ca81e
23.105	94959ffbf757bba8
23.106	257800da0d7f3389
23.107	be8ea4cba041787a
23.108	7433c530d8b390ec
23.109	2feb588e4b7a442e
23.110	4e2065fe523f2efe
23.111	9cd1d1472d4fca88
23.112	303af66998c868ee
23.113	b5a2838d36adcfb3
23.114	6ff8afe219716f5a
23.115	0bbb55bc330719b4
23.116	44d60788dfd5f571
23.117	e2c83fe80728a77b
23.118	d9985ba4f1c2547e
23.119	3855b71973e63e30
24.0	492183cd1b763b9e
24.1	7e4e4826dae8df19
24.2	8961a115e3b78298
24.3	fbb573bb72c92093
24.4	022df53fade2f8a5
24.5	0b9cc5053f7a4ce1
24.6	f95ee1c5a7cf6935
24.7	f9dc57e065139a0d
24.8	2a2118f58ac653c5
24.9	6eecae896ce316e1
24.10	04e617d9b9ae8fcf
24.11	f89ed9ddba6dec14
24.12	02b9b13d32c178fd
24.13	d313ed7be525f086
24.14	1f7f87446d0f16e5
24.15	ba3b88bf661a099b
24.16	967a3936f45e5bc2
24.17	7004205f08de3714
24.18	2c558673b3a35dd5
24.19	b4f7bf487ad08d11
24.20	452fa4cb1ab6932e
24.21	3242ea4a4761d818
24.22	bc837099a884103b
24.23	aa94097a900cf30f
24.24	d6ef6392d69cf6c0
24.25	08675556f1acf52f
24.26	c6d229b280335a2d
24.27	b40ade5de47f6d05
24.28	a92f50e0f31b3c72
24.29	ea9266c5a8263b68
24.30	de4eae7b38c1fa80
24.31	4416683d814739b8
24.32	cba2e84f0bba585a
24.33	b934c7003767282a
24.34	72b12ce225325a58
24.35	7bff215e5c88c68b
24.36	df82ccb410e3b4fb
24.37	d813f0d7edb13460
24.38	65ad09741bc8372b
24.39	99b8ce3a27d422b2
24.40	9cf8ad30a2bdc487
24.41	c5f06d2e7509d303
24.42	646de3f885a7cb41
24.43	107063db437673ef
24.44	6eed03fcf00fb439
24.45	c044ee2a1dfa5d64
24.46	379b70131ae7a696
24.47	1b46f3b7b495ddef
24.48	4b4854bc0f51dae3
24.49	524a9e626e315f22
24.50	63336fa50cda20a2
24.51	62cf884f16c89cb7
24.52	7845dca954693e21
24.53	7843813bd146fbf4
24.54	e5c947a8459d9b17
24.55	e8c1a440fc36b3f4
24.56	6d7723b95abceab8
24.57	0adc894c7e9301f9
24.58	db90b98ec02257e2
24.59	4d6377462c640f20
24.60	14c7e9e423bf44f4
24.61	2965216f159e0711
24.62	356dfe84c2b6af8e
24.63	bf68e662a151a1f0
24.64	4d2a9ed4c10c2c87
24.65	be0276e968e278f4
24.66	f64e35ef7dac6f06
24.67	101e7d8fd17d03a1
24.68	d04cc3b975023408
24.69	975b16f0b73b351c
24.70	4a897d30face717c
24.71	eac755c6c68fdb70
24.72	7d35735768687eac
24.73	3b3db468a6bc384b
24.74	004765dc854c164a
24.75	dedbb16b2d9e81b5
24.76	aa9f61a30a5dfe0c
24.77	f15a74519d170b4e
24.78	cf87b23d0f70cff8
24.79	a834686d2cf48679
24.80	abc1852a662e3f64
24.81	16cb40644af1d383
24.82	c331cea0072fb11d
24.83	038b426da78c0480
24.84	cd1ab167c9b16090
24.85	2039c5fd0d179d4f
24.86	3be87e9962ffa6da
24.87	3f739f76f4292c28
24.88	5e8f0708fd8ae51c
24.89	65b528e941409552
24.90	2a7848aac716de02
24.91	97fe56ddbc70f46a
24.92	80bbc7a3eb3fe9db
24.93	ecb79b7811e8d45d
24.94	7cf5644e79b6643d
24.95	22d881d037eefe9b
24.96	285b5b3fef50da46
24.97	37cedcd177229449
24.98	727ebaeda7be1801
24.99	a787c82101f4ae2c
24.100	33d3cf10fc8e86c4
24.101	4b1cd4bd5f574951
24.102	ac1b287ee08b28ec
24.103	47a26163507de3a5
24.104	f44d2655a1c9c53f
24.105	9da731d3cf36ea3e
24.106	b6439915dc8131ff
24.107	7a3e5b4aa254d8dc
24.108	a6d83d92fa7ef10e
24.109	f9e0b89156300a6e
24.110	beb600bca4749874
24.111	93c139309ea658f3
24.112	5910da0cfdb0f592
24.113	40a0c28d43ea4cc6
24.114	52ca6238bd837ac2
24.115	f9d6a7849988d054
24.116	ba76f088d7b87fcd
24.117	bcf9b63415ffbe3c
24.118	cc125b2fe1437958
24.119	aad49c59c5aa9489
24.120	b98f6a1b1e5f7a04
24.121	b2ef11bc36686e1a
24.122	02e2c891e1440c0c
24.123	fcd3442dfe0310be
24.124	fd0ba8ed0c68ede6
24.125	fb16035cd4aaec6e
24.126	a54aa976363a7bdc
24.127	a0905c7e5a48fdf4
24.128	78728d32c4b3ca96
24.129	98ae4792ae385c29
24.130	23cc5329c61450a1
24.131	e1c9dab9a88833d4
24.132	6b88f6c5428cea08
24.133	1c6bffb14c3a3ccd
24.134	2f27ec9b36a10d50
24.135	81d9c758e46c0ebc
24.136	af50fed2baf8cfb6
24.137	7e0e59e86d28d45e
24.138	8b6075d5f08b0532
24.139	6138f0d59236ddd8
24.140	4a7f16538f6dc33c
24.141	962a712cb0b43f07
24.142	7e1009d445bc33b5
24.143	ebc83adc7ed92f9e
24.144	96e566e5a3571815
24.145	7d6bd94f84938e11
24.146	94152fd33c80ad2d
24.147	007fb343d0aaf003
24.148	ab84c9244503589b
24.149	a9933828eeb98d3f
24.150	d67bd90f33e163d2
24.151	b53ab145ab2838c8
24.152	2b4aeb769828a9fb
24.153	eeb5913af74c2087
24.154	abccb0f44a129937
24.155	ecb61cc3f5ee720c
24.156	e304174f44cc775e
24.157	04e4e661804dcd28
24.158	715cef8056b051f5
24.159	80a592a13ffff3b7
24.160	ad8af4d4215df2cc
24.161	5fa7b4e5774872d4
24.162	06c849b933070579
24.163	1af35f1bc4cba4d8
24.164	36de6da44a478cac
24.165	47237165e4866f19
24.166	aed52fc1fecb1c34
24.167	2532a11144700b69
24.168	4d1cc5023a414473
24.169	b05e690be0947376
24.170	959a82dce5eb0a93
24.171	3de0e161cafad3ab
24.172	1223f07bc3de1d77
24.173	3613d960f8bb4a7d
24.174	e95b701431587d51
24.175	b1846bed37369f0c
24.176	5ec65ac665d6c26f
24.177	291ef8e34990071c
24.178	2ec9148897297985
24.179	db813fbb6dfce0f7
24.180	f1b04cf2f93c57b5
24.181	143632eb445e8512
24.182	6d70b4b3a62e0452
24.183	d8f1dec4181deb3e
25.0	448634cc04296531
25.1	064ef6b17dc3d7d0
25.2	d4343dac28f69c9c
25.3	83205ac70092abd5
25.4	6bb0fd2522090f4e
25.5	d8d6d524f7291805
25.6	6898825367c91be0
25.7	b8e8933bdbd6a20c
25.8	f22a03559b3929bd
25.9	c61f50dbebdabb7d
25.10	ab168544092c7cb0
25.11	1b147fb543d123be
25.12	f947fae0cc9d84d7
25.13	587028bbd2369b8e
25.14	951ff09876260789
25.15	7aaeafa5d6f1cce6
25.16	fa06e30a26699379
25.17	d8251e1a2de45c3e
25.18	2469d4ae435ef3fe
25.19	acb96c8cbc8c49fe
25.20	7142a7c3567db26b
25.21	60f84eca9a93ceb1
25.22	d8674ed7540ed80e
25.23	2e58b27a9485dc08
25.24	d2290ac619fa07a4
25.25	dc77a667da8b760c
25.26	871333a9da7cf225
25.27	5b02a0a8fb6a27a0
25.28	97113f0f658e94bf
25.29	f4efc7422725aa39
25.30	b4d6021289b1e198
25.31	ae288793038ca4ab
25.32	5ab0b54ae19ae041
25.33	1491e060b5e433e5
25.34	f1d38d050fd00aeb
25.35	55c1a1a17af9dfe2
25.36	3a056d7602361e8b
25.37	142243e12be1020f
25.38	91bc7e998c287c83
25.39	dfaae027619fdd77
25.40	243baef7461b3337
25.41	0f4ff0ff9fce2281
25.42	ebfa497402b9bd01
25.43	2e77f58cdc3a6f30
25.44	1178736d7380dee8
25.45	ab69bd76aa792585
25.46	6b6e885c6c5dd026
25.47	0fcb790deeec2be8
25.48	f39b93d242237ad0
25.49	ce05af0e2b4166f6
25.50	5b0d1b2b595bcf4d
25.51	a06fcf42f6466d91
25.52	79ada5e8342c50ba
25.53	26c981ef4ff25ca3
25.54	d05085fcb25e4c58
25.55	e71d7a70bc3dffbd
25.56	3d9d8d8b6143647d
25.57	def37553d41a6419
25.58	d60a793ddb84b3bc
25.59	95c97c2bf0a012b3
25.60	5902ccbb72573b9c
25.61	00a520dc04bf25f4
25.62	e35898b052a269a3
25.63	e7aa2996786a8ca3
25.64	882c7d03cfa0eab3
25.65	607c58c601273155
25.66	d9ecd51231a23a3f
25.67	b66a380ecb723041
25.68	9ccccd480d3bfe65
25.69	667ca79ac2854e30
25.70	effb89d50b84d0d5
25.71	bddeb45585312713
25.72	eb3ecfb6f5170f7a
25.73	67df8c66f2f9c52b
25.74	3a87c93d309834cb
25.75	71fdee0e608b89fc
25.76	a44f2e4ec7c951aa
25.77	f7b27543049f2b67
25.78	348d34a755bc7853
25.79	dc421474b351e2e4
25.80	09f4da66c8840255
25.81	3e5e25e3f53c035f
25.82	920b204fd5015199
25.83	746406cbe545b6d3
25.84	6cc94955f7e8e6f2
25.85	35b3d03725606dd1
25.86	1e8e75120ef07c6d
25.87	8d5e50d1ed9b0225
25.88	3e6a54948d64483b
25.89	b4b7dcaf06a753e1
25.90	531e2b68c775292b
25.91	083fe3a109f53871
25.92	a0809eb177d460ba
25.93	cdaa094e08263c6f
25.94	4c6103d473f180f2
25.95	5c638fed70b704a4
25.96	c7c4ba62526f994c
25.97	394ab70699b1196a
25.98	47ce2b895f5feed6
25.99	3dd8e0c61f0c721d
25.100	755f8bda454d00b2
25.101	38f5f7e95fdaa490
25.102	925cc990d67c5842
25.103	f91df982ce4a7d6e
25.104	655fdec9470e2cef
25.105	3001c923850e3da0
25.106	6a2c430b2e48ed76
25.107	fde3baf1c00df0b5
25.108	9554aa206af0cd51
25.109	cd4f58be889db4dc
26.0	7bae3e57d920b16f
26.1	46faeca5f3342c9b
26.2	6a0a534c370b0f36
26.3	9a7e93a75384ab62
26.4	d6ea08405039d413
26.5	e42d196954bafc10
26.6	38f5f7e95fdaa490
26.7	8ad5d4979068c237
26.8	c30fde252e21fff9
26.9	1e3a99b768b6c9f6
26.10	b142bed2030ddf64
26.11	5fc2395a3980b3fb
26.12	342397cf07f98644
26.13	e410c054f1909057
26.14	12a64fbe54fa16a6
26.15	38f5f7e95fdaa490
26.16	724392748a1f3e38
26.17	1cc91920190fa57d
26.18	ab20d80d45792c4a
26.19	2e5b7dc29ce4c652
26.20	bf8df61265c1c275
26.21	cebc1b0a4793e644
26.22	459cec9b45ccf993
26.23	1af5791d91c61d4a
26.24	e086e0e018226ca3
26.25	78aa8c95c7dcb5ce
26.26	59669d73d7dec7bd
26.27	21d71728182ff278
26.28	0ee936cc20d131c5
26.29	ad1e2c2b7372f5b5
26.30	5e6def8d71209c4b
26.31	5e4447c71bcbf0f8
26.32	67291d2df785cdc7
26.33	bccf977a4f5edd7c
26.34	6477c5c49fa5fc7d
26.35	53d048f7cf6877bc
26.36	737b8144042e9a6c
26.37	23d5c2341710c774
26.38	2d609b0a6ae70c51
26.39	ccdc95886f70bacd
26.40	f777bda8fffaac7e
26.41	ca386c597631a2ef
26.42	37b8581e63e931a5
26.43	b3c1ca8c04fd1688
26.44	a5130b1d1768646a
26.45	7286b9bd928362d8
26.46	ae0d578be290d380
26.47	9a6df21c64e5524b
26.48	baa2fc36414195a1
26.49	1db47cb90f49d5b4
26.50	1ed7bd7d8acc2899
26.51	99d73f1c132597a6
26.52	738f8c0a9e0fd509
26.53	44bdf715b5a5ca7e
26.54	2d3d04750c2d7e20
26.55	8520326c0852a4ab
26.56	129f1d5d7ed29541
26.57	6a75b8cc7c658791
26.58	4c6519ef779c8d5c
26.59	b63b9b85f82e1055
26.60	36ed9c9c06c034e6
26.61	855983a0d632bfd6
26.62	3be985b89ff95ee2
26.63	a96d0f77c371d566
26.64	caac105a3c5f6f02
26.65	a5a1f734588ade1d
26.66	ccdc6a70a148f0a4
26.67	991c05d835db05c2
26.68	a2888f1a64c547e7
26.69	bfd3960b92c29647
26.70	4fc7381bf1a5ce55
26.71	0f3e44669b39161c
26.72	5e1d34fe862ece68
26.73	792e9c62258e880a
26.74	b6148a89ff6af061
26.75	847ccb18c38e21f9
26.76	a49d7b93570a42d0
26.77	de5906a9e5909416
26.78	69c0f8e168075681
26.79	558e1d22aa59d199
26.80	c76a1cae7c65c557
26.81	7c88d14c778e69c3
26.82	e1d115d2f752312f
26.83	7b57d64da6f0b2c3
26.84	4ae83528b2aa3fa9
26.85	54277fb50235a962
26.86	486035a717d9590d
26.87	169bf48ee3c84576
26.88	bd21fed22e3cc0fe
26.89	f2026d447193beb4
26.90	be3bedf49d967799
26.91	fa3d6db7687c0a09
27.0	f1b30310c0a0dde3
27.1	0af9363c12c815c3
27.2	4b857a94f637b26e
27.3	3389ec1a833f1b04
27.4	434c982005e8029a
27.5	b96317eb11519278
27.6	4143f69b13fc3599
27.7	bcbfcafc635ec74c
27.8	b2471525a77c713d
27.9	13d87d3a1e16d370
27.10	ae2a18773ffb7d61
27.11	38f5f7e95fdaa490
27.12	531bd8354603294a
27.13	cecb93fe9196068b
27.14	cb14b2293d718c26
27.15	8d654f747241d044
27.16	1bb9c754283f16d9
27.17	a8ddb952facff520
27.18	be7e016548a9b30c
27.19	870133a04d710cc0
27.20	2c92f94b6053ebb5
27.21	cf87b23d0f70cff8
27.22	77ad1a1283a71f6f
27.23	34be1a661edee41c
27.24	4cd6c07b299d218b
27.25	11486106fdfcb8e3
27.26	d354dfdedd768a80
27.27	e92f55332566e984
27.28	8039f2797dcfba0b
27.29	02132ff7d32a8c93
27.30	1fd30b7c24e11582
27.31	5a8b6e774c27116c
27.32	e0844fa60ef78ae7
27.33	a146b6298a161eb0
27.34	622b56ba609ea4da
27.35	d157ebeb179dd8a7
27.36	d78be6f246ab783e
27.37	3ebb3d716998106e
27.38	7832196ffd2ac3fb
27.39	70b37b6535c8ae04
27.40	9c54dccc53be0dc8
27.41	65d8a39bd462c0ca
27.42	d11878ef3ab229c2
27.43	21e631ff1a407121
27.44	9d8aaf7dbdc9f134
27.45	5ad73444b6fe21c0
27.46	c66aaca11ee60a58
27.47	5b7a73e88defb547
27.48	c683f1eee5811d87
27.49	b1b1796ee9616341
27.50	3d857d91a382d60e
27.51	06ba3f87929103cf
27.52	d870c11ef0a9651a
27.53	156d9d6b7f9f9029
27.54	f879b19465cf8fbc
27.55	ceda10a2209bcdae
27.56	689b5b5af2009cbd
27.57	5ee912e208c41074
27.58	d62e7786ef5eb5e6
27.59	0fc2ba2172c18dd3
27.60	cf791727dd199f49
27.61	02161db1c89cb5e0
27.62	93c8bb378d994376
27.63	b5dfc3b1f10630d5
27.64	9ef21df75a947ea5
27.65	4fc01dad38438601
27.66	b1ad20d3e4ff9867
27.67	96d4f6a58c854b16
27.68	fc984c302ddcdadd
27.69	383f900b0821b853
27.70	ba56b8d6a48713b2
27.71	1cde445ab3811794
27.72	02890361fc81bb05
27.73	198cc9e02b658367
27.74	09ec247b161e6661
27.75	cc70ed80b5971775
27.76	1acee6ab3eb458c7
27.77	abca06dd13ddf63c
27.78	8957d903aa94b1dc
27.79	10bb55fe9c920f2d
27.80	6f5e468d0d603385
27.81	22144963cc913c4a
27.82	01f969c8fc0146d1
27.83	da3ffb7fb425b3fc
27.84	0b688a50186e8480
27.85	7459cdd3efcf479b
27.86	765384bb75f52e88
27.87	328bab1fbf0e982c
27.88	fb4d8c2d02e036b8
27.89	4122c55eadd67c55
27.90	5b3c677e33256009
27.91	0bf5f68c987d9be8
27.92	937e7e414a932313
27.93	c54c0c4df752cbf2
27.94	23dc3353f3acf9f8
27.95	ddb5b745ba998be8
27.96	a671b719b5bc4370
27.97	8300956f358a57a3
27.98	35e8219abea3f031
27.99	dba855b81196ac98
27.100	742594c267625f46
27.101	ec3dd2491910c400
27.102	598571121f10ea4e
27.103	ab3242ab5a264bb1
27.104	367db7ea61e0f9a4
27.105	19017c9e89e3a7ef
27.106	098d2033aa916f02
27.107	d8c2208f02eb9169
27.108	f4a9f43ed12bbf8c
27.109	a2fe01c4a6a8d5e9
27.110	fe77ade0f5087e90
27.111	d2850aec92e20960
27.112	22703d49452c2acb
27.113	4ccdbdf1cfa721cc
27.114	a75edb95c9a95830
27.115	4ccdbdf1cfa721cc
27.116	ca86f54d46bfdf13
27.117	10746718a64b8ea2
27.118	194d95989be0d0c6
27.119	61fa95d7d37d65ce
27.120	ce5947f198984498
27.121	2c22e636099749f9
27.122	bed3616a67468561
27.123	2edf891e2bd47359
27.124	a06fcf42f6466d91
27.125	a2c70c6bb2a64cac
27.126	c566e098af8c6f0f
27.127	5aa2f8c80b779eb1
27.128	c5e999b75cd0c805
27.129	d93d5c1496ea0858
27.130	61c233c15320b2ba
27.131	5f7f772f620e75b1
27.132	2c38dcb56a6d1b11
27.133	270c2e466ef9b104
27.134	f64bdcfa54f7558e
27.135	9fc5fb5f69aab242
27.136	3391cce7caaa3da1
27.137	c93f074c04d7e66b
27.138	cf87b23d0f70cff8
27.139	092371fabc660059
27.140	c1f994bcc3ef95f3
27.141	a6daf35aa5f1af70
27.142	d27bb39839d09cb0
27.143	a64614d188bc09bb
27.144	2bc44a10f1b45325
27.145	da440033c6189be6
27.146	7f3b81d86ae4f576
27.147	6fe9398ffda95b85
27.148	2efefe5c49f01258
27.149	ee08fe1cd2ecdf4d
27.150	46ed4e4b958c6f33
27.151	2d167f759585af49
27.152	72ee9018c7ae69e6
27.153	2f1a4b3cc46a3c38
27.154	9c1274ac23c88ba1
27.155	fb881ef3941f2df1
27.156	3f01f99eb63c9e22
27.157	328ab987aa4f7d47
27.158	b43f8053962c5c8e
27.159	10d888018aa5b355
27.160	4c1b5de80e489570
27.161	364c80dfc197369f
27.162	64405c8e199bbd9d
28.0	036d1d480609a1ac
28.1	82eae9053ee62a86
28.2	a7adf3f8650acb94
28.3	bc93fc2cbb6d27ea
28.4	c3504cebdb93e40b
28.5	9c5070627b1b32c9
28.6	3bae4c43c217f637
28.7	967fdeb20ee80e7d
28.8	a559058d5239accf
28.9	0e58d9e446eda141
28.10	ac7556108405acf6
28.11	b2c66ac6c8419f6c
28.12	42457203e50bf84f
28.13	d3088110264a5851
28.14	ed1e83245c90ef5d
28.15	e2f18d848ba7e120
28.16	ce58b53de89c78ec
28.17	06f465d50d35fca9
28.18	0fecc8db87c89369
28.19	c719317cbb464c64
28.20	e0c1775c0813644e
28.21	b7e2010a732133cd
28.22	1722ebbf592e7048
28.23	0319b48d1cb2fead
28.24	ab5b6c2f30f24b9e
28.25	aecd19a19600ce6b
28.26	4311906d9f30ba2b
28.27	615ee00c804905df
28.28	4368d240a084000a
28.29	9f5244c744c6ac9f
28.30	f44609a3fc5c7121
28.31	23b71f042bcdc042
28.32	255d7e31bc589af9
28.33	cf87b23d0f70cff8
28.34	98fa201f79bdbdff
28.35	a06fcf42f6466d91
28.36	de03244e5eed292e
28.37	70ab05a5a9ee493d
28.38	60213b510f3fded5
28.39	b26aa08f407b3aae
28.40	97030701a42b6a2c
28.41	6e054d47805a5800
28.42	a0ecd2c560e0b3a7
28.43	e6ba52dd17104c52
28.44	e03268bfaf198012
28.45	5ca104a2dd11c275
28.46	9d9b171098cab205
28.47	be7b25fb9014bfdc
28.48	17490301ccb54268
28.49	8dbd6e15cf5108fb
28.50	92e41a2de1c80802
28.51	43d2a5ae2cbbe9c8
28.52	1828e29fded2b609
28.53	265a8a67d6ced064
28.54	f7f46ffd39c31254
28.55	bbb0b256df5ac57c
28.56	2ac1a30f8d0a2e57
28.57	57a5a058b46a2c36
28.58	dabccd05fb50dc1d
28.59	acc878fb174f9f38
28.60	9d67b4c7e906cc5e
28.61	2a3d534470862726
28.62	49fc645c3ad15302
28.63	b740397ea811293a
28.64	0da554b003995cc6
28.65	53df39598cb46a73
28.66	7c8e8e17bf09521b
28.67	ce1fd279caba981a
28.68	0de507848960465e
28.69	8a6ce62e4aaa25be
28.70	c93a12d55c9c1986
28.71	c2d75e667210786c
28.72	af1670d372bcb47d
28.73	c24257f47da25506
28.74	bfe146abb78a8cd8
28.75	f88db113e529cd22
28.76	40746a4b2087e263
28.77	2882028a3c7a13be
28.78	e1c84b50ae49b375
28.79	eb1beb15716cfe22
28.80	8d340993da977867
28.81	88ee6a22ef0dfa69
28.82	b74af332506d8cc5
28.83	0479ed7aa5a8770f
28.84	1c1d511670aa18a2
28.85	669f0ba0ab1704b8
28.86	25a8cc7aca699477
28.87	d98fe988e3cf0090
28.88	f8d8aa1a7a43bace
28.89	14d85105cfd0217a
28.90	8b62b8e02af08570
28.91	6e875cc11f5da6ac
28.92	4cad770597fe05df
28.93	4126b5d99fbf154f
28.94	7daf3e28cf2924e2
28.95	ba580b5a23c1f0d0
28.96	912cf0970e348268
28.97	91aa9c37cccc2509
28.98	d4f96dd0d71ad51e
28.99	554d14ad9c9f443e
28.100	910b81f9f942f59f
28.101	d973b098d38d0e80
28.102	b62567daba1746f0
28.103	c7009297d7309903
28.104	3dcbff98d2351f9e
28.105	5944f410ce12e336
28.106	eec7e0e20f8d1ec5
28.107	0d7b08842b685a01
28.108	194650829f5582be
28.109	9f494c895c7c4803
28.110	ba5745a12a1dc0cd
28.111	da1e0909fd3f582a
28.112	53b53c8a8cc928da
28.113	903775aceffe7a22
28.114	4add5030289b5d77
28.115	bfc6221a0317ab46
28.116	1af05315610327eb
28.117	49ac501a01c66e0b
28.118	525a83af09c4ccc2
28.119	4185a4289ee9742b
28.120	d5d39074ecc7b539
28.121	79d6aa0286e23881
28.122	293258e7531f6cc3
28.123	eecfc91528d697e6
28.124	db778c50904e84ac
28.125	6039e65972d761ef
28.126	00f3f642c90d8ee7
28.127	f1d82b3c4ad16c69
28.128	cce389e27783ef5c
28.129	6a7d7b74381eeb5d
28.130	12ad6dd69af83b7d
28.131	f1712e95d70fb14b
28.132	8758fbee199d647e
28.133	c07adc52a82283ea
28.134	557fabaceca57fc4
28.135	eae39f6940be9a70
28.136	19af40237eecd21b
28.137	b3679f6433a09f79
28.138	29f1310d7e2bc6d7
28.139	d369fb3dd26489cb
28.140	13c9c423e044064f
28.141	b4063ca65fad1596
28.142	c899531b54a769be
28.143	4d44b0499f094097
28.144	7958096f41ffacc3
28.145	738494b05482a245
28.146	c4abcfca2d4c7974
29.0	14f3f435903c1cff
29.1	ce8acd59ae503d67
29.2	9ae73bae505a1cce
29.3	71db29a9711dbd8d
29.4	1f7b74cd8e91683a
29.5	0d524da3200b8186
29.6	77ee0d4f056b4eac
29.7	aa921686a07faa08
29.8	dc778de9fc56e30b
29.9	67de5db4d22f9a9e
29.10	3dd0e2f4a41285fb
29.11	5ce0a80b0141300d
29.12	679405d335f9a860
29.13	47adb3b91ecffde8
29.14	03e123928af97651
29.15	b33b8483ec9a6d75
29.16	7fe9c709c67ccd87
29.17	332cc56452f619b9
29.18	e246b9d4ad5453ba
29.19	ee8a567d154d73e2
29.20	4044faa6d9848778
29.21	873fa0a086773d03
29.22	388eedda1453c9c6
29.23	954e4592d6af073c
29.24	4c0b43cecbf3391f
29.25	84db2858dcd1c29f
29.26	f965354e962da262
29.27	1b914e09f682bb24
29.28	35068d877a713357
29.29	bab9c4ffae8c9095
29.30	97839004f564c65d
29.31	1da08695e17c8770
29.32	4cd8ea039dda5b3c
29.33	7dfec6c5d33e9ad8
29.34	cdde2d235194922f
29.35	59eb9cdc3be21d5b
29.36	edc4d5cf97cdb4b7
29.37	e86f8414c19c7b56
29.38	6d07701f7a5267f4
29.39	cf87b23d0f70cff8
29.40	9ea0b96603fc0c70
29.41	acad85591b291306
29.42	e669d0d9a77cc9fe
29.43	649d432e986ae5b6
29.44	9e9c0c3a91078a37
29.45	cca6ba1385508df7
29.46	a0aee804e557edaa
29.47	cf87b23d0f70cff8
29.48	9f09961d569c8e1a
29.49	787c972e2ddb48f0
29.50	6fe0d94a1558cb25
29.51	b6e2968c5d0c9f74
29.52	2b76d38126b0ab2f
29.53	f0bf75e59659535f
29.54	b30e47121a3a4708
29.55	eb9792402d2faa7d
29.56	08741338da3b3c02
29.57	b7aad61246e8bbe2
29.58	6c64b4add726c482
29.59	cd5ea3aeea402453
29.60	f32cfa2222291596
29.61	cf25543d884c2d3f
29.62	58c724b2b61ecb2d
29.63	8305bb4364bdf911
29.64	a553db0f63248847
29.65	c5c8ef3b3d86bacf
29.66	7fefebff50058038
29.67	ce09631c2fe662eb
29.68	2a4c92f923bd04ab
29.69	d236dbc495548bdd
29.70	661ceafaea21b74e
29.71	b4f5d31aec1caf9c
29.72	415e0fcda9a450ab
29.73	de6fc2ec390701ef
29.74	1b6451815381285d
29.75	38095cdf5be1365a
29.76	237eefb8f9b0d3f9
29.77	6e8401bdc2b80dd3
29.78	05cda7df4b755cf4
29.79	746fceddd1513e71
29.80	7b078c7d6c0a4a3f
29.81	dd28ed1507b1e1b1
29.82	745e70bae38db483
29.83	9159dc47684ca828
29.84	490234748a2cad39
29.85	8e047be30f44187e
29.86	288a4ff22b53fa37
29.87	0c5fba494e621e83
29.88	55c53fd9c1374d65
29.89	005d4dab61c26d29
29.90	212dbd7661bf3c92
29.91	01471c8ba3875663
29.92	438e8e859fd9b848
29.93	20a9cd478920ac92
29.94	039a47e495d66079
29.95	dd2854a8b660859a
29.96	77267e5eb1ea92d9
29.97	8c30eece331ed04c
29.98	c1a07641ba0a5b11
29.99	a5630340cde3c2e3
29.100	69d6e68e99ac3a23
29.101	3f45936a9622b48a
29.102	587ce939e9ea88d8
29.103	bf69e076d59978c7
29.104	5e30c8a5eed2672b
29.105	f0d0f1aa73b719d5
29.106	aed18c6c985ba675
29.107	4d214eb70d2fd135
29.108	e276985d57f9ae65
29.109	e1b32d38e392345b
29.110	67c308255e37e7c4
29.111	9a63208b5747d214
29.112	50e402e12247c2c4
29.113	34f8cde19d898c11
29.114	df2533013c8b7896
29.115	715908c5c5afdd25
29.116	49612c6ed6f2f6d6
29.117	f227cc44919ff4de
29.118	f9937d95fb928c4e
29.119	fca9f353be59ba95
29.120	5d5d76875b882834
29.121	58c996d89e2335a5
29.122	a0c94e8afcaeb801
29.123	09076ee2a2ee231c
29.124	ff61af2d384725f7
29.125	d813a56eedfd4760
30.0	19496bf4631a7780
30.1	48fa254e905d21dd
30.2	cc9511709d4b6893
30.3	b4d8da06d92fa235
30.4	dba8ebdbb1e38901
30.5	ff2504c9c02702f8
30.6	d171bbdfb0476635
30.7	47159fdb256dcbb1
30.8	cfd039bddc40fd73
30.9	c3fff6a3b284636f
30.10	6b9c25bf4a312d7c
30.11	4934843499ed2c6b
30.12	d9cdec9c1b7264f5
30.13	81891a3345d12944
30.14	b8ffbb12c56cfee9
30.15	653aa7fbbf7860fd
30.16	2209e9a974013e7b
30.17	fd552db33e7641c6
30.18	14d6e29b2206a24f
30.19	a442b8601cf15a8b
30.20	26059cfaff187aee
30.21	6ab9860f71cfda95
30.22	c09191a22cb877d1
30.23	24757e5d905d5550
30.24	463b9f789a44ed0e
30.25	4ad301a6530ccf07
30.26	75494a63a070a5ab
30.27	5f9dcface9cdd9fd
30.28	86e848e4b79074ae
30.29	64d3910883ae1449
30.30	ffc89a58688c5b16
30.31	9c33615b5404e6cc
30.32	a32bc59c7b02bd9c
30.33	d276557498783c5c
30.34	76535425741a82bc
30.35	4ccdbdf1cfa721cc
30.36	707c2095c56ccb18
30.37	dc195c6ced08742b
30.38	6f80666c3ec5cdb8
30.39	9ee4861b03d89d22
30.40	d4653f875467e9e2
30.41	5f89ab491018fdc9
30.42	4d9feaf53c69041d
30.43	8d25b847b4bf3536
30.44	1484975b4d17b03e
30.45	105301b78d756db3
30.46	63d3454b5a716071
30.47	df02aa77ff18ce85
30.48	2d41f95a95aa7564
30.49	a3cc0d53a54bf8a2
30.50	b9c34cc282dc7d58
30.51	09d98cca4f4faf0b
30.52	5b59be4f0e6318a2
30.53	cf31fe7c066c041a
30.54	296cb0a76bf22cd2
30.55	9e77aa15f8dce3f2
30.56	24297da16edcf5c2
30.57	9fbf01976ef3182f
30.58	d0bada248e85a534
30.59	cf87b23d0f70cff8
30.60	c5cd3ddbd3e78a03
30.61	13abc5f0e1352285
30.62	e8bb817e1a34c2f6
30.63	9b7f33c30ee48e6f
30.64	cf591ebc098a6a38
30.65	8f16ec92a06fef08
30.66	932e24295bb5cf29
30.67	9102ae580cb7298e
30.68	784004121339f0aa
30.69	125c337c248d7269
31.0	3a5ffc43345ceca6
31.1	dabe0db59e8889ba
31.2	7727b8d58646951c
31.3	d6c7118c3afc9fc6
31.4	ac8de420b5645dfd
31.5	21c7fa6e91d5ab81
31.6	ef229f1591283b31
31.7	714225f6a19c4060
31.8	6f1fe8347cdcbb8d
31.9	599d4e4896b15b15
31.10	b4215174947c0be8
31.11	fa914bb9cb0ef877
31.12	3b07a6c58110bc83
31.13	c09288a51c115419
31.14	2dab63862c9477ca
31.15	5fa28d3a700a5a96
31.16	7acbdc4383d4e06d
31.17	4ba7382583e6f7f9
31.18	0b9246520c3887aa
31.19	e2b5daef4171e499
31.20	6ad3f911fa534c25
31.21	d70c1e1cfc69e048
31.22	037c9e70b98a3b80
31.23	ee216544365ea7d6
31.24	26c3b14403da3ce0
31.25	362d5e66e788915f
31.26	f3fdc56e7a040583
31.27	c4d91a2e4f4afc2d
31.28	8eafda9d75d01ebd
31.29	f1e0a6b4bd8b9b5a
31.30	a43b8ef663175196
31.31	eab24aa8ade4a31b
31.32	171e0c6295a4cfd9
31.33	2f433cc11779443d
31.34	56815ae885915ecd
31.35	9581145320d31613
31.36	36e5c01d30db0c94
31.37	faee81a265b45a71
31.38	b4c35fe300c0efb5
31.39	3f48de32fa02c6ad
31.40	fa65db228e3affc6
31.41	e8ae9362fd5fb31c
31.42	7a4ebf1de05cc219
31.43	2b7016328de0e9fd
31.44	add0ca8c6d22e7a0
31.45	2db1bd2d3a34dc37
31.46	1f36167090e89842
31.47	4058d78bbeffeb13
31.48	0bcbc9023c4486df
31.49	1477b3dfd3f96939
31.50	b95af2139f9ff966
31.51	da926c37cde548e7
31.52	47634558c8723f49
32.0	0f88f1f1caf2e7aa
32.1	16800234cfe2fa5a
32.2	7aa384b59719cfe2
32.3	6fae35a1a84c6235
32.4	3217dd0af3ba8299
32.5	44378bee4995917f
32.6	5c3268a1c914961f
32.7	9d15c2d3c606eeb5
32.8	f7c4d94474bbc326
32.9	3992a0bec0cbfc83
32.10	4c6ed4577fdb32d0
32.11	010948e987e5a6a9
32.12	40489dea4e9099dd
32.13	ab31d450644f023c
32.14	c53adceef9346361
32.15	f4fd543a58da924e
32.16	b70b759d8d03d32c
32.17	45777fb89cd04ceb
32.18	63a591db30217494
32.19	494390b60e4faaa7
32.20	afc00e67f4ca7019
32.21	8531b7c9fc92520f
32.22	c60dc814fe43b554
32.23	de3cefa1db2aa607
32.24	67ee81b76f45918b
32.25	9fec99967c41df4c
32.26	e50e5e3435dbef92
32.27	1b1fe5f92f73adae
32.28	f96c807db3670a7d
32.29	9056950621e63131
32.30	c536ab50d0065093
32.31	2cb00389a8018a6a
32.32	420b5fb11e56579f
32.33	5d671677b629fb4b
32.34	b5c17190846b0eaf
32.35	3b7e1eb7b85f11a4
32.36	34038645926fbd81
32.37	23f5c5860c7b412c
32.38	c58cc72af6c601e6
32.39	c7e2bef15a35e164
32.40	3082b389eda55c37
32.41	c444eb03f32e39eb
32.42	3c0d53a766340a9e
32.43	0c152a0e4dd2bcf6
32.44	79f913057283de04
32.45	d40f1c4ea3c4066d
32.46	46d5f56d615da3a4
32.47	4c87571770c8c961
32.48	49af663438f2d332
32.49	6d35e6b530272ad7
32.50	9e93e2c5a600b112
32.51	61b30cbde2b69b64
32.52	4ab24a5fb541658f
32.53	ab4dec95c98d677e
32.54	6b3a953ad78b8c67
32.55	7eeaa8e52e456a59
32.56	d82f0a924fb9bab0
32.57	fed2a7289c6d1da8
32.58	3726ee237d703242
32.59	90f61200c2e447f8
32.60	2f4fec36d379878d
32.61	c39408df9870ac50
32.62	690af204f5404e6f
32.63	c67f098e14c063ab
32.64	d50dbd0302f0b76d
32.65	f67dc31825c20f29
32.66	067612ba2556efc6
32.67	5cf9febdb1a8cc7e
32.68	e9b3853fd12cccef
33.0	76ef1de9fcf175dd
33.1	a671e30f5e9d196b
33.2	15718ecfb41da899
33.3	95c7f71439dcf6f1
33.4	141527dfa68b92f0
33.5	8ef62eac45f8a40a
33.6	c7fc63defdcfdd07
33.7	4bdbf48a88796c20
33.8	4f13796006270b19
33.9	48a7de948f54ee83
33.10	82ee67d3ecb840be
33.11	f06d672584bd6959
33.12	10eae55bf5e9b3a2
33.13	4f050fc06d68c90c
33.14	98ad22756e9ce508
33.15	8161ae717e909dd7
33.16	b823e13ec941223b
33.17	589ad71c6c9ca154
33.18	daded69987560d09
33.19	62de76fd331c103d
33.20	f9a12b41f460b04d
33.21	8498396060ff0a9b
33.22	5dfc187b0491dda9
33.23	60d7a50255f2d2cd
33.24	281cbcac51ceaccd
33.25	87f329430314d6ce
33.26	188a97b3576a4290
33.27	66a6441783199c9c
33.28	a06fcf42f6466d91
33.29	9052128c0dc0ca69
33.30	34bf82fbbca90703
33.31	e2cd7c5427816ecc
33.32	cf87b23d0f70cff8
33.33	131bf89ac7cf7e4c
33.34	03c0c86e1b3c366f
33.35	83f1052ded972067
33.36	03e696f377875ed8
33.37	2dbc9f277ba9c74f
33.38	92d948bae44dacde
33.39	f44da209b5ffc0e2
33.40	097c2634c31e40c8
33.41	656370c0764d3bc5
33.42	46368d3e3a2ce6f6
33.43	40eaac8bbacd29ee
33.44	62d38ed42e15657b
33.45	522ce5e4a2bbd85d
33.46	fc87160ee18904e3
33.47	978251fb38fd20f7
33.48	0d195959232329a1
33.49	53ff772b0ac1cd2d
33.50	aa346085aa9339d3
33.51	b709b70824f8e0df
33.52	f3d09b04461e9007
33.53	355324a4dadb8b3b
33.54	b6571b52f70fc57d
33.55	e093fe20604a69a6
33.56	017537395b951a07
33.57	b6c1f91497c78ce0
33.58	2f8892943eaa77b2
33.59	65cd06f1936ea2ac
33.60	f2111a23e41ffc91
33.61	2727ab0fb9da1b02
33.62	249027f8731e7bea
33.63	e0c6f34ea41da9b7
33.64	92df8e75330b197a
33.65	b67f58420524f178
33.66	69ee189febbcba16
33.67	0b5f7217b8f376f8
33.68	a56ec4d2547024c1
33.69	be49bb7185385493
33.70	b5961b75fb2e32f9
33.71	b91dd66fc1fad68f
33.72	2b927d71f6c39d4f
33.73	2e05d0fdc4cccc82
33.74	d39e50582ea52b7c
33.75	74902b4924e3add5
33.76	b8b9bd051523cb50
33.77	e10ca3bfbefd6470
33.78	a9e6cfef1fe82e1c
33.79	38c41492f32cf377
33.80	8c7404b2f6caaa50
33.81	c26c479681b771ed
33.82	dfbae30908b36207
33.83	cf39685f82d559d3
33.84	e7c38c666ef2a1d1
33.85	7e270744e3993f23
33.86	5840b50b17297125
33.87	73072edf64cf5a18
33.88	f0fc608c8b2bfb5b
33.89	ff69f95ea45acb7b
33.90	c2cc0b52791967c4
33.91	682b6617ddaab0d7
33.92	18c91fa2efe3b9f4
33.93	e25aad487dd4e4df
33.94	fe1b0cc52b35d499
33.95	55a5ebf1a9ad4cc3
33.96	5d73a5bbcffda3b9
33.97	91b01d0e607cf182
33.98	021ad5fa3dcb6e93
33.99	3801eee5d78f364c
33.100	66cae889a061eed0
33.101	f1125130f36be474
33.102	dcc6e675427b7cd0
33.103	cf87b23d0f70cff8
33.104	f2093e40c2541dcf
33.105	24bc0988d143ff01
33.106	af120e7f3b5959e2
33.107	91e426c8f37a222d
33.108	2ba72ec9dbe3aa47
33.109	9c3289f977d89c22
33.110	53eda449818622d7
33.111	18f92ff70831b3dd
33.112	7f136d89f1d19b52
33.113	10057d316ff81300
33.114	1599a15ac33abc2e
33.115	57d8df220c4f7994
33.116	f07a7f99dd8787ed
33.117	a0895b09eb62c0ca
33.118	92d1fba86e5e23f5
33.119	e56653d90492a8a7
33.120	add84d7656d71ff3
33.121	5c4b7d9e5c86f35a
33.122	41d8647fcf17e3ea
33.123	03daa92b7b804dc1
33.124	154441fa68d620d5
33.125	656e45cf9a3ee3bd
33.126	ae494c32a4e6958c
33.127	0e07b3ee2be3fba4
33.128	b24cd6bd793b3069
33.129	a00f3e982d184c55
33.130	aa59636a6323b27d
33.131	0371ec21008f54a7
33.132	05e39719c1008c1d
33.133	ad173f9ef5d9ce48
33.134	725d76732fb56e77
33.135	5ab166c68e97e0eb
33.136	89e992d1029d137b
33.137	c446e1fafa3660ee
33.138	f2e9e869eb619c98
33.139	b3844293d840e082
33.140	8e6b29140b7dacef
33.141	1bd5b78f3f30aa6e
33.142	c3cdd25b00a96bb2
34.0	cf023d6194efaf27
34.1	71da0695080b03b8
34.2	5a9fccefd31545bd
34.3	9c8bd2e79f9c335b
34.4	1e8d391c4da6e47a
34.5	b028d1f1a778ef95
34.6	e7eb92489f1681c6
34.7	b5348f9f73562d5c
34.8	7a1cb53fd3c5872b
34.9	4a040305930ad701
34.10	b52cddefd1af4b6e
34.11	02315767fb23bdfd
34.12	df4ea76c4123c1dc
34.13	f70ca336b5252a7a
34.14	fe17c215b8417d42
34.15	2bbe541b4e6e6cb7
34.16	5b8d4284e19acb37
34.17	7d28f6cbcf17e884
34.18	7a0f360f16662cc5
34.19	c3929d1a67a8f168
34.20	925c5c6765725ebf
34.21	6e1af314a9591cf7
34.22	ac3d2d3c1fa9c6c9
34.23	4fe9bb391b67f70e
34.24	a52a693e2942aeaf
34.25	221f9c512a2b43e7
34.26	48ffe850b5c96981
34.27	51d504f85cec60c7
34.28	8ad8873ad33b8c50
34.29	8f482ca0de786330
34.30	c619f73c2468fb8b
34.31	6944975a1f1872ed
34.32	369f0ee43f9f9b11
34.33	b160cf96a0dcd265
34.34	5773a640e8ae6ae8
34.35	2519a291cd7093c2
34.36	cff552cf91e3921b
34.37	a11c2c939760ad53
34.38	1950c6a9b84dbb25
34.39	14595f3403312fe4
34.40	113f63d5b55d93bd
34.41	dfc67c574bd6ac59
34.42	50a603aa33520cc8
34.43	4b68639458231c3b
34.44	dab6f47029f19dd3
34.45	881f12b7147e5346
34.46	5a4c261c63e69187
34.47	37bed3485c374d0d
34.48	8549b4f46781a480
34.49	31c3d235a885452b
34.50	de4e69e17bb4ec68
34.51	4dfd932fb33c7e03
34.52	2276458db9bd78dc
34.53	f259607c48a05c3f
34.54	71e13516add29952
34.55	35b8edb5957ba443
34.56	12a2c2620bad0b12
34.57	e915a179e9d8f312
34.58	e03376982ca9c67c
34.59	1c4d6d5e22418a01
34.60	618dfbdcc710acc8
34.61	4d35b4f66dcf05ec
34.62	65ad65160d6832a8
34.63	d8e14d9bbc1d6b9c
34.64	3f4e90f9a44f527c
34.65	1ed36fd766ff0571
34.66	4cee649f5742210e
34.67	03b3aca4c0d6545d
34.68	f009b6e6971d0bcb
34.69	7c72242f66f97c15
34.70	56ce564ee791d8d2
34.71	df1a49854f9d38e2
34.72	91cd7fc58fb60237
34.73	adaae1527abef142
34.74	e699c491c3987280
34.75	1b05fbaa2986b3e1
34.76	0a345e2763940a8d
34.77	db262b5f1b1a0161
34.78	5410f0e8cfcaf518
34.79	985752e62d15dac2
34.80	8051e5dbb8f0f207
34.81	9c62c0b9a20baa15
34.82	815ad7737f35f0dd
34.83	5ad80130c3dd6d59
34.84	db006c0da46dc0b1
34.85	17baa93827586b02
34.86	2cfaf2383b2ef204
34.87	d10a01a59950007f
34.88	579dcae1620cbc46
34.89	ee3ad685ae62f68b
34.90	5ef0ff252a848d25
34.91	e3c1c5e488c914fd
34.92	2251569f08f8dc3d
34.93	a3f2094c4a779a9b
34.94	cd63f4ff6e1528b9
34.95	607478f69ae8bca6
34.96	9d4608f02e0403b7
34.97	6610ace4f915dc67
34.98	17545328d86f656d
34.99	a7503076a3d61537
34.100	f9e582b6a6ea2a99
34.101	8dea9ef244736cac
34.102	9c5f54a883e0fd61
34.103	0c5d375ad266ee83
34.104	918390d6832ab03c
34.105	8358806ab658256d
34.106	11afe1792599f39a
34.107	f4586efa5dad71e7
34.108	d2c82d7b3ce2c0d7
34.109	ec0ec58b0c79e5a3
34.110	37a7d1b50c479bf7
34.111	6310f8780c85f536
34.112	1d6932a356c9a392
34.113	96701e1642075cc3
34.114	6abb53b6848c41cb
34.115	c5d64446643ed2bb
34.116	1bf8d93af7555a1c
34.117	23c21e51f2209b86
34.118	75d6fa51f697d467
34.119	31b0b47a1b63e061
34.120	6438b078b31bba0c
34.121	afac86027bb83334
34.122	469dd4d4451f1f0f
34.123	2febe37eaa7a5411
34.124	d13549035f5074d2
34.125	7b8195c321366c19
34.126	742d11ede7f7e197
34.127	806f200caa1c688d
34.128	49fb455ff053647e
34.129	82fea7a2577a6cc0
34.130	3625b48318ecb278
34.131	a893da6332b1da40
34.132	7c8e89ad3410f1e6
34.133	a392e4dc0515528e
34.134	7f5852b51ef7aaa3
34.135	8a69cd4db6ff9334
34.136	a31cfaf6ec20150b
34.137	ecbbd1d84f873dcc
34.138	ceb8a4f27e593545
34.139	94c64017a06a0f6c
34.140	a71bc4bf96a2429b
34.141	814741679a367fc4
34.142	fedbff73784cfb52
34.143	8a67043d534d95ec
34.144	ea6da5f6fc0418fc
34.145	c01e75662f3d3e6b
34.146	793e802e872a619a
34.147	0e5c10845ba88bc0
34.148	5aba8b722ebcefbd
34.149	e99dcd4e88d7aafe
34.150	5fec41b0b15b73c3
34.151	9d6b8062032ccd66
34.152	7b7ce7eff472cd56
34.153	00bdd8e4d0cdb473
34.154	144c112ed667f003
34.155	df6a1c5baa7c8456
34.156	bce310522d221183
34.157	2d8ecce855175cc1
34.158	7db58bd81e37d6b3
34.159	2ab85cecf391db4e
34.160	a2a8e294b9843fd0
35.0	f01f18dbf27bdb82
35.1	874acbdc126725ee
35.2	9b0f96e8917e783e
35.3	7ac9e4d9481d3550
35.4	d9597b75a99454a6
35.5	dbb17320b72f5c80
35.6	4e5d6ddce0c98b5a
35.7	2b7123feede37949
35.8	0105900123427f72
35.9	b719608d85a78ee5
35.10	b2c3a5f297ffc9d7
35.11	20a327152a6d9aa5
35.12	d42be3b8d95c9bb8
35.13	ffe189810c339d11
35.14	fb0cbdf9a14a9acd
35.15	d2235c18f1284a06
35.16	5c2715ef80ffb2f2
35.17	16dd5d250ddc9058
35.18	e5da7c097971b6c5
35.19	d8569ff63215b3bd
35.20	547fb9bc74665ffe
35.21	1b62b432bfbdb5ab
35.22	0399197780039fe9
35.23	00e4adc43379cf5a
35.24	d6d007de2d4486dc
35.25	48c3e34b064b0e5c
35.26	80299bc19c2956d7
35.27	b94dad0aa55224ef
35.28	4d45bee6f03c8528
35.29	a57190fc4d06329f
35.30	9427a07734c930e4
35.31	8067607691322ed0
35.32	5d19f636c922b370
35.33	7c7cd1af1296fa04
35.34	dcf6d40c097c7bd6
35.35	ff2b3009503e6e9c
35.36	22264a21cffa81ef
35.37	f51d14a48eed2250
35.38	7b29935396f8fc73
35.39	5c7a50b83c2a51e5
35.40	0cde6c2d747a10be
35.41	bb0580df724ba9eb
35.42	8935a07d1a5a9728
35.43	51b26f854656f047
35.44	d21bfc700c07b0d3
35.45	0e50a2ea28114a1a
35.46	dfd12ea9676095ec
35.47	313e95206cedc2f9
35.48	5943c8fa21c5e394
35.49	de704029e3b55b07
35.50	000e35c9a3aa10ba
35.51	141422c42446e12d
35.52	0d08213afdfd6466
35.53	09237b2d76e00cee
35.54	a24eae9f97072ba5
35.55	390460e8c6caf7fe
35.56	a40caf9c5443d224
35.57	cf87b23d0f70cff8
35.58	f9c0b42e9c0c21fb
35.59	a57bea23f2ca7dec
35.60	4f4fc268edbc8e6c
35.61	7e76f60028ab32b6
35.62	6eae30d9be63f4a9
35.63	6443b515f44ad1e8
35.64	1acb731c02bfb480
35.65	9f5b9c46ad91a49c
35.66	61d1b29ec3d94e0e
35.67	62098e1aed16f5d2
35.68	0a565f16ed232d64
35.69	b7a746e0732384ad
35.70	8ad043213277749b
35.71	18e8567470e2570e
35.72	dae3fdb0e547f321
35.73	5d92c1baa4f4561c
35.74	8473268b5aba32f8
35.75	8388165414639ef7
35.76	c543fefb54dc552d
35.77	80a046d4b4c4afbc
35.78	813c700032dcda55
35.79	6dabae834ef9f8a1
35.80	6bacb28cebebd590
35.81	72772d909ac015b9
35.82	6d52fd4f1de1ebc2
35.83	dd30bc9162c3e158
35.84	246d1c46aa9163d5
35.85	2e16c4f1419993d8
35.86	acc8a977066d2c35
35.87	5b689a79b1733fe0
35.88	f440403d7a18d746
35.89	a6c5981f04d3c777
35.90	aea87dd4956d1f85
35.91	158523afea6a1759
35.92	555ab8a1a3dc9a7d
35.93	98fd2be6254bf1b8
35.94	461718a1c1169afa
35.95	8e167f244180f1ee
35.96	9ce0d06b36ed0e67
35.97	7f97ad698d621b8c
36.0	8dda40b4299cf956
36.1	247e77f6e4005b50
36.2	704dd258ace08d04
36.3	07032b1cbd9186bb
36.4	8877ca366b777f59
36.5	cd3bc15559e50f0b
36.6	40baa02f3a34223c
36.7	ef5f447f4ad501d1
36.8	0fd77859796a568d
36.9	4a4784511d526c6a
36.10	6b9f50eed8557bb5
36.11	f6f758c158a4f4fc
36.12	b0fc2ddb47932a3c
36.13	461b44b0727b91e9
36.14	591e153fcbfce7e9
36.15	cd3c6d39b4b57ee1
36.16	d2e597cb2b52359f
36.17	f77ef8ae2a7187a7
36.18	056b4855c7053443
36.19	0320e1dbf7cf082c
36.20	81f0971f177d51a4
36.21	44e533a86a3b2d96
36.22	7f83156c8f98faa3
36.23	555873bb10259b02
36.24	3120083503cbc05d
36.25	166bedfa0344170f
36.26	860cc3bf4254ff58
36.27	3422a75c80bdfc7c
36.28	d12212f5afc6b751
36.29	d3841c242bb0d6f1
36.30	d6b998ce9d693821
36.31	db53bfbcd90535e0
36.32	360b37b4a619006b
36.33	5754c2fac403c959
36.34	31247a7af5bfed33
36.35	d0172d8cf2cd4247
36.36	42fcc08d60917457
36.37	9383d3407e8d26de
36.38	c0c552c40e83e6ff
36.39	ae407be9df35a8fa
36.40	852f552728748021
36.41	8d55d1ec91df5156
36.42	ae1dbc3d6c79edfe
36.43	b765ffe3209a06e2
36.44	5e6971ac065fa203
36.45	c509cc5a3b5349ee
36.46	cccf3dfedb342d8b
36.47	9f9711247b62bcbd
36.48	a9a307cbea86e873
36.49	aa6eded5e9f8371d
36.50	b3a663aa08e52eb6
36.51	d526d8b5280d3e49
36.52	7af7bcad64f97046
36.53	5a1d516edfe81628
36.54	b9de1b2bf91b510b
36.55	497051c27a16d6b8
36.56	3de4b465d9b76fef
36.57	ae6079d9d44ccc9a
36.58	d1a9f9701b3e6d91
36.59	263b9e5612a59f6b
36.60	35548134988b3109
36.61	f22aae79ea23bad3
36.62	de9ecddfbaa63e91
36.63	5c7a50b83c2a51e5
36.64	81fabb68f3851d10
36.65	3ce64028e6e30da0
36.66	5d17945a9697c570
36.67	dd5e090f11cb887d
36.68	5c56d9d1a6704df2
36.69	be95185870e6638b
36.70	180f358a76365166
36.71	8a91c0c8e1b9557b
36.72	f517e4fe92f23265
36.73	abf9f5e0c4a222d4
36.74	9482f8766cf1aad9
36.75	c88f725a1a287f14
36.76	0d5756d8e84f1901
36.77	5638e6f20631459b
36.78	22a87019e83b9e60
36.79	8c0dac85b13cb26a
37.0	0cafaf5d48b4c4cd
37.1	e2edf2b703cdf345
37.2	76ee4ad95f50d5e7
37.3	d1e8a75da774c5ac
37.4	0f96fb83bc86d206
37.5	d742e2e2ebb4fe81
37.6	1674ad2ba0ae6d26
37.7	f67fd2463adf63fe
37.8	a94b80c248a678a0
37.9	c3254207b31ca840
37.10	10e46c50decfa674
37.11	4b0c9d15b35255ad
37.12	235ac7e767805767
37.13	a8bde32a42995bf5
37.14	154f1e4ca9eefbde
37.15	4b264ad40a856042
37.16	414c303e2c862ff0
37.17	4b497e2a217f9102
37.18	574a68c0ed8294dc
37.19	9333fb8ebdb1371b
37.20	103d155f3cbc89d7
37.21	a90e98ef5c0e6caf
37.22	e14ed0a4bd1be7b9
37.23	849aa7fbd5a40ac1
37.24	9a4de0dac0f6283b
37.25	11f4d7ccceb6afc4
37.26	b27f7792f6c8a16c
37.27	0f713d99cd339cbf
37.28	340f7c61c519eaa8
37.29	6a1bcbfe4a7202db
37.30	ab86be686b56eb20
37.31	05f335e0d28ce1d4
37.32	db116cc8bd2f7c78
37.33	d90d2847307edc36
37.34	ef29faf7af24b515
37.35	ff35e74911264ded
37.36	ced0ea0ffa8a6040
37.37	d496a0c58f7235fa
37.38	f9fb204199cf5524
37.39	1581af9c111ad3ba
37.40	c5d848fd9dba059e
37.41	621d47e25415f8aa
37.42	4c3e5ad11254f09b
37.43	ca35fd73f5e65e4b
37.44	ac553a67a8a80ba7
37.45	4ebf46687beb70e2
37.46	63694129f5eec090
37.47	a1621a15475b298c
37.48	f9a03f1de43c7e19
37.49	7387a01f2a8d09a0
37.50	6fe7a29d7978e836
37.51	9e5dcc0450291d40
37.52	1d492ada7d26d27b
37.53	e8dd6a3fed5ab918
37.54	dc7fdb2b72eb5c16
37.55	3140939c8f8336a4
37.56	69c60f631776028b
37.57	4527b1cc5fe55089
37.58	79c402111707ccfc
37.59	9b55d9757e53158d
37.60	2a06b985eac70fa7
37.61	6481f3de0540a940
37.62	b145d6ea0b1d981e
37.63	fd08867062528c57
37.64	1c4f8bf0e4e5ae50
37.65	d9c72eb06137489f
37.66	5f1f919a1cc38b1a
37.67	67dc127734fbad07
37.68	427a3ed931c280a7
37.69	75db605ef51df414
37.70	0fd17ac065727a76
37.71	ebf72a2902922888
37.72	49452400296ef79f
37.73	5b2ef8aeff383550
37.74	efec1e9eb1628c63
37.75	3e796e9d58be0961
37.76	42d2bc1cef27a437
37.77	d6941a9ecb0055af
37.78	65aaad76f206b3ea
37.79	c5649a190e291836
37.80	2df55de32bbb1d55
37.81	a0ac478d5636fd5d
37.82	189389a63d37a165
37.83	2877943f34a833ca
37.84	321f950a9af4604b
37.85	84c8108ff7a0693a
37.86	dc78a15ffeeb125a
37.87	ef1a317aacedab4e
37.88	95e0c9f0e65e4626
37.89	b0b92b05490bcdd5
37.90	fe12f3ea15645198
37.91	639348cda95906fa
37.92	8440db93a218891a
37.93	5c75e951a2bb124f
37.94	7d3061c1bb60fa3f
37.95	828517d636d7a1bd
37.96	a3a8641ce1193ff3
37.97	7ce7f195bc50ca08
37.98	be8433ccd81bf519
37.99	77c1bd72f50e84ea
37.100	f40d579301d9b9bc
37.101	8ec3ddc388c8d2d2
37.102	7edc7fec442a1531
37.103	988e69e25df6cf56
37.104	1e3aadaf12c334e7
37.105	06b3251d0756a95b
37.106	669d6f391eccf77f
37.107	b77b4600d5e7decd
37.108	a80b60635b964255
37.109	8e1826ac5f81f481
37.110	7e38e1ff20643cc3
37.111	4cf67434e1f1f0fd
37.112	eed2291088520658
37.113	18eaeea218e5ac8f
37.114	eb66f73001f8a25a
37.115	2630f2cd3c8404d4
37.116	5389c5d20200526c
37.117	1d9439baec1a5cde
37.118	de952ff69a207cb1
37.119	1c2e1264a4c60a49
37.120	76b527c9a0ceee57
37.121	cf87b23d0f70cff8
37.122	46b75b7700955211
37.123	300f3e86083dcb80
37.124	e96d07d854091483
37.125	a8a806373bb71cff
37.126	225e6242582db417
37.127	ab82266446fa3a7b
37.128	a6c338bca2786fc5
37.129	bc9fd4adff5f5503
37.130	6c8e0abecfa822ed
37.131	11ce734c6c7f93eb
37.132	edb61a30dfd57cdf
37.133	5a380244ae7ca6c3
37.134	979a0685096b426b
37.135	f4fb68532cddf517
37.136	85a994fedcb18887
37.137	b092590e5dd68122
37.138	df9202492be830f4
37.139	c924fbc2797063bc
37.140	606a7b61954dd50d
37.141	9f471deffc11a159
37.142	430ff425fed5a823
37.143	9ff0337fb1a9525f
37.144	45032990712ed02d
37.145	c9b89cdd9be351c8
37.146	5fd28b44e28ad3a5
37.147	1fb39c0ec01c4b08
37.148	cee254572533adf1
37.149	cf87b23d0f70cff8
37.150	bd7761be2711ad1e
37.151	8c513a928bb4ee25
37.152	5a19344b6f3f5cbc
37.153	ef9c79fddc53a77c
37.154	b9fa4a21a691d806
37.155	c7319c040d2a9124
37.156	87fada8c2f0391dc
37.157	91f97cee1ba3b484
37.158	f220ec962ce90c1f
37.159	496eb3f41e250053
37.160	098d2033aa916f02
37.161	fd3553d5dca45465
37.162	4f60f514912be9f3
37.163	b8af19550ef63e08
37.164	4fd6f643668c2bf0
37.165	e04670584e32bb70
37.166	360551787e5a2c85
37.167	a3cc0d53a54bf8a2
37.168	ec65e0d002a5cb7b
37.169	d809a7c1e3754c04
37.170	179451ab0cd57dd3
37.171	4be8709a794bea20
37.172	51ccc594ad4f2596
37.173	07e7f90245753ccc
37.174	e879edc53bed74c0
37.175	576937ca072caf26
37.176	38f5f7e95fdaa490
37.177	23eadc0b4a8454c0
37.178	a06fcf42f6466d91
37.179	b145acbd2581c3af
37.180	f70327ec6b599aa7
37.181	38acfb4864e14132
37.182	a06fcf42f6466d91
37.183	654f3276a4041d13
37.184	cf87b23d0f70cff8
37.185	1e998c95ea5f3b5e
37.186	b64e025f3fd6f702
37.187	86c0e9a9818c71e0
37.188	43dc7c69b10f19a5
37.189	4ed260356bbce12f
37.190	17c504fe594bb553
37.191	aa478eba43ecc66f
37.192	e8197c69450f160e
37.193	1c8ac6cf486e62ad
37.194	4c61d4fcf3dfdddd
37.195	c40a948167f5612b
37.196	df277b4fdbe4aa34
37.197	b4ff94c0f0b0d779
37.198	10f9be763500da0f
37.199	b2fcb373f4f8d2bf
37.200	4151e5f1b49bdadb
37.201	6e28438e9355a3eb
37.202	b40aabdea7127e8f
37.203	c754f2049b7d0365
37.204	e42b0c49fcfe509f
37.205	b593e7b8a7e304ac
37.206	c8de4afff976dd31
37.207	1ece4b272b4a9ddd
37.208	62d1a90deffa82e2
37.209	ec7fa982519bb74f
37.210	c5632530c933fcd0
37.211	372be03384cc47ae
37.212	f572235f59284973
37.213	018ee3bb2056068c
37.214	31ba3be60c049bc3
37.215	e9b16efe627a0d87
37.216	0dc74b4ed3e80238
37.217	4951620023d42153
37.218	eaf1ad60edd25b4d
37.219	ec347122f69a4b8d
37.220	2952b374ff9b599b
37.221	c8c45cf40e3c05d5
37.222	38f5f7e95fdaa490
37.223	0cac8d05bd3e6880
37.224	38f5f7e95fdaa490
37.225	a2d5cc7f76a38ab6
37.226	38f5f7e95fdaa490
37.227	1337e2ef568df7cf
37.228	d2cc384279b91215
37.229	37f145d8caceb15c
37.230	3851651835421606
37.231	036e6c3719f9d737
37.232	427da0d8dff8353b
37.233	754d1d4becfe3722
37.234	8c00b2b6f9e3972c
37.235	3a261ef2570259b9
37.236	2659de9915fe080c
37.237	953b5ffad76c86ca
37.238	f5b1600bdeb25664
37.239	76db385914d3a5e3
37.240	012034797109c97d
37.241	6db10e1965be615f
37.242	42dd082ccdb037bc
37.243	98070edf4825497c
37.244	1bf8ca93d020050f
37.245	9086179ac16436ec
37.246	4f2770e6910fcc06
37.247	daaa14f365947580
37.248	02c00260a75c4fed
37.249	d892567ebcf22be5
37.250	898763767effa6ab
37.251	dc1fdcea2fdce061
37.252	879b6cf01abff83a
37.253	f42ff85607be7842
37.254	50aae52e3224484d
37.255	cf4caab783f8022f
37.256	9aee48e34ef31ffa
37.257	806745f73cd78425
37.258	9998383f954d199a
37.259	a667bd498a40c730
37.260	a1fdf15408f93020
37.261	68de6f7eec128db0
38.0	e887e2a16cef2a9d
38.1	e42771ab9bf211bd
38.2	505c0254e3feae3b
38.3	d4cbfc10a9ac29b4
38.4	4afced5ec6ba0157
38.5	eb8685919d2e8a1b
38.6	a671e43d855cc786
38.7	a02a87a4ebd301ab
38.8	2e1679e81394afb8
38.9	5beed2dadd5175c5
38.10	4ca5fb2da0944ee6
38.11	c1bc270898b3cacd
38.12	2224f50b904c543c
38.13	c86ba2a843855804
38.14	9f5de44b6d0e5c92
38.15	142c2703e369af67
38.16	0a257875bfc2785e
38.17	b4f389803f2e8305
38.18	2b59bd38662788aa
38.19	133e4d962073c047
38.20	cbce248a1f118948
38.21	c44e8e362763ea5f
38.22	9b22d3229a01362d
38.23	c48ada8c86440ef2
