chapter.index	sha256_16
1.0	02eaf3c8c4183547
1.1	daa744f584e87266
1.2	92ffc998d6038dd6
1.3	fe798b9d907f22bd
1.4	e36055d320672758
1.5	de45c002818af3c3
1.6	05f3d873c30d1661
1.7	89c1d7f0ced13c71
1.8	9ae4118532a4744e
1.9	e017d8515ead5440
1.10	746a446dcaf2e5d9
1.11	8425d166d4813bbb
1.12	97c5a21d08aafa77
1.13	035379f89004c1c2
1.14	1074e7e996279dbd
1.15	791f9122b5a3a21f
1.16	31de9df79d3f7c5d
1.17	c1127d0b7064b297
1.18	842bd12aa35527c8
1.19	f59d0138a8155684
1.20	287ae88a657ffd04
1.21	53c0ce697b9f4de0
1.22	b0ef3b10b28cbdf2
1.23	58e78e56a0296f68
1.24	4c4d02c8ecb408b2
1.25	b2ad31c39b84cd3a
1.26	78640fc4880574dd
1.27	64274ac07fe841a5
2.0	065dc3ba8ee728da
2.1	a3bfe1022bc63a80
3.0	72fed6a91a9c1f5b
3.1	cdc4268b55891d54
3.2	acf8ca50a22c5c2f
3.3	ad521387f3fb2533
3.4	0f016789441b71a3
3.5	dd62bc046d577034
3.6	a953279e8e56a7ea
3.7	26c863dcef51c373
3.8	4bc44b14556e4133
4.0	62181a2cbfd9d3d9
4.1	5f34f61ea6279e4d
4.2	a5e7139d4cdd66f1
4.3	1bc8b2b285f5d54c
4.4	a9d56bd6cec8e5cc
4.5	5b1685723caaff4d
4.6	2be34e301581ee5e
4.7	c6de046c63c74b87
4.8	2d2e66c40014d5a7
4.9	206546924c3069b0
4.10	099df115fd8983d8
4.11	5da709095c07582a
4.12	de61e230e023b1ee
4.13	8065923ac26cd4c5
4.14	5f1e7465f109b4b4
4.15	f54265785182ba50
4.16	8b27212a2f198558
4.17	22e40bc3f5db3771
4.18	9b9a01482f8f2ccc
5.0	eede6c8bc10c8af7
5.1	6cc9d4eeee61e966
5.2	0bdaf23acd502a10
5.3	1e6027f5fd7e59d8
5.4	9a7df2fcf9bf2484
5.5	2b6243a90af748c0
5.6	56d75c91b67e8710
5.7	5dde2c904f4d5351
5.8	000b7e1195145a45
5.9	9ea58fafde4595b7
5.10	e9c3e6572af8b00c
5.11	f2fb95befe2101b2
6.0	900b6dadd63ef2db
6.1	a5e7139d4cdd66f1
6.2	f2ec791450855168
6.3	3fa0002cb8382496
6.4	3850edab016baba1
6.5	1d9d7048b67e6019
6.6	4896d8d3659625a9
6.7	22743760edaf7500
6.8	5da882fde54ad442
6.9	cd01d62186de338a
6.10	1338080efa5e46e3
6.11	fee67bc9bf058da8
6.12	a1838f88782af060
6.13	006ead805734e2e1
6.14	08f1613021886ef0
6.15	4a4f88fe0deb1e96
6.16	39a382842ebd138f
6.17	89c7a3e0ddd70ec1
6.18	f40bc6e25af0a73d
6.19	0eddfda56f9fce46
6.20	84f6c3a6c5caf53f
6.21	582f816fb40c1534
6.22	036d7ac957d45908
6.23	af1424e1bafb312b
6.24	b813d9e8de3056ad
6.25	fc847a54b4eedc03
6.26	b4dd71b36261c0ea
6.27	c16617d4a7f6db5e
7.0	a5ac03dea0c1ec1a
7.1	fd3e420a7c701d1a
7.2	f8da52966eb20479
7.3	3d2200468a435dbc
7.4	e6b7332309892ab5
7.5	394d0c689c694f4c
7.6	e9a796272be157e9
7.7	7e862d002d822108
7.8	560c9c839e9af184
8.0	d7433c8d84c77015
8.1	a475005b4c2ac24f
8.2	5f194baddd13ed67
8.3	5369887cdc269384
8.4	dc9366d5620dff00
8.5	95a3ea64f823efdc
8.6	67060b257d37e30f
9.0	ab7b11a67f9d390c
9.1	7732dfa4748a5b8d
9.2	240961886ac8ff41
9.3	b1751796b138f99b
9.4	3e1bbfc5fb8a89a9
9.5	6ff74620d127fe59
9.6	6a6acba24c219779
9.7	e13ac9f64279da16
9.8	bc213f868f48b1d3
9.9	2734446b5a42e769
9.10	50f7cdef4137e1e1
9.11	2a6370a215d4944f
9.12	0217a76198b7f00a
9.13	29141824cdcd27a3
9.14	d31771fe24c7ffa4
9.15	36f8da224e5f2dc1
10.0	b3646e5958692ef5
10.1	1f5416af91e35f2e
10.2	ac53fa5aea33ad26
10.3	e3780d9747e46bad
10.4	1dde52be5b3c49a4
10.5	8ebf74bd74be89f1
10.6	411bf3ca847282b8
10.7	1b6438745616f963
10.8	56ba0344c0cbf4f1
10.9	3207fe6a440ae1af
10.10	81ce874a399260f5
10.11	2c9d784ecf9ed52d
10.12	80b503112aa179fe
10.13	ca6087e170c866b2
10.14	65c15fe7f19f083f
10.15	6d5cd2ab09758a24
10.16	1d6d8d18668be7a2
10.17	53135128f56d47fe
11.0	f4234647be202035
11.1	5542ae28add73740
11.2	5df8bec9b0bfb74a
11.3	d85e59373b62021e
11.4	83d555aadc405ece
12.0	8f915529de452a4f
12.1	221824fbdf8f8aac
12.2	0810e006cf4a5683
12.3	fd32d69cdfcd93c0
12.4	e6fcb314e7359d0f
12.5	8c010feb7dd76730
12.6	ff3874b2cee15ca3
12.7	ff1402cdb4c94797
12.8	e790b4d1ae05954c
12.9	5233e5f223da49c4
12.10	4898fbcc4be79cbb
12.11	334b5da14b9a1a88
13.0	2808026256f746b0
13.1	1a87ccea82672884
13.2	daa51e5bf8642e38
14.0	60a82ff0fd23c0e6
14.1	3978536f258fa68d
14.2	afb37135585a74da
14.3	9fb987ae52c99dbb
14.4	afb37135585a74da
14.5	dc700a89e3261cf0
14.6	e88d2b6f02f2ca53
14.7	62c95f09aaac4904
14.8	b9ea389cf7e0b5ed
14.9	decee4ff4385ec7c
15.0	c4b4183dc74a5c3b
16.0	7062934c20fb0b5e
16.1	7628889619b00a60
16.2	16ce774cf847fd75
16.3	cd840ca52243edff
16.4	472382033bb36bbe
16.5	b1d1060917518f2c
16.6	a7be299de04bc7bc
16.7	aeb084ca503600e3
16.8	8bb9117236e6af77
16.9	99038f591b9f702a
16.10	c45bffcf068e1d7f
16.11	0f8ae748610cf0f8
17.0	846f0b7acc29f11d
17.1	292cefb297a9e581
17.2	b4e65baf12143f50
17.3	86cb913b703516c2
17.4	9d5e352b690a5197
17.5	d369f38233e49e6a
17.6	5ddd0a3ca7a58183
17.7	ed325adbfa8047b4
17.8	5517a6f57c0f21ef
17.9	18e6d5eca9d04a5a
17.10	03850d834b4f7466
17.11	cc166c421f5625a1
17.12	773c9099d83e3fa3
17.13	9171b1a0c0bb37c1
17.14	7c5cfb6b3352622f
17.15	f002939f140e2655
17.16	15cdf43b34a5e468
17.17	28f5fd893fec415f
17.18	b723631a360c549a
17.19	38604413385a9fdc
17.20	c50cea67859bb918
17.21	78c49362ca3e6e1e
17.22	e64590a413284603
17.23	303bc3fb70b7fe3f
17.24	a2a942b743bfe14c
17.25	65b5e0210419cdae
17.26	1bdd9c6b28204d7c
17.27	537449a3d131caed
17.28	66fadd30efe3fb64
17.29	99ccc828f389fece
17.30	4073e89a74b3c9d0
17.31	d1a81be0e3d0137a
17.32	4d8f13e9e4270e08
17.33	49eba78d10f24faa
17.34	7b49d25eaff17c23
17.35	91f7407a4fd28108
17.36	9ce17b17e0ff2c3c
17.37	e6d39e7ef1931532
17.38	210e1858d2df6e2c
17.39	2584d10c46900298
17.40	6c93815959b5d2e1
17.41	0cc1373aac65c71b
17.42	428e4441ab3227c0
17.43	4f81aebcb576c8e8
17.44	b0ab4c41243ca686
17.45	83d732e4ccc858a9
17.46	942c5659c3b589fb
17.47	760c68266c983be0
17.48	64eaa3bfcc755fe1
17.49	e45562e181470e4e
17.50	2155c5f15d72f374
17.51	9e16520d55d7056b
17.52	cf91c5936a9347e8
17.53	e5178526f474d01d
17.54	6c10ec22d9c6f96f
17.55	8b899cc642270759
17.56	ec6f360dd0bb1589
17.57	8c4b8f4a16ec78c3
17.58	bbc89e2a12e5eb56
17.59	d9cd2ce3027d31cf
17.60	31b3086c3d476639
17.61	be6d6d8c6ba59325
17.62	52c6c2cad651e892
17.63	e9b3b0b1d2ece7d8
17.64	73166788a8a05995
17.65	d832960170ca24f8
17.66	df03733783fb3074
17.67	e78be6f7e0479007
17.68	ad079941fb7c5855
17.69	6b054297dd0d3cb9
17.70	3b381dfbdeeb3a0b
17.71	e0552c011062ba4c
17.72	c5d478b3db4b43c5
17.73	d4299ab917d0dc02
17.74	4d14b19c33f62b38
17.75	574f445ad1c6e8d5
17.76	c4019bfb80e1854a
17.77	97595de2d7494677
18.0	f7c51359ac73f3d4
18.1	55c423edec04b4a3
18.2	7161ad191c3bf25a
18.3	9a9f3580bcc4ef5c
18.4	475934ff94aa67d0
18.5	66911a61cc284d56
18.6	1b1147728cd0167c
18.7	2dcdc3247a5faf39
18.8	35ff29c4dd9eeb2e
18.9	a17572f0645fa143
18.10	de6e30e1a75d5fd4
18.11	b1ecf6af359d90ef
18.12	5e539ac670adcde6
19.0	c6f83407e7252454
19.1	f71242506d777916
19.2	209308916bd238de
19.3	b9acb49b2c705537
19.4	24488a26067be77a
19.5	6345a017ae5a00c4
19.6	1921d3cd89560504
19.7	3caa7890a635dac3
19.8	c1fa9cd4f26ca1a5
19.9	ce395d5c2e06d6a6
19.10	cb8b6ffcf8ab0568
19.11	ba651039444bdd52
19.12	77103c7e55cc1295
19.13	e9fd6bfbe0760041
19.14	483caa1e23d3fc45
19.15	733bedad7eda5e57
19.16	bde8831588525234
19.17	94d9242874f13888
19.18	4d1ca57c5f2119ac
19.19	6a923938f6772738
19.20	2f06ab09622115c3
19.21	9f75d4b8dc5449d2
19.22	9651d8caa79e9e8b
19.23	01e9a15a29fde327
19.24	b101b14559ae0895
19.25	f142440ff12306eb
19.26	0997485070153987
20.0	075b5bffb80c9d9d
20.1	5299eec8327b389a
20.2	b356078946b51a2d
20.3	819bc4667a32b367
20.4	b162c3dfee7b7cf4
20.5	de20545a9f1e0a4d
20.6	ffad50328b591576
21.0	0326bffc18d037da
21.1	fb05eb341fec5d7b
21.2	493b6f2137937211
21.3	d8a66369398a3ab3
22.0	d78e9a571e6b15dc
22.1	8e067d39ced35e29
22.2	e5ef128b09e1eb9c
22.3	665f9f33f0bd188d
23.0	1f0d537251703ab5
23.1	f3dd7bfa1a87b277
23.2	1a5fac1e60181793
24.0	5ccce279e6d7b25f
25.0	a761c5e15ba96bad
25.1	2e4fa6c523514ea6
25.2	393efea3a8c51362
25.3	530a166864c479e1
25.4	725fa432db80be61
25.5	11fb8c2e44ad5704
25.6	8dc4586cdc83be23
25.7	169256831d7efe2d
25.8	b3ce07e135a97242
25.9	b1746f8532f70e4e
26.0	ed2cc6a2b027c76c
26.1	4183c276838dcfdb
27.0	63240eeb0f657139
27.1	3ea37d8b425c6498
27.2	0f4e1cc7c126f3b8
27.3	7d8497c479b3472b
27.4	4bc3da2975a7a17f
27.5	c75d5154be53ddfb
28.0	04c80e2012b01524
28.1	572a7de183d365bf
28.2	7e418aed9110a4e1
28.3	e97b7268aea3767e
28.4	c292693f6482e05a
28.5	20858eafdf527cc7
28.6	b5e2c7cfb6c78bbe
28.7	7cf20a4c3f894960
28.8	96550d109a8a56e8
28.9	d475c69d98cb8ee4
28.10	d3b3318862707e86
28.11	d9e178502ea81424
28.12	8e9710f186e0468c
29.0	341e38be851c2dbb
29.1	47cedb934b25479c
30.0	b1de2b32a10b0046
30.1	d5273b291a390dfd
30.2	501d5327ef6d7462
30.3	f4c8a307c968ca62
30.4	0425c26f3e7f7e8c
30.5	794ed144e2df9008
30.6	0e247c44cf9bdd0d
30.7	77ef155f65223d96
30.8	4f7bb45202735dc0
30.9	620fb30b592ece89
30.10	7fd8d85d9b7807c2
31.0	49bce6d1a5e8ae69
31.1	f2b833a93a215ccd
31.2	ad9ba2990a43406c
31.3	3d02ea28e9561ea0
31.4	7c0078ba0f125523
31.5	4fcb8dcf6d3af59e
31.6	ca262ccfa256f728
31.7	f5ad156f9cabd88e
31.8	09eb4f28cd625793
31.9	619ea9b0635982d3
31.10	0560bffb91cbed09
31.11	94f4cfa1406f2d5e
32.0	50304ce642ea03b5
32.1	86529541f71a8bc4
32.2	d3f493115a2ab922
32.3	8e40ece2bde5ae53
32.4	631ba2e89175f73e
32.5	c749a445a743ab14
32.6	fe8ac659ca9c7ea5
33.0	861e260dff966948
33.1	ac1dccbedcb34c8a
33.2	6136a0a008fb52e8
33.3	6003eb3074cf7ca9
33.4	e0a3de20411d2bdf
33.5	3da7f07e6c65c783
33.6	2a8419f1cf00940d
33.7	a8064b0f6da5fe31
33.8	fbd6c87ae4c0abbf
33.9	e1bf426ed94fecf9
33.10	22195332e8c3b896
33.11	8259c971db3fd28e
33.12	42287f3dcc9e6728
34.0	feb9be5b596b8dc6
34.1	c243ed80ef68d351
34.2	8906253837cdbc73
34.3	d9f034d5d5f3c2dd
34.4	44cd39d15cc0b02e
34.5	08f0eb0b888406a3
34.6	a09703a28185ca3a
34.7	a0bd3b626a60fac9
34.8	275c7d32e42aa7f3
34.9	bf413a4be36a2a46
34.10	03a1148745724cb7
34.11	69babb65277e68bb
34.12	2899cf980e7e3166
34.13	bfc9b1b9bdaea303
34.14	b55fcdbb086e7c34
34.15	daab27bbb7b58947
34.16	7d6903897438c481
34.17	24a67d27a9e025e9
34.18	dfcc27e115d283c4
34.19	9a7ff13704217124
34.20	4cf4b04cca3fa9db
34.21	4764cb5d30a4a3e7
34.22	94d532110dff11ee
35.0	03f28d0bccdafb8b
36.0	b25fa17aa98e898a
36.1	a4a9cda7f0edb767
36.2	4fe7adaa5811f076
36.3	6d914dec544fe697
37.0	47e6d0340400b58b
37.1	78aa0d8c6ec76782
37.2	db3d335a05cb6329
37.3	e459512452337db4
37.4	99c4ff6be20fe2a4
37.5	16ee5b163ed91f56
37.6	be46629071b5a37d
37.7	f0289d42848574a3
37.8	9675b92d429a46c8
37.9	39cff5662d8cca43
37.10	0b1730707d5c9066
37.11	6ab4e44d2b2c4738
37.12	3fd4fea0d7c3b06b
38.0	94df78a2fea82301
39.0	d8e3b4d863c8a585
39.1	c27e8b45d3d7667c
39.2	4d416dabbf7962c0
40.0	206141cfaa3895a0
40.1	0fbb956d4df412cc
40.2	6be0574ec1dddd6d
40.3	30aaabc63768b3fb
40.4	b8b42ec041a1421d
40.5	7ff2ef97f7c5c765
40.6	df999f8ed2ebbe1e
40.7	9f5e8c7a9a63366f
40.8	41d9858c68c6548f
40.9	38e6817e906b4671
40.10	485fb4500671991f
40.11	0b862cc06aa69e15
40.12	b380486b0c3e9ca7
40.13	77c62df60c8ee3bb
40.14	6c54d0cf99c4e019
40.15	7eb34e12f228afb9
40.16	d0b56e37e48db3d0
40.17	7506cdc940c99428
40.18	4eca14b6cc01774b
40.19	3b4926dc93f3b736
40.20	4499135dbc6edfd4
41.0	29ebfc109815c402
41.1	cc130a59f79e280e
41.2	b76034795be07424
41.3	daad22149e0132cb
41.4	c6c0131c8808b5f8
41.5	55181a39325ed60f
41.6	be10325dffaff289
41.7	d953236c7480aac3
41.8	c61489bb9172a198
41.9	a71fd0f3d7eec930
41.10	5719e23da689e8e7
41.11	fd752c097e429765
41.12	53bf513236fb530b
41.13	6a02afeaab763c96
41.14	160ef27cb0d97a99
41.15	7c7cfa127fb0ec98
41.16	b0d3ecba231bd082
41.17	e729c1cbb4bca3f5
41.18	1afd478b26782d7e
41.19	4c709aa70ae4296e
41.20	b774b9300d789787
41.21	7dcbdab45128e835
42.0	70dc578fba85d648
42.1	0c048d963ddcb18d
42.2	ab5ea76b58a2aa29
