1	1	ff10e4f8265498e9035c8abc865847b11954325a38d80b4a06e01efbc2d26025
1	2	b1c9e7e9fb34b02ed1ba4fee9e0832889d939e4ed45f1c024fd0e113736eaef2
1	3	2817fa8706eb8012b4348d8ef4863e3d872167ddaa9299c7ead27f06467783f3
1	4	2b1b7b48e454d5a875571a1ced4a5b9085cd2856ed859fb3dd58e7f517e85aee
1	5	0640a2fc917b4b83e26c27de195740fbe618f2c5d22bf62339ac4939e6f91f47
1	6	efd62e83d01303bb517f53a09c3dda696bbb410ccfc25e9d29f9e4d504a65a44
1	7	8920a21234f3ff861a665a0cc63fb37943b2a8fcf27ac0309a21eb99203b08ec
1	8	805e8b2c3973a8a2cabca2d3eaae0d55e8ed5ff3755736959833ac058baa9cc6
1	9	2cb0b77ef75030203aabd8990138547f9637400c7dfa738cc323316535118787
1	10	8815e8d59a20e931a99656e694d6de18c9e69143d49db0f9782d60f6879d4a42
1	11	99af0d79699607c530889584cba03d0d86d080afd18b267124b6bf41047f4fad
1	12	213fc7217a51684d3ac71212540ac85b5ff3e0cda1cd80d8be9127d4d571c445
1	13	307ff04ae9032f316b8002b9d2984da2c8ed5d7da2e870261c2a9a446681f9f3
1	14	4bc8319d8fde076eb8e27dfc3145b9398a740a4cc8438f745835ca50df3f8dd2
1	15	56e91e6b1e44de779aa269c3d3c5a29e0e81b1700399e09da0b5bb9a4bce5616
1	16	63a0174d35d529bac642cb7b855705fbe1d205d20019b17707d0c8a2c6cf2858
1	17	30e59d3ca05f104107021643c295ff632521fe57db0c740115a5379455b38299
1	18	cd0aab59b74c188950fbddcdca31f3261a61ebb10938c32ab65722196fe30614
1	19	2af456a6b2e43b184598145fc96f664c5efa7da516ff287af98cc92dce6767ed
1	20	81fd0c14c009380ecc4fd33c998ea0aa3765923f2d45ee116e023b8bdd20b781
1	21	f3b695cc66ea0f53b107af6405166d3a452f0e48dae1b8d5d072cc737972c456
2	1	541b526df71d7f403b9d78ad596fa91955174c8747a13ac804b07d9b0f8f7559
2	2	b13d8898f4987d3ed054d19e3e050d6134f344b4bd5636faebcf3ae199d1bc53
2	3	5cc976cd21cf5a3c74844c34d75273f4d602afe91a12f5916a414018726d290f
2	4	c4fa892b1f16d8b39843d28bc09b2798ffd86ff691ae6e49b0aac91b1422dfd3
2	5	6cff89f9b8210811a844f520d7a847ac0638341afa2888892f0d09ca72d2eac0
2	6	dc3b7b01547618d5214085f1250eca969e65e5d2b3ee3aa5dcf887b6c24975a0
2	7	cb5f00b0648e05ca39d29bc07f9a19a90d4e93fd9a192a7e4a58b516da722a0c
2	8	89b80566a6cf919524f1f328a2931232eb9c91983b5e84fc48202fc1c0f600ff
2	9	439b988f406dbc6a90233f6238e1b49ce8a9263c887976cdedb57fc0c4622fcb
2	10	6cff89f9b8210811a844f520d7a847ac0638341afa2888892f0d09ca72d2eac0
2	11	316cf023d9c1a452f02126643379776ad79a57114fbf1614674d9edaf53599af
2	12	9dfb022b7668c7c803a55844b2d5c92097c325e9686384a79f7aca21c5eb08c4
2	13	ee58300f76d925bbcf2acdfef294c61e796a7721b97251caabdcf6fbbd844c16
2	14	7161127a988ea794fd51446e2cef8e276a26fecc410e501d04e350356c6b83af
2	15	3d086ce2cbe11a60712527a108205fb43239aa6621b0e06efc5ef16f889415aa
2	16	c5a67be38c709919f1bb90481806e2323ccfd9e0c0e83dbc65287aca1365b008
2	17	143ca36e51433b75ec793ddbf236d1bb423e7e41b141e972995581034ecffaab
2	18	ae57af7a2ff0cf0f9fb4df17fc02c7121d98984a71b8b98cca6cb2ad9c111a1e
2	19	c74e2f8217bf56f9fb3a4a01c85462a17feb4c9feb55cd72bf557afef6f55049
2	20	2fc3b42713356cde349e3d070ae54c26a6afeff649fd9efebe4b0b360096b065
2	21	9025862968660123936c9622e7ffc254bea98fda7cf5dc91c55e66e123b59e24
2	22	6cff89f9b8210811a844f520d7a847ac0638341afa2888892f0d09ca72d2eac0
2	23	af278eca43aabe5c2804bcf73b32b5f21bea8573023807938f13bb6d7bb14062
2	24	5e384cd44f7f43a1e3108ff3e647a234676edbcf21730897a1b18a1e0bf22b63
2	25	edb7b56ac7d06204566bca45aff62b17dbcac3146b532cc85df151572ecfde4b
2	26	9dc9e99fe8da6739dd17dfcd6e30aab6180d49624fc0ccf227a936c3e5941516
2	27	25a9be164df3dc50ce7121ece343c9c9790f8519a5f54de398d6142c56435762
2	28	9e8e13c9816bc335cbb31afb7156c67bd6378ea5ab2178c30c311041725533b6
2	29	299c466d7d850f22d1490202a7eb5022d9b9f211cc313e04db82b05fbf9078e5
2	30	120c2eaf24cfb19bdd08c6f599c2b096e16707d20ca649322c11d77e85ffa0c2
2	31	2c7d0c36185155fe7744290648d8685510f0dbc71259bce9a6d10c70d9c6cbc0
2	32	2df4a9ae0b11f2e908dfd3651bb9e6cc8fded7eba3850cb7776c8fa90aac3254
2	33	496945d1dad0585d306002e9d2647e62e1f408c219f466f5fd59365d6aa1e107
2	34	f0115355dc40226dbc73e2612055f223d94e21de454cea549de0d31c2a133c8f
2	35	227138c5c7b948668e7986ec31995140f3c3ea231d8fe2703ba039a524c4de74
2	36	89b80566a6cf919524f1f328a2931232eb9c91983b5e84fc48202fc1c0f600ff
2	37	256f74939dc4a9ecfc5c618da551f55cf1d2f88e246980b553fb32e3906f5c92
2	38	77028d46136f194b71f85bf2c8eedef4bd124bf82bf6dd2727fb4d343d044f99
2	39	3e859b947e297960d04f1319b12c37872d6d478736661648e662fed8f46834c7
2	40	0befb453c058da45089982d8ee8cdf5d3664cc731ed5b08eb8a587a8039c6a44
2	41	2061d0ba1aa12800a11541ea4ab711e9f2de2cb6be61bdd4a5a18519dbd429c2
2	42	1a25fb49a095c73b83e750f42e58e84f508979a735f2efc8b5b5c0b14f5283af
2	43	fb64ff04dce067655a0f5f4ae7ef312a7288263405f443e80d91463cfb89ba35
2	44	197bff3c030088e8d8a80c37ff0936e8f64cd9caed564f0c25473fc7dbecf4b0
2	45	09ebffa29f08d5fc85ce126f5390c05c58b112b78e112cfefd235f673b8b0679
2	46	2ebc6dbf8c90ed35b3f1b9c5f1f85026254d378ed79212582a34c5cad3e5d97f
2	47	f77d743750d75d94560aeb2f0cf8d4fe4a018fe6b44334cfcef48a34bd45faee
2	48	80f9471b3e6622645a7ca4e6914e3ba8fa8a6f062f991ab842b11a8e14749210
2	49	40aeab9803ee4b81d6646be602d8d0613cfe9d72aef3860b6ff8be0c5e8bb125
2	50	657a0db7bed18db04832f0f12d0d9121bb1fb02ea7e4f758feb0b4a61f4cd68d
2	51	10de26c98108bd886d987447a7b1d6b102dadbcb120b3a314a6ee8cfda0c2ecd
2	52	458477747e536d7d685420fd1d70734ff357caf2ac2dab1acd5279133d61247b
2	53	c6d73182e99be7cffc3b7a81f4d95f2e6d35443866e0adb65e491f4dda739df7
2	54	35a20974d22896dab5005794286765cb011a3d2cd7243b2599045d6a55bc9abf
2	55	f3b695cc66ea0f53b107af6405166d3a452f0e48dae1b8d5d072cc737972c456
3	1	56607b70ef346a7ae901f39ae6288fdc4780abf167aa59b11c596ff407128167
3	2	0823a848cf133bdc264af01b6b536d145e5ffdc999a8a33f6836803c86abe461
3	3	76f778aad0a70be3050796c6ed0974d942e01967ed89002ccc9bd3727c9e6e25
3	4	54c46d782e670d28ee480e21f591d2c8bfc537d70d9965b016871579b55911bb
3	5	311fc972f65df5d8e09f50c5510b32da5a60bebf8db8671471ced72e6ad805ee
3	6	f8b2a3e542721e6dedac6e8862670aa522a92a0d98bab9ddafd0bc6cd3ed08c1
3	7	54c46d782e670d28ee480e21f591d2c8bfc537d70d9965b016871579b55911bb
3	8	2fcf60afecbd10b13f31c2c3a2aefae8521a083f144e9e0606f70f9ad1c8c4e4
3	9	5ba86557c06741748efffc34d7825f18e81199029a208f1503d2a1d5221c8d37
3	10	54c46d782e670d28ee480e21f591d2c8bfc537d70d9965b016871579b55911bb
3	11	911d5fb0734caf6dda66b8d9e00de5b46700e89ea0e402afcf6c40f922bcc8c0
3	12	03e996b79f725ef68b2ecf3504b0f8ef50d372243c17538eed82434cf822cac0
3	13	54c46d782e670d28ee480e21f591d2c8bfc537d70d9965b016871579b55911bb
3	14	f8d03ceefa4384038c2242d95dba5325dd6e0a550cb1c973e0cc20803c9697d6
3	15	e1f598b3a97815537aa3e958aa9a44760a63a2c9c9b73d59c4b7e5b6e502c964
3	16	921b75e0621305fabd276536f1ea854982934c66bf2345913ce934fb572010c3
3	17	54c46d782e670d28ee480e21f591d2c8bfc537d70d9965b016871579b55911bb
3	18	1497bf450614eb9849722a887a4b412918674b35a74d62c5a2dad02d8df22bd5
3	19	de343834fe743997ac7897f30a8410e98781fd3fc250b6ccadde176f32dfea22
3	20	25a70906fd0c44832c0f9191ba366d10c750c0030204694604632b1d22390a51
3	21	54c46d782e670d28ee480e21f591d2c8bfc537d70d9965b016871579b55911bb
3	22	53481d65627fb04bc53436c3f3e77467741510899cd4ee7f38d2334ad8e780e0
3	23	78068b90e7a03b5eda66a0d5b907d62124a0cc1582108077e9d1e53987d49e7c
3	24	54c46d782e670d28ee480e21f591d2c8bfc537d70d9965b016871579b55911bb
3	25	ab170cac676dc71eb5ba2160edb74df1e8ceebdd2e6b325bf7c388aff9f09340
3	26	859c1712ce0bfe16eae0607d8fe319d0398f6510f1643e43218869c10969567c
3	27	959a40bd108dd40fee19c08dc68600f7deeb6a83cd789dba5f243655bf48c164
3	28	54c46d782e670d28ee480e21f591d2c8bfc537d70d9965b016871579b55911bb
3	29	b39e126ee0dc29fbf0f1274cefe5dc301a82590f8027fbbc2c481e2088e33815
3	30	7e18707876612ee10a30ee42e192711e2f22aa3b2c0647e056a56450372f525e
3	31	6b97092ea97598c69da102b0ec8490de493da843d8651948a2a21c09b489c43f
3	32	103c4085997471c54a16037f88caee12a848ba7267106e615dbc71a75b37eb33
3	33	7576dc180ed98c74f6a92c860b4c89c9d874e6dc57e9e3302d121f6024bdea69
3	34	d68d1eca31b97769f6eeeeb429b60f62e7c54b3651873c3c0e02cb37e045237f
3	35	f3b695cc66ea0f53b107af6405166d3a452f0e48dae1b8d5d072cc737972c456
4	1	1ed449c64a7b12bb488d1f82acbbffa5de9d60632da8a363c9bb11e4b07a8e18
4	2	18e513d8d744c79b282ea23ce79f354a9121326e9fb0c70366871c863ca9e95e
4	3	2c1ae2e396ac3435b920f60ab1a32fcb2cec3d2a33487c957736300f70022862
4	4	19c823282ecf34f09026429839208fa55354d403e1fa58e87aa1f623063be5a8
4	5	bb46405970a16256c1d64243367391b763f88f6c056e26868b47fda663a04652
4	6	85a275e418d0d6e6e4c1cacd6fec6a49d873d493465eb765f0173b275af07d37
4	7	3aeb501deb9e58096a5b24b64dd97955865999248026a0e9da2a481f0400a184
4	8	c931aac8424315bfbb6ab4f2ad1e5702e08218cc2c6242a85067407222149f6b
4	9	63ed4a35b0e8d6b5843d38e9ed6e469aec6a34355872012329b39b065d218d16
4	10	468cd0cbd33db67e725c6f95769a10e937666337689eb1cacb105dd1ff7a85d0
4	11	5fab012de7e3e0d2615622ef9ea6cc7a4b908b180a886605ce44cbde6a901c3e
4	12	e02e7da4d08ed42fe9a7ed74a0461e011905f35833c2753b0009a5e33747c076
4	13	b8fdf1c99a741a4758d84bf65e42d83abee15aab574d0b964efa73c9584fa62f
4	14	441aeb1b146c5959fb6fb6855f84c3bd15dcb6006bc720e7ea990dcfbecae2b6
4	15	5b78dd007781efeb27bbf1c8d1d62da40d4b39b67780c8b4d1dba64dd8cbf0f1
4	16	caf706395ba866534f8a08aa776ee685c79f29d6afc435e4c43434239ba4244c
4	17	f3b695cc66ea0f53b107af6405166d3a452f0e48dae1b8d5d072cc737972c456
5	1	b44bae5e014b073ee6906e717883fbe13cb38d08daaba21768e46da91dc10249
5	2	a6d889d01e4266067548fbe45bdef27bfe9a11e062d02c4d7f3d2fcf0869f072
5	3	daf21447001270552da5d36e1a7f4148c70a364e77f640e6daab94adf4a54a3d
5	4	49053951bea75c5120eadf819ddea88a30be9a30f8b937db2d5a9c7924955c7e
5	5	4a1817792839cddc0529d587681dd6ec92c6f07b90f9e885fc6fa36f38b82012
5	6	e2dceb5493a22bc6edd22c43c1c7658ef9a83a9b7f480bce9b9cdc51fd0a64f1
5	7	10e1497b388988648534cf53ecdaf798b05b950882ad062a95dc0cf4ac6272f5
5	8	cf39c6b59714198b6c14fd4d8d112836b11f95f62f350c68b13eb733931c4a7f
5	9	c75410a81ccb2856c41e4e16f2c0288b47b0bf792589eb31f89200dffa2ab8ec
5	10	c84d79b827ed8cf569daeb141057e6cfd8159fb2f2e93842a33acb7b21e4a9e0
5	11	10844225a1bc485060d5e4c37378f65a8c178a7698f82d111a644f0f42196f96
5	12	50ada057483101e469eb6ff2175ecb8ccc972a0b355522429c5b91ac6de347b0
5	13	77559f128dfc0f72545bc2d4f4869de70579fca0f5abbd7a15a4da11a0b9c304
5	14	8ae6295840c693ce3618fce14d22d74481ef26dcbc1008bfcd5bb5d9b87d1d7f
5	15	017a5e8ad67c91864d40f3cacfeb4e29f73f6fbc30d6cfda03280421a1811c11
5	16	332aeb25a821d257acdcae588e814ae9b5dc7efc2809b474e868a5a09370e948
5	17	809760463e640c2a73dd40410fb8cb31c489f197073b8099cd1cb7b17521b897
5	18	6202254303c7c38dc082bf8c980a8408e1852bb0ac167c3a8760f0e99a6b9d9d
5	19	f76b5d2635be06c66e56ec2e7513e9662b40746b7319975fbf27e0b35176a05d
5	20	fa79acb63cd3eb186fa9a29bb94d648944447b8948becfb00e9385fcacf96a29
5	21	33b1e0d6269332dff7ebdba1e43d9cbea27cceb07947354e571760576bf5c1f9
5	22	6f88977c56b9ce37e9e6db0df784da3f2ba3445f85594d30d2a35f83986076cc
5	23	cf7406b193f82fc3260ef3e441951bff1994bf779067453dd7f29e2e00be669e
5	24	43d44810b08968be3c8bce1f413d9524155241a40c9572ca2f1feb4c42769733
5	25	6b0e826264cf47693a7a1aac6758a7795a9f1910f7060d3907586c7ee963ccfb
5	26	1661d6ab14eebe6b2c70b9ca695a3def63703b9c1c7ffbd0099c2e416ec87408
5	27	36eec12e4dff73dd8b9e52a48a697c11320d258221fce6366c4e3c9fdff3fdfd
5	28	0287ae627712839e035583e5c646a016c3fb1d3db0cf58cbf0694afc0097ccd1
5	29	a245c22732f9302ea6d6cd5624eea44d0c261bb01c8c9e8590053b8c4e55e8ef
5	30	4e134b711908560bf123bb57034521ce33ca27f8ff31da05ec987193e02e155c
5	31	25fb09ba977c6ce9bb279383458f47bb30c877b388a831c57af1c3a59bb6561a
5	32	40b1e9b0945e4aa58959aa175944a8e2bed9cae537266898595c8aeae2273c34
5	33	e200b8581b3a75f4cabaf2a321027f7caa369307aa6faf17dd61e24dceb2c12b
5	34	6d3dfa0e0107f2d76bff76f6acbf62730c1fb8f4f0dd457a5208d2e2e4540a18
5	35	4437fdcba79431cfcb7a0db2c6e9174c9b695030decd2ca8a40ae556f100e97d
5	36	fc62793ef1a9fbc609a789a59d031dec5f88c6b275e09b389392e603e7ddb113
5	37	af86a817e9694f1a898e3045041c5333d7e6d781e9de41074836c41b2a595df6
5	38	81b11639f09015f684dc115c0742166f2a5d39a0350ddece01f011c8582787c2
5	39	4d4b46d02099a9ca1ea1a61589090ac6ca588ca9148a12715811610970296369
5	40	a6d555ef4a313ca6dbfa84d941c34a7d21fe3cbd685a37c7f42f5619b4f2a0f4
5	41	805fece205320509122df03aefe3045f6b0cbeb1c41715477f68aa39b247832c
5	42	d9461eafe4d317da705ccc110868ab44ac3e110a3d5a357f24b2718727370b6f
5	43	0a095035fff4e4b056f5ed4a2af7b6a658bd0b3bb1497f2ea9b051fcfe796f1c
5	44	80ef42ed3cb91bb1e564c2747f8865d1eec35fc270de057247c2910784cb44c4
5	45	9129eed8478b44064227a2f8f84a6538774904c1dac40ec691717fd8ee12ba05
5	46	de791dd2b4a8400a7956a8030b84c9edeaee48531cc811ad7695db4aa654e07e
5	47	ea9e725f2801bc408dc8c1f25647dbe625591ec8770b4f98cd417b0a1a2eccc9
5	48	cdfa9358f8b0935d16dbcc5c9a26508d757b5dde5a2fe82650392e319e0ee186
5	49	ccafd6f6cdf595e159765afc5cb7c9d3f6d5ddca184fd36592bc94e160c385e1
5	50	649f5b6e41bf280bc73d244ea0b56688be68b257a3f07ffca96bac11069758a2
5	51	5f43193784ea83dc2b6416269c76f0d017e78f108d50213d50798bb0d5927fbb
5	52	d6ae4734445e9e4cf2df90a701559d5d9f498019fbdba6705fe0c1545c8548f5
5	53	2542609ae1027e0d54d47dbd448297c40053c14b4ee9c18dcbfb8c5ee7afcfcb
5	54	54aa940c07933a52988598b41ddf8156adf74af5f7f138ef22d05aa2bd6d9788
5	55	d081eebd5a33797624f880db68f28e96c2fd9723450ea9a030f5172fc9a63ed9
5	56	893a6e8143ebba936c37a49bcc8fe946101eb3c55de8a85e44a09090d517514c
5	57	f3b695cc66ea0f53b107af6405166d3a452f0e48dae1b8d5d072cc737972c456
6	1	f70fc7f3118f9d13ed9823b28f14afec211ec73d0bb0c04ec72c668a82c5de46
6	2	aad096252ff18b2a186e1cca2ce5b382f33350e88771a28b462e88384de4f75d
6	3	0aefc0bf86782b97e523d45bd81d629094eedbcbda37a0678d51bf5dbbfaef1e
6	4	192ef17662e4dabb17c33cc2be9b747afef4eeb6fdb564dd24f9bb3348bf0729
6	5	edef960b0ef690eb0c305b903655334a1cd976251028b8e7c6af9332018c31d8
6	6	ccf92e8bf002d39f9da137901bbffd74964ae983aa615e317f7238916f5e57a7
6	7	1e219f6b4131d5787b9534b9fbde5ba0091380b1ddc5d6e6b58faed503c80587
6	8	abf880c3b08f73bd0ba9efb31d88eb458576a183b8bcf5a3a3fac7bc1871a955
6	9	a42a62857c085e68e09880843b9289bbe4dc5905ffb2e714f0470469d3771063
6	10	1f15400d4cd1783f200124508fe5543d75a4277798496cbdb0b0cb0ca65036af
6	11	21c50ee386df52bdf45b911f8eaa1ea831868cde798c77ca7c33ef497844cdd8
6	12	bcb29302108b8a8020837344c5a8f9b09ab97f578ac8e68e2098ede29cba303a
6	13	fb64ff04dce067655a0f5f4ae7ef312a7288263405f443e80d91463cfb89ba35
6	14	b0f706adc1207f6cf624819b731105c748c7536d1bcbadd2dbe6643fc83df2a1
6	15	0b1173b1984060bc092b063578431a5f4cef7291c526e9f6d77440133645d50a
6	16	5d8cce5b6630dffd2b340b8886e3b52e01c119ec961ac5b11233e4191898140d
6	17	12facd59cb59a380c22e6285b8ac1e14f97197e635903efcb4dc23dfc720b950
6	18	3f41dbedcddb16438664da130af13a7fc328b93ec27fa4c0a10f594828f80c12
6	19	0dcfcf942fd2f2af4a119a69106f261c33f8ff76ebdd3f3b0211090e4880ddf2
6	20	6acb6cb9828aeff9a51c4635f928b827f33984d48d416c7534a6c40258673ce0
6	21	5d8cce5b6630dffd2b340b8886e3b52e01c119ec961ac5b11233e4191898140d
6	22	0eb98ac6d0c19c06256a40d45bf6038e42b0b973ce083a6bf291da0f2c477d04
6	23	e8434f9a18e8456abd8878cfde3d749d71c32f3abd92dec53788568d64a849c7
6	24	a949a228082aaf459f24a0f057b7c525c109a8fde19c5fc6f374e9117dabd7ae
6	25	ce35e2cc6fbab9afc270a50a909b07d9cef9747c4c3336ba2cc024e5b979c56b
6	26	6cff89f9b8210811a844f520d7a847ac0638341afa2888892f0d09ca72d2eac0
6	27	c32a259795e1f78a236278ac23065f6bfb29f52b73ddd8363cee7ea269afc3f8
6	28	940d4cb052fe89500c474313854e897b076ea553424bc9f9c3df57c3ab459336
6	29	40adf01ffc9a912424df65bc6aebe000e6091e7d1584444521988c05717762f6
6	30	8c3839312158e33129f9689b809691c633086f19e2baf7ec20bbb1b176529ac2
6	31	0a24521ac48c1aaf547f7cd425f1a3a07489fbba06cb91a23fda072d8f54698e
6	32	dd177fc2e7dac265b81919702dd147d90ce266b1069c6f54f9365260b5ff79fa
6	33	3a7cad186016880667e3cd5be85f1e28e0929f1e91779d74723f03222efdbfd4
6	34	bf017ae1219ed31f2fedfb3dfa4bad690c93a6222c917dad828b5497f1e5a582
6	35	4eebfb8476718d6b4bbd2787f3d2a4521fc78836e6255890e260e9ede47a8355
6	36	6cff89f9b8210811a844f520d7a847ac0638341afa2888892f0d09ca72d2eac0
7	1	d0d40df7c10c8ed7297d2edbf0450faa0f4b76b246dbfa1b3eac7944ab820fc1
7	2	7778daf36d0c3bea42fb64e274624f43e3da2724361ffbeb596fdc3694c06a4e
7	3	163484fd137916c0e522567895f76e8ddf81a788f5a2e83621a9525b40030ba3
7	4	c8b5ccde0f7397a89047182fa5acaed9c8487b2130f86300aeea2776308813d2
7	5	a8bec7d352ec49572cd59a060e6712bb68b9fa673c4dd69346de73126e28df5c
7	6	d9fc6ad050cd79a875dde91cd7c0f8e2fae0626d5765e6058884e9004ff857cf
7	7	9291b45cb62da6e1b08bb914166d9b5812cbe1d409398e1c4e3b426215cc144c
7	8	2d9b5d357dc4ae377a257babbffd071dd5660fc6a24daa77d95d7d93fb5914ab
7	9	f2cbb8da6fa01fcc86362067d8984345d8b6cb3ffb40a35ee47a0459a8d21ab9
7	10	c693ea4fb284246359bbe8085d228157d6fe1963051b2f37524f8638226bb9e6
7	11	aba5df5576b3287b820847b378604946bcc25c22891f17ccfce922404a61e643
7	12	2e03d429876c34dc6a58d36c882b8c8d5879081869ad4733fd9a59ca8794f607
7	13	de95a0fb8a86345f3af110a9950438008bb73c7104ba2e98f0a4e742f3b5ced1
7	14	480653f64b78eedc6b8783bddbc88a0bdc549ed074e4fa074c353154c94e159d
7	15	5b7fd86486baa7492babbf01292673a77f44a8a9b8c9c7dcaa325ac2a58d26d8
7	16	e7a7093e24e5376278883e54f1ed402871c60fa49b53252762f54fb0d74c7ce9
7	17	750d6ab0b0fbf053c117943ab76e5fb9b8e19b2eaf6881cbf2a506b127219b60
7	18	7e0deddb6e023d9645d39f46166efd33272cfa9309355a665b8d67f2d33e8232
7	19	76eea7d702035968dd1fb9798fc41d9521dd721393906d1a773dfc70310c08fe
7	20	dad44e0e236e849e85699e520833d56bcc7a423263680c3bfeba8dcf1d2a32ce
7	21	003c1027055a473a71432d5adbf354c1ccf91871a6d75396ee46f8e3e48e58f8
7	22	d0fafb23deb1a058f30f88ab20926ae3758171ec90e517b3d94f27c8a6401e2b
7	23	0c34c32984bdc743aa9d7d59f58d30c48b7986c6f1ad8521d9b8324d539e2655
7	24	6cff89f9b8210811a844f520d7a847ac0638341afa2888892f0d09ca72d2eac0
7	25	dbde94e0e99a7482815e9736d16427c6edabbf6f354e2176e9c906613c65673e
7	26	bacb508f4b1139778477829e8b8b6d5b7def4adbef732fa46ebc9f5a12329efe
7	27	4093a973a28ca4147edf26d0e7b049e3472c6b82a029a6fbff2a3ab65f0b008d
7	28	dbdab0edc683badd9d7eaad7a36e30b29d4b0848ff495ee0bc1ce1e64982b927
7	29	cffe27a5bcd78ebe37cac5ba394c3ef87e747ffd33f2d91a03eca3bf4452fb49
7	30	3f4c54d5e2ee9ecd5afddc96fea76b4ff8f2a69bbf6c05d67099057b94884f5a
7	31	a42fcfcbabf5a5e9c6990636459417630a1bc5cb9102b8df37a0a8f9bd70b336
7	32	89292a5ba3f3970939e5b97eb1c2606be83e22d7ede581f1d9cabf78c16f3c8f
7	33	2ffbfa7db5186ca40e8a399f2ae8eda3b1c07889444a85d68553be1ddfeb5a4b
7	34	cc7aea7aacb0a48961ebffa7f0d2d8ac8c2e787dd7519259e6c30e3aa4a0dd1a
7	35	040d4b84fd11db21efb1d886faeb182b5d9e160d8deb90d46a01db124278b1a4
7	36	fd378a745c40639df73965c6154cab0adb61e5ed83f26d7f0c1a4b7562d2d7c0
7	37	c3dcc60040e4d2e259ba2a8d9822bbacbc0c6040f7fe50ce9f9052715b631b0b
7	38	d22d3dc98af78539b7313cc18f026f0bc1588dea62ff4a7d9c0684518b3f6e40
7	39	0a95a84b869acb4b0b933a70e12ac8168ee955f339059005a9e746742338b57e
7	40	84ab1f41093725fd7a2c1748342fdcf49f4df09bb0c20dc24360390e93828893
7	41	3349cdccd864d0988128e478b5a49615044aeaa760eccf2076d4ff1ce42d268e
7	42	6fb2e9069419c0220bbb0175b2f19fdfcd4a83a70aa88f4fe012fe991f5a0a8b
7	43	a4c99241e8d629e03d81bd293b1ad06288e0fd8717c8d3e0e3dbc98aab2ba86d
7	44	c6cd57e0ecf59d7f6398551e3b7dee6e26f96d0eab5702f3cd1a38da29363d90
7	45	efc570a7c58e94331a077c85468634c0374401cb86c3813b79bc794f41ae200d
7	46	e8e7e134c486e663aad3f14c2248549130535aee4f7222cc6b3ec1deb1b697d7
7	47	ee2c3d1d666bf119bdc4e7291ea818a288dde2de0d7a9529edeca384beef334a
7	48	7838c73f16d9afc450d2cc4a75951eb605633d3bdb437875820b70f98e142b16
7	49	098c67f959e81cbf65ba2aeb53927965c4f77e818460bf0b2222b4958ef6aac8
7	50	625b8f78110ed78e760b702c311f07dc20465fd357b439562ed2af10c1337cfb
7	51	b68a7634745a3453aaa13df0388b21571800dcfffaf4ddb77e0aac2486f24b64
7	52	24089a38267dddfe5a39761a699a33fab309c39ca7e620995b90a78e8514e031
7	53	df45c8b84c4e18810c9603c9822177073e4d66e5b5bb3ff5824fd3e19fe9407e
7	54	edf0a610c8bfe8562262a1917b9d8db1d14fec12d141c6e78bd5dbc1fe3ce4e7
7	55	476fe5b67fdfb89cc7a162ed7a18febeca5b0ee9686911aae1c22fcd2af9c92c
7	56	29d0ea8a8c4553448881327e2e2e09f42a41a08749d9a59a5753022a152b7e01
7	57	19434e247bac91f9703a4dc4d772083573aa2d185f3a502f6534c83c6ab49838
7	58	9ab875c58d634843b20f79663aa5715b620928e3fc8a7eabb0289f68f4f2536f
7	59	ed18649eca1ac9b162ede7ae168f77d6e880ae35b49b13e589acc5e0b9cf5fce
7	60	4d6d5f233494108fe2cf3ac49593ba02f47a94546e59318baf9e798cab71b802
7	61	d04e079b6559ca8613949b71e6f55721fdda55c1dc8282783fac30e1a1586050
7	62	da5b81981f2c5088813396ca262a7eb1e1ce28f813dcc0d08f50101589c87033
7	63	dd43e99529ad7e7239418b0c68f565981b9305cfcd68dd4099b731afa891b859
7	64	6a3f0d2ffd492d880674b2e330986894bc3b14cce7730b4298a9b5d42b11e4a1
7	65	f3f74d1eebfc83403960fff395798be624cde0783fac241a813574650efde6c8
7	66	f3b695cc66ea0f53b107af6405166d3a452f0e48dae1b8d5d072cc737972c456
8	1	bbbdd12649a60cbbf2b3aa64d51bdf5dededa685969029298acfdb97a8f9c55a
8	2	54131919d2c26bda5003c2f5e1d27b739817e2aae727329ee1aabceb64f7ea00
8	3	96162bfe38a970ef5c7b645fee2cba0c68342aaf2ac23835a993bdcac1d6d3fa
8	4	54c46d782e670d28ee480e21f591d2c8bfc537d70d9965b016871579b55911bb
8	5	63e91032b9ead6417d0afd34f2c2d180a1ddeabe5aa875501c2385d3ca1df3b0
8	6	f008c95ea8eda58f41f629cb7b02ecfae46e6900da6b8c6b8ef57b6ce69f3358
8	7	7b37cd8bc1b79b3a3d719916125507f6919a38330f73565f897da15e5bc6cd5a
8	8	96424c333669c450a63e6274978bd564177486b53157b962037b715ecdb16abc
8	9	6a065ac141982ec3b59d3275f4a26e879f88e215e8c5733ba1e419a08af4c35a
8	10	54c46d782e670d28ee480e21f591d2c8bfc537d70d9965b016871579b55911bb
8	11	911d54990e50737d2d2ffa5cf4426cbd94ff1ea14226628b4e5a050b3abab4e7
8	12	426e7ba16c3ccb4359f94a8bf97fae8abce6aea172c79124117a6a4aedbbb3d1
8	13	54c46d782e670d28ee480e21f591d2c8bfc537d70d9965b016871579b55911bb
8	14	2bf2f84b0bd9e19792b07067f6f789cc5c0f9bfc68e3b562e3819ae890c4ad0f
8	15	aa7f907db273f26966693b0776e3724e7808bac49a91338bdf0037588ee9d6e8
8	16	77db71ae32138fbb0dbbc49968aa4fc7e7964d0f5a45894d9f95427e4e90cf13
8	17	59f53c2aa8d242cca2ea11ecd099c149959485c050b575eab6e963983e844a92
8	18	6bcd883a2e02cb2e26174ee5c107ace64452119c438d4b9ede3c489e5005b634
8	19	01bfb5832bddda6989727855fc1b20732769a1681b3725b3459c88c6c5c88de9
8	20	59a89a3865e82163c89e879e02c0f6184c4e324e19127100fbf0270bf53b5a98
8	21	23112201be7812c4c7c49c912c2e86baabacc30916c581bd6f9e7930038ab3f0
8	22	c017947d439253a5a1158bf1713ebbd7684e3d923dd3cac2e16e2d5ce8d429db
8	23	54c46d782e670d28ee480e21f591d2c8bfc537d70d9965b016871579b55911bb
8	24	c76ddded7621ddd1b8386fdd9094ee981deb7936b2ec4367953e077aa531816c
8	25	7e073736a8a48e6d8b294570457f34dadb2cd9ec812d0fc7d2051bd5f34d7c86
8	26	11591225d4e21fa99d524d02a1f53f87e7063ab575e063d93bd1d62bb5697c82
8	27	7d6b9def2c64786ef00e52ce37a570d2a056077b1097fc66a07f1f3a0b97b6cc
8	28	5d4d1ffae47bbf2700c52a7d44d70a72a3a59c7bb45a73b1b05f3e640f2122e5
8	29	b8cfd9fac8e951d48310744a4824b39c4f51f62a1910bf638f9b3754df0dc0bf
8	30	55fa0685c775ec78e1755325cfd0ea87f6b79d768c67587c1aa51e0735751b02
8	31	54c46d782e670d28ee480e21f591d2c8bfc537d70d9965b016871579b55911bb
8	32	d455a173764f782720b899a64e4c5a177cd0856766fa2e86422ba6c031bfcf81
8	33	57ebcc1f25a3818ddbb7d11c00f2ad070a1eab498b9e484cb2f997c098fb571e
8	34	52f0ad80180300655cb4df34aa9ce595a3b391a5b136ec08f39ceacf1a777687
8	35	34f81530be41fc2823628fbab679a93452a2a1e1765f61cad45b71e631cd6995
8	36	f41dcfaaaeb948519d6b4e6fb5e7eafb820ab83807c33f6c1c1db9bd0c0587e7
8	37	83de89dec15bedf03adc6bc3326764c8661247a8ed7dfef062d0c4a004e3b9ed
8	38	6cff89f9b8210811a844f520d7a847ac0638341afa2888892f0d09ca72d2eac0
9	1	5adf4f681efef7d92c67e4e426b6469411483125297ca144584c583a7e2f0208
9	2	b0fc6ad356c3a8bff8df6c14b3832ee6ef80b71bdd4d7f3a1badc6ca642b3f90
9	3	0d693d957c555ac28872382cb2082f4d77be64f2780a3b7a72e511afbced22f0
9	4	61d683ef620039e9dac4c848366adcfa339407360ae7e228f9b09231b4f5ae8c
9	5	887cab84f85310580305319d7b1067e19b59cdd05051e1c1a170a82c6fb825f1
9	6	910a9c88f3085245ed1574891b0c51cec5405ad674a0d05f65198a673bf23301
9	7	6af267fe677d5b90012ee7d8476255af42ed15b245fb9da690b7c4680eba14a8
9	8	8614956bee3ca093f252458bd715c60293d6ede1fe589fdac219443c7f9efc59
9	9	452977528b29b69706f2a9369ac0181902dd10b395b0289bbbf0a30bf9764f55
9	10	89be54c8bd04474c12b9a29b67e904dd8bc1931eb7743475c3e9d768f9b3e09d
9	11	b7eb78480ce18d275147ffbe235b1afd6639088ae634c7e8ed0d2f266cc810e8
9	12	e15469f0af3154e9f64f9f9b8a66f1020752d32d7ff1a55c93b47d1709179299
9	13	6c22b56256bb3286679e68cc6db9a825079b5b4b6abad18128a483ff981140ce
9	14	0da90b0d4b94ce0d6963a022d4b6bb03d07d8e9a65199661c999359525c5ad4d
9	15	13b0f80709382411653a0d0f630d6a8adf0907872d099e0d0803317533c4317f
9	16	1b23157feb98731c6c60de3a32ef2a4da313d01136e7462943511a2df3f60fa5
10	1	b8cb27d34aff1d5e4f3bed0acfe658ed2fb173f88ce39f8f88e76713b2faffb9
10	2	a9962d1f46ee2bf21904ed4d7110427adc1e5f2a5e04e815c8b110c72311bdb7
10	3	dce28a5a2259ee64462e3e401a8908ce51a54215fcd02a90e3838fcce62d32dd
10	4	2ec5faf98b62eaf099ea1c393064e28b1a3a9d0e61bd43319d365be8e7bfd6c9
10	5	af76b43c8ca331920c27c73911a1bca995feedf81ec2b56a8a2c6c201bf98ce2
10	6	00a6095d4e0905b8664d5afaee35e78f6d48aa10b2726a7f7ba40621ca0cd54d
10	7	cbbdcc0c8d6242ddfc990e460eeaa4b3051c7c871147d8130f11318bfc70bed2
10	8	94001bd636cbff5d4407b43061bf7c59d9f78fbd0fdb8d29790242e13eaebff1
10	9	6a3e01448a2f1896357827ffe7891021f128c1839e88dbbbd869198196fefb62
10	10	75f8221a1569bc3fec8e7e951366aeadd95c25b679202e635d0a4633bd3a15b4
10	11	cfc48a68a8f88ffc417a418c4d12cdc04a68a85aaf9bca50dcfbe11b3cfb96b1
10	12	667fc3d93287f05623f3960cf8ea0c50ad93d82559b7d4cab936619db120870d
10	13	e8ad276ad6c61d79badc78a570d2b68e7a3468e438907702bc93fba40fc4c9be
10	14	256a44f70ea2d509c87240ae45c37ff50be0fd16a92691470b67259b996fac38
10	15	3194ad698ad71581b5d9a58811f63dd143b95de810c3131abb09a750da850bd7
10	16	c7518be4d23d057e97e8a35322f6b70e8054c6704b53b6e0f8c3cfadc290499b
10	17	03ba533393c00bb57e45118022f9a875e52c49a0498e171f0c61ebc670265833
10	18	db2169e01c55e01d94c937e8941d13b80c884f0c2d34245c343396db3cbad3e7
10	19	1db6fd6659cfeb88a9f17e5a97214728f060dc3e1f5e8160b67a70c80e4ab30e
10	20	7cb0a3430220477850498896e4c9cabec147b31454badb80bab5749db4fcde39
10	21	5db70ec847bbef376ac0e9e900f846ed777a467ed196ce28e3351175820b5af9
10	22	7529bc14b0a441547c8ccdd45afbcddf63d11264c881ac2cb4f4a00ac0e0fcf2
10	23	5de30137e88e5eac5d8846038a42beee6cd88b23d1ec27fa9bcaa2545e558b58
10	24	f8816e62acfee0bb052348fa75b742184a6bb703793e7ba21f289b2b6ec7132f
10	25	bf0b2a96ea4ce40fc0031d0c3da57db8ec6fca52eb7dd153b88954ddaea6f847
10	26	6ca6524575eb97db6a77fdfe9d66ed641876085a2087abb1dc5a1efa3e365a97
10	27	7d27d31a475c769b4922649c89a2a85bf509886899187b62f6176a2517a01c0c
10	28	81a4dd4b2a0f4a0cecef1b128c68ab7ce3bdf1e53519b739fb43f22bc8854509
10	29	e72173d12da5bfcab2bfda3d4cfb5a25a967629f83a6b364c3d401683b8b6cde
10	30	81a4dd4b2a0f4a0cecef1b128c68ab7ce3bdf1e53519b739fb43f22bc8854509
10	31	d26695a4b50dc09a9188994e0f0dd88c07a91a3aa4a4fa63260601e6f3776bf1
10	32	8e43815aa76ac2077797b092088c345b8b41f80a6ccd62831fa3ee5b59fa6c78
10	33	6fe10eee1697b84069aca2674adbdd36894bc78a8d61f1ad34c8c03afb9c5880
10	34	979df46fd07b20fa4888dc76f24dfa078fa46338ad14e94b06adb55f9920e838
10	35	b9098c532b5b1dd51c987a9db3d07c600f2ef6064f133942dbd0baf9772a12d2
10	36	53d4769bb21d3b7739d209b3288c9591de0138d2002a0d6b8a8f3b664554343a
10	37	f1e8fdc1fcec807a45ead21d157011dd4b2c1da0ea86572a7db7992951b73082
10	38	4767ba8c9846e496e54d3fbcd3c836ae3cb3e9e154d5023e2e1483d980ca0dcd
10	39	7ab10e8729dcd6346c2e3de7d60a47e244c3010411e3d4a06a7d80e31582e546
10	40	a801c18b6c86135ea6d1a28d651c154f2725e861234fbb3d8e4627028ea8e902
10	41	403e733cdde3886bdcbe2d9584cf88d5db16141e31ce9efd0618c76c2f7a0b71
10	42	01c54e6ecf2823f7e709aa837d07ed90268316638fd2f8e7050e45c5dd198cbe
10	43	8614956bee3ca093f252458bd715c60293d6ede1fe589fdac219443c7f9efc59
10	44	aa5e42f4629e7360dd535b83bc3feb1a8fdbd8137c82603a694f0cbb743978cf
10	45	5bec0869238fd41904ffc957a92528876b256f7b81db7f928776c017e0ad0dd6
10	46	679ef923f4958a4c573d34e0b2f13aa7edad0eff7822085ba33335e52f7ec471
10	47	4aedcf930d020e5d9f61d2213f1aaae23a0d341c7008f5d68aa897170afa9edc
10	48	316aa2b439e887ca0ef2e00efefb241b0864501f0a2ee84ef83be2d32a11b27c
10	49	b49b430a8144b616eb0bf8a7784e8fd64b693fc48cf94c6400cb2910c18769a4
10	50	fc2c9c38bb77553b383f25ea52afcfd2f5bf8f411d18d8da92f561fdf1b8d99f
10	51	01cfb3085917426055158b820b786da27bb9cff44c12b31880ffcc1c74756abb
10	52	39ff714a2c87369f096ec58efe222cac7f193b028f9b95982ff698e4c10ad624
10	53	4549f67ccd483f150e11a042833028fad8e93e72bf7d9474b7e28c4fb78c22c6
10	54	5952865dea31438c91c671a2767d85ef3cb703da40ea99400f56f1843d9c6bd9
10	55	891d42b6c8455e122c3d977ec52d7d6293dd4ebe9c8cd4f424a984c484ea6344
10	56	8c620242b8e5a715d5f8979aba962fb4102fb7ec369ef863fc882f9b5790c9a1
10	57	fb64ff04dce067655a0f5f4ae7ef312a7288263405f443e80d91463cfb89ba35
10	58	ee6ba7d2d7e78ca9d91ff041751ec9e957a493b37b05215d9e5afac622648de9
10	59	8fccbe9234c4a68ea3c24465e6329eebed82268a803121feb58db95ed44749ca
10	60	01e925e87dd6e606e5026b5627d1c3939dbb28a1afb8185952f9e20c419c2d79
10	61	5ce282c780512128d5d6fb1956ee65c79f52e6427dec199193778c280bbd513c
10	62	19d4a419ab03cc3c545cf772b192d241d8f69928713466c3acb6695cd3b533b9
10	63	cae55261f70432864dab9ba7c9599e346dfdc0ac829a669aa8d7f6fd5a232d85
10	64	8c3839312158e33129f9689b809691c633086f19e2baf7ec20bbb1b176529ac2
10	65	22df786d3cd7ca15d1a25f8af244af5a857286b076ff20cefa78d14a4974d78b
10	66	13834cc1b9ef0d29afb33b3b94306b859ca548f4a29b19a6cd59e1272a4bbcc2
10	67	e8efacdcf8f69a10a9fe4c392ef6913e2e867a7362338ac2495f9fea57c60318
10	68	419d1f706cd027658a4da9326e595d967c22869c6bbab25f51e532b9a3d5949e
10	69	6cff89f9b8210811a844f520d7a847ac0638341afa2888892f0d09ca72d2eac0
10	70	114e250a1c1e3bbd4cf92e7589deb9f61030c3cdb74bd47fa24ac5c12b92854d
10	71	6cff89f9b8210811a844f520d7a847ac0638341afa2888892f0d09ca72d2eac0
11	1	4d2b4f47b46b97aef3aa31eca3285cd31dbb395f261173711e6ea32560a7b387
11	2	ed2eb0f9ab983c9968789b32c814dcf0d7c6ca80cd2237bd0c8f2e41c1acb27c
11	3	a01a024e5907675234838ca25f0a53ac9ec53d4c946251e73663f4e9183ce49d
11	4	d519936a9821cfdfe9280eba728ef77fbb0f212fc7b79b23d41f5abe3ef43425
11	5	23e08b382f2c617e5eca5a2cbb20a83813331d73e0b086fd8b2a31f06da5bf34
11	6	ed0db41d7b9b7eda8fbd3d15b2a580c693448e4f9e3a83406d135cf4cd48fec0
11	7	7cd181d940be19f8860477c56139d3b89823c07ad5c8ffbc9cc16a1d3fa227ea
11	8	aa9ca89ed86c964a3ee5b5dab55794cd67a38a8804ad664864e65e78b3d683af
11	9	9d8ccf497acae9f67c8153da12325a49504288ba22ff73f7c022849f051b1123
11	10	812635808a1c7b8483a7a05e7e713b43c6fcaac4ededb95fd0eee5fcd8e5889e
11	11	bbe9ab1710f213587296df73423749d2d6d50882f89078669068341f07df88c2
11	12	cca96205c749e55e92e95ee1d443c2b229a21a11d371f95758d00b05d55692c3
11	13	c401d1c69eb19315456b75d6be9951287fd883eaff699e153c0a876612814f97
11	14	df93b0e521c38e6530652c2edbae06e68a5bb369804c49e18a3daf82078d7c99
11	15	a951b2ee1710b8cb445282ab0ef0b8a7862ccb10a73a8fc13a5bbdb02ce2faa8
11	16	651236af3f821c8900172b6ec5ac3c783a70c2f049a6bb8260f3e80aa0724dbc
11	17	5f70b325508dc2887e9ea4bc2a7428861601c207433617acb14ae330882d3910
11	18	5ed6621c9558ae91c226172c974456d7d56b8bafafd914a03a27f9fe3c71b797
11	19	d2d424b1cf13e8044d5b40dbcf4b5fa7f4f614acb1f35e3c055935ac674b6521
11	20	53da0962d26cf20f9a4ba5c83a73e854ea659ad1832235e3086fddeaed6de65e
11	21	553dc04f7e890525bdb16ed569834830a48e9e224b3d32a3439aff18c8d29a17
11	22	667f7d4c6ef87346ff7f48b64b9ca4186292409852a78e84e5bed69b8f234234
11	23	addb4a8216244e0fc4d9a6e63e4840f92d0047040399927869ef69410d2b57ce
11	24	d63e42497bd090dabaaa225f51b1139c0e085e74344e10546fad2b6b64e8195e
11	25	b609e45e6220a9693743172ec94b31739807ee3ca61a73db353819f31153512a
11	26	c0772f3c97ecf06ebc006f283c6856c2739a4fe1057e40cd631fb21caec199c5
11	27	590703a295d162c6e80d98e086270e472fc641572ccac4ac19621efea4f5abec
11	28	2127cbda9cf2890df70b2583715e143721d5a95e1543ce1ccbd77b8cbd4052c3
11	29	e09d03b46e63fdf46c18ab98fecff318833bac76cf7807a6429fa0b626b08213
11	30	7944d80c051f627134b6e20d5c35da4fbe9d6c2d8e5db8f4e562feb9d4a173fc
11	31	58da08f52fa6513e3865dd514120e430036bf71cb41bc0d341801e25c490761e
11	32	6d38dbf1ee469275adc25cfe070aca8bec7e773fd2b508461eb4ecc06c819caa
11	33	bd0457e862b917089e55cbaccb6d8d37911da589c6f2abc4ee3b8c077b651640
11	34	31f3c3884419e20f7d70a56ef6e646d8244548d1d66ec59a617a7dc3f4b4578c
11	35	4b92aba5c64e2cc8cc86e77532daf8c703ee403b4649ddcaeba9f036a1aa8682
11	36	501e66fb4bf5a47302728c4bdb9a19a8687e9ff646abc7a35459d82b48bff68c
11	37	4d16bee34e5980d96ee737ce484b05ae9bde6dce1f40db79a9ca84d3890a82d6
11	38	35f2da125ac06ccb35e785b86dff31f8b4aabc0e36b318b254bbb07ff65d191c
11	39	3274d03371e36b753d4a220aad523436b644de7d51944bdc5695f940c351582a
11	40	dab8969ce3fe8d384443dfccf94efef242d1d470a8c9ca2b412fc589dec97363
11	41	a30497f0315ed858802963bcef0af0aeaf2047d1b3e61a75599a77a131735b4e
11	42	4039d06db7a7c3402c7b55cb560b1492b24f61049c7d1ffe3141d5e79579766c
11	43	83072bd4b79d9651dfa68c88998bda898eb9df18af3b9a4ab81f21ee4c38f52a
11	44	b97f6d141f14d9a1c77add6ba7fee1ea621e5a20d97ea3eb1feb3b1cd3f5f3c9
11	45	442d2d3e7e50a49bd44c5deb5a1562e8f317a6ee40f34fbe945b308bbccd6713
11	46	e58b5fbc27ff9ec341c0744df8a2430450b2b47a10b287f2c6c3c52ca54d2fa0
11	47	a84c7bc0cef3f00eed9b6a786ed2371ebca20d53b69d45142b5057af33729cfd
11	48	c2ca8a0c6f209155c4d0cb5ccf9aea8ddf605267f2c0f5ffeffc19ed490b6026
11	49	32a61735092848ba4bc7593b43cd562e142ffbb50bd1cab43773c129a2dbfe5d
11	50	fab8195fbb992233bf8e37588e6b17a973609697ce492e8db8911bf0977d16f4
11	51	2c4f6d68966db73dc33b674fb70f0de29545191018e3a0881decdc9727cef0cd
11	52	cf6e8516574f0eb804fc6610d1b1b964f82924553dfc4d4c868cdfa6b2fd707f
11	53	6fb541d3a47d4ed4785d43fe4300531ac3fb34fff09c688064806e64a1aeffd0
11	54	1b061383182a79ffbc385391de97f050540f09b8d85cfe9227d4db3029b499aa
11	55	361451b1921ea08f11202901083341c930f2b1b743a30ffb8696482fec0dad8a
11	56	05d45c7096cc9720db342d1873cec23ea8cbdd3b2e694482907f6607819646ff
11	57	6051bd666e51f996f0424937d2ebc86f66601dce07fab25e253b121cb175f914
11	58	6cff89f9b8210811a844f520d7a847ac0638341afa2888892f0d09ca72d2eac0
11	59	02efd76b5df749304f03efefa18b4ef7ae2c6b7633c6d9fc53e316db0c22be78
11	60	ebced82b804adc70b87f63886ae8f8817c7952fe567ac4a0ad1690b4480b61e9
11	61	f3b695cc66ea0f53b107af6405166d3a452f0e48dae1b8d5d072cc737972c456
12	1	c75410a81ccb2856c41e4e16f2c0288b47b0bf792589eb31f89200dffa2ab8ec
12	2	64992818ee06e09d488809d6d782e41207f3d428f4bc2ae3092f0f01654fe055
12	3	6cff89f9b8210811a844f520d7a847ac0638341afa2888892f0d09ca72d2eac0
13	1	3579d3dd12f11f43c4cf5f83acb3ef546b378d5cbadfd8799f7e0372d140a0e5
13	2	7a1aeccc2f18f6152efa0d8cd61422bda92d1f3915fd2d47baef2ff826a6fb2b
13	3	b87ac104dcb6ef92390f6578602e244305b498a70d7c5680b35b7c09fec0d01f
13	4	3f1223f5ce400b42494cdc7335fb78bafa003ceaa5b396470885d3de751d1c6c
13	5	32ec8f846c4b33262ed6fed48b0ce6a8a0bc990fbef33519cfed230b83b91d12
13	6	5eecadb1f32f388f8aaf1d5c2e1a8a7b71f8897c171e18aabd67175392943519
13	7	03ea245849737145f65b8b9302f5a964e8c9beaddab1a871eb402bc5e1ada73c
13	8	a38b43f0e9c707123002c79c195bdc94b6b2937f512c8d0d2c7887b46be68290
13	9	266f5f539f3000c1783403895b8ac8b850a2be2b568ee64b0daefe5f203d403b
13	10	6f1f1bf6e23c2d9615f52d70dac53f9bb5d3758ec9bea208269e980065c6d82e
13	11	367145052f5c535ce144e47cc9a8775e18ca0c2b7dcc3b1d980be84f71fd748f
13	12	eefb9a90ff899c0e543684338a956eb2138a1a5ac4acca055481e025b39136ce
13	13	40f79be88ac18e76f423be42666a195a222d4690d45ea75c7009ee2c7b709e93
13	14	137b15cee40abc133083418424b97aa8bdf4fa9c3eaa0a6e3af3ecc88496aee1
13	15	4d8677ab65539b93edab38daa4ce8e6c48259a5dda462ce408c3e8f111a3797f
13	16	d83e4aec1bca4a123d14d96f9ac0ea24aeee2e1491f73700e7d3b9164e5bfdf3
13	17	67ed0b47464510f6e151daa6fd742daeb02420ee87b8d2039ed702780d6968fc
13	18	07bab5b4d31bec7581c2d1728d36947fe232d62ca481889a9e7e65fea16d7b0c
13	19	f3b695cc66ea0f53b107af6405166d3a452f0e48dae1b8d5d072cc737972c456
14	1	5751ee83f636e409548f3eeb74565dcee33de6ece4f4ee22d91bc397a110d67f
14	2	37f62b23f09ed010074523fc450b850ec4f886c6cea1b1d0eae829039402b345
14	3	90bc4d3b5cb5dc006b029b55abf8254d6607d225ee0a940284db8c30d59711b7
14	4	6654b36bc323002549bf57c58fd82738bf86a781dd76595f1541e2502675b9f4
14	5	403e733cdde3886bdcbe2d9584cf88d5db16141e31ce9efd0618c76c2f7a0b71
14	6	3cd0181f81c531e5693c5c5464550eb8b51f6df6554424a1c3f8e03f118af8aa
14	7	cdf89eb1b6db52af40216e83ece906b5e90060578c348b62fa354b081b48054f
14	8	08faade6b629becedf42793132e32bcc4d32333db0458f8f91a3f0479f2361ac
14	9	ea9bca242475bf3fa25a0945ad748505422e081b115b839d9918ac1af57f6c1d
14	10	90bc4d3b5cb5dc006b029b55abf8254d6607d225ee0a940284db8c30d59711b7
14	11	cf3173f6f2563e19ec76d1a3d81605f319b878c96b0a8bee4ead0ec2c7aa7fea
14	12	9186cbb1281d8e1444d402855c1bc3dcb67699d05ea5d7c3972776bff1c8aaa8
14	13	b4fa2a53c3d4c66a6295dc7db564e6338213f2bc554b7c7eab2a13717715cc0e
14	14	b7a0f0e75286989efd7815b5a188bb47b506d8200bb08aaf27bf979d2c566e6e
14	15	b4b63db82df3c9359c438bf3c5e0da241c59c196a27efb3690f5ca6e014445b0
14	16	1674a7d995565205149fec24ca7ccb9093ec7fb634c83fdb90ed886629460a00
14	17	16e497fb7384a655870a7694005bd6c4ff56d3f92a4d2d6bfb977d5936b99f42
14	18	f3b695cc66ea0f53b107af6405166d3a452f0e48dae1b8d5d072cc737972c456
15	1	00bad63d3ba4bb3d65ccfabb699a96b965cf6d135f769add498d9a0591daec9e
15	2	f743351db3e1ce6ee1e26da5927b19feca86d508bdbe1f100543a68e76787e97
15	3	d3d233e60a113a3ab2470601ba8693242e1c2245cee7b0ab96433921a6a25429
15	4	5939150ea455657294b86ef2e30cbd6040b88458d3d8ccf6bfbd6ac3a4964730
15	5	d869242a46bfe955c5c128f69d3742b37aa3216ce8fe88e63454da9b18f4fe1a
15	6	146d26dda3b8c0cd5acc6025a868c1b89168e4ab3d34654f8da097bebee97a7c
15	7	d47e718540674d46b8aa55680e47f74dd7d207e78bebec31cd60a4ae827efecb
15	8	466d177c2a9d32b4ca910f29f5b16a7386bea02dfd59e7d5a9cadfe4ea61bcfb
15	9	9ea5e7bcfc8e13d0fe147e8c6e2ba027db9ef3c01760356bdf0b89865c9c5c93
15	10	af5f7e950236fa27a12b6b8a2ffb2148d0d42e35453fda7b9e1f28584ec9d977
15	11	fafbb5e3e138e9f09d99bbe659bcaf018b06fe767449dae2b10dc890383b4ec5
15	12	af95efc46688997fd19c02c5ef996a0e9a8a2b168acdd08e61fe72b2d7eaa7e3
15	13	6cff89f9b8210811a844f520d7a847ac0638341afa2888892f0d09ca72d2eac0
16	1	b7fb1a522103d41e35bf0d572d37a0721b083f78d9d3ad2f5ed144c86f64e291
16	2	4812c086afac037518131e7c9c48c2ac95986d056716c878c2cce5b6ea23a2cb
16	3	2fe1af9cbc1822379d356ae2424831c78eb69ce2039df8f9a89ec67d934c4f52
16	4	aba5df5576b3287b820847b378604946bcc25c22891f17ccfce922404a61e643
16	5	fbab1e956c44f461a3273e231c6bf3af17748d6a853bbaa13722dbec97d9f2cd
16	6	4dd51d1e3b2ec2858949df2e40ed8fe1697731fbb029ebbbae58740e740a69c6
16	7	23f9ee608806e32cdb88cc421a4197244a308fe2bfd721cd3221cc040052de3a
16	8	4a019785db79799bfdacb64cec177d2622ea6727eebeae248b1ba586dc6f159d
16	9	22bd4d40dd4079bb8875f4c8b976c889ca09715302f61415b6bb9462ea30ca4b
16	10	510a03420ae974e2218c77a1901eb94759f31c6e8d1f78459447b50fd4f81adc
16	11	181e12d81654f4fb16934d1505378357e0fbb13698e004c0377be7ce814b4539
16	12	33a39985e0449e8edcfbbdc34fa694ea4787a3530fb6ed5b4f6b3707b47a4ee6
16	13	ca62c0a259ea9d0dd7f7d27f707c6828613f0ef56fdc07d3c2e3fc2993ff42f0
16	14	09e0adafaf7d0deb51099b0cc2efad8944cf6c748f2f149daf90fe6ee2d04ace
16	15	48fde2dd3cd642430e208d09ea6c352a52d8ee0043d83f818d52b0adbcb1f0b7
16	16	a47e6e9afa9939df0d29ef9a242c10341252ea75c73ccb93891be7bf2d3bc0c9
16	17	fdb48bb34d645c36f9c97805a0615e6359cf97e35f306b16f734f888e2b47af2
16	18	2bf45e5fec8b3f8c2763adb4b678dc328ca4facd6322f244d7dc6a728017f373
16	19	067c5f9f7b62084bef1d54a87824ac9c67ae366456b6a59ffebe4a1c36dde19a
16	20	a9d99dffe9467ef349d8625f4a50fd977fb6c6d28de7f34a2310c561bd8d34cc
16	21	861c70887cc10a32d45c3262a86557c78fbf97fb3ba814c27409865b938cdbaf
16	22	4a398394f115dc1581e4b0184a3b5a0522dfe3b584cf5811571a4243724c958f
16	23	fab2a2cf7803227c4d3a7580950318b67b835bd536dfb0fc284b0296a2a3cf47
16	24	e6992ccf4db85cb9ad2fb35bf0dabdff855bf3f272eab354a84bcfb889b12e57
16	25	c703fde261fc5837771893f37a9e19e16e8036fa0a730bdd23f35cc5cdba7ee4
16	26	7f9d44f3e13cd4ae153f80a25edbb8a10a03f873f4af7668705aeacec9e1cd32
16	27	98c9f2ce20541e06c66bdbd39f7d4e41b2f39a074cd2e6d456a1020231771d35
16	28	3224f4afd65b0a581bbcb3d5551f2c9778ce67fb9f70cab51500f6e39c45d0b8
16	29	21a57ddc0a43940f08f3332ae36cbb8653c58759ccb024f3c12604ce52ed63d2
16	30	ae9ec59be8f3718cb4280f9575dd5e5f40af2777ac928ea180dcc088b6c6ea13
16	31	f85b8e61f9d314de050076b8184c028fbe8e041d74f1bee49c63b31af263d7fa
16	32	929e3152a26ba0948602747af5fd0191eacff3d981dec9d0f3f44f38eb548326
16	33	2b99e1f1b25e78cb851f84a48a31561daf53e1738232889b7108af7159318450
16	34	7924d56ce8df5b4c27d9517b416dd59c3eea9c05de5eff6dada7a679c41e9383
16	35	6473df6434ee8edf650b67254fc0144d225cc47c9ce6a6a8910e216d408494b4
16	36	a9d5072586e0a5f4148ba9a6bce72020c2959cb77709903b291efe98077e1c7e
16	37	cfcc752ae037b158dcc0775d6e9a8930f087030a47b270a97cbe3edc0f4ce5ee
16	38	9387cfcd7132b1d238bb1dd54049edfb80189d3e4718c2f38eb379ead5ea3c3e
16	39	170e0443df3d97e7477205d775041ad0a72fbec63f53d018979bbc1a98891041
17	1	29f59278a3ffceb9f9def4355f03ed12907a60621daaf300072b9545eab47248
17	2	1c12c20e39cef7d35f97560ac03a868d67f351debff6f74050d02c14e92e7ca0
17	3	4499a2dbda25f924c816d3438668081c0879136d6a62576ddb84925748a4d8c0
17	4	39429170ef88e334698417be0723ac59eb6411b9dc0486da6edc05627ed4851a
17	5	676c35bbf197bdcfa9015079d676c911ed340bd3c634a9718a6bf42548bdcb4f
17	6	23b86885e035429251fdea1e4eb83ede9d8240ebe3a809a5154aaa9d29f6a184
17	7	fc52cb3aa41ad939691e24c5d111f33239f2459c61ae401ba34fda844904eec2
17	8	6dcc382bae3fad97679c0d27c3740f0cdd3f6f38eeb6b67d1f2f2e250775baee
17	9	c208f08e0c3eade2e6d25c4e9bbdd4c2abbc5784bd13b4b7eabb7f90e4f1d164
17	10	07df013d7d44f6ff2a106bdf97eca6fa44e1b3095d19dbab0bd7dd88c95fa409
17	11	b6c97c39c22ab959b133ecc5633e4888288a9b6b35409ebb4f65bc64d92f9e87
17	12	d5128a3c0b74dd0925f9d1ab000e32d633525afb4e53e7edad9adae975a3c0f3
17	13	df46013eaa3a9bbb8e72099e8172ed9134bcfcc3930dd59e53a226e9c924d997
17	14	caf19d585e75407643237dd3d42e530a1dee7556a7cbceb64625e7ba469ed2e6
17	15	2d62b77eaaf182bce330ae76904ff9cf5af9e934a95d269c41ac740e73312bd4
17	16	338c0da6346dbeb6beb787b81ca9376ea6ea81b09bee2b40c8dae2412d3b2937
17	17	c0c9c37fc692969c89cb094333ae2a55ce6243125b7158d5c2469306a7ba4746
17	18	1141642de4624b29a4bd163ed05ea9a8a32e31338fbea64c26eb8234155756e5
17	19	de5b51cc16c709043df67fa738c5b7e8d478dd3fd0bc983b632e877fe75b0594
17	20	c4c92a335b0a5ef90d668a2a572e3a72c91b4af7bfa67254a4f3bb62802d0442
17	21	0442101970301b0a5dfc6a08fbbe766eda4829b4e5b9d0a5fb3ef4cc131a1141
17	22	1c88f13ca00f25b0d40b998ed2e36be4984968224af9e8ae389bc49924094fc4
17	23	939e72f04c7d73d6f7f96d2a629daf22db8827bf7d9855e213233dfa90919ad1
17	24	6cff89f9b8210811a844f520d7a847ac0638341afa2888892f0d09ca72d2eac0
17	25	03653a4f0d7f58a89aeee3102b5c546ddb06e3c5aedf8ee699fee69433f5f964
17	26	ed1e0c87a098417a6042c0aa70fe0845376132da0300438513ed4d796bb72ed9
17	27	1438948e9ced344cb2305e8d9c36553405718faf251a6929e876d0670dc0597d
17	28	30aa300e075ed35e59233958d050c740a1e704988b75e48b0d5d20eda26988c1
17	29	b6c161ed38ccc74f31d999d450a5c712b4d8a1ccbf82e982719907d0679d7454
17	30	fd83421361ac7e6cd38a4ca3b100eb5aa4ebcf6349c67bbc63e7301223379820
17	31	fb75a125e0dd1d9876d6ab0aba26d8a13d6ca0a9665c5d0a9a3a275d00000105
17	32	982e624302aeb060df0ad566e4925736f4a6d76e8c7aeca9c67920c9d6a83bfd
17	33	ee56fe24d23b6104dcabeef6f1a78eee1172b456ff614b2a00c4f8651de7f953
17	34	6cff89f9b8210811a844f520d7a847ac0638341afa2888892f0d09ca72d2eac0
17	35	e0acd5ea2cbd72666a2efdde3c678bd95b6918f74eaaee4e4edfdc3a26829d5d
17	36	fb64ff04dce067655a0f5f4ae7ef312a7288263405f443e80d91463cfb89ba35
17	37	6bd7a105868412b211b439106f210adcc25d63c6883049d177e07f03d7302c1e
17	38	fefbca6a5cf383c796c5a7a18ac83ce5ec7155ea2833fd4fce365cc478ab213e
17	39	0f8cfa2300ecb7d682b3b983a1b9b43a7dcd7494c054e9ff9fe62e0e730d4772
17	40	f9c82fc84d7c3ee0aa406317f43089cb744c57cbf619bf9960961836eb66f809
17	41	dc1edb79cc4c5ca8d4e9f8ed059add56cb5c7be8cdf79059ffce4a7fe11a29cc
17	42	efad05d62e0c22a3f42855354d226bdd337aab9b5a91c5104631d20bcc7ff6ac
17	43	8d75944c1fdee1aa726afe84b46def91d532d2d5373e0622d36ad17403c545ba
17	44	9b94c4de54abe8c59904c12e6caca1694d6141ec2d74318bbe82282d3e8a60f0
17	45	d5026935b339c0e4e4ccb54427a5554351e2afeec95d503e7366ad95452c4dc6
17	46	9d39d9f32eab1358cfd781fb22afcd8c6e1131516c3b7526193cfab71d74767f
17	47	6426eb6963d6c188771fb5fde2ecd0d7397d40ba670d16dd84afbdfa5383fab5
17	48	8843162bcfe9a63e1949226eed2df942fe5b944aebafa8f9a654beb155f9d42b
17	49	ccd06bc47e9f4f7c581a3d9ba4d72ea3e14f0150926db0ec7894d355a9add07d
17	50	0059e212625d4d2dab5cf3f68dfb4e6445a74680224674fdf61fb79fe31e6fb8
17	51	6426eb6963d6c188771fb5fde2ecd0d7397d40ba670d16dd84afbdfa5383fab5
17	52	fb595597bef2d02445c6584fe73a31866f796a61e44ed44d89a52c6a42c2441f
17	53	92de68728cbe829b86468899f5f00aee3c4cdd5333de25d7a0d656de7f6e32cc
17	54	04527d6b5dd866034a054a099018fb9ecdb3a4ea3a2dfb4997270f7b3ccc56b8
17	55	bc438004df1fb7dead1e512d63fad6b5592125a70b34b839e390b16f4e247d4d
17	56	cabf8994affbfcd7a87697b92c29c2a1a0964846e850d4bbdb848f914d8b1b16
17	57	e50de40957091f379781d005565e4f506a204eeb2de862beef8c64199788ce78
17	58	8f540b83472bda025c80f99e39661894f50a29094279465bafbb4e2f18257642
17	59	c970757a515dc6c83a91bc9a3ed857f6af83f75dd6c58fc7f0127c809761c199
17	60	492578fe8819b33cbbacfb09ef41602c50a67256d3f68c1faa31c6438ead65bf
17	61	a3920d72dd31537174b33176c714d78f21a58350ff23192b999024d6fefb452f
17	62	fee7dec64585509320369ce3ec771b8760a44adc8399f9dfc781552ebe15a5fb
17	63	c96b97519a7b4710eaf579e6c3ed9f3dd3a7d72f600a6046be8bbcb3f0d47bb1
17	64	6cff89f9b8210811a844f520d7a847ac0638341afa2888892f0d09ca72d2eac0
17	65	072ef6fac144ad5cb78048e09c7937330c9f830a46166effd61f975cb8fe8d3c
17	66	a38af314f597236cbbf61ed4ced46dc885f0ae340b31f24b7c6803b01ad761c1
17	67	fa669b55581f76283f4671446e4d74b284c311751fc02c3f4b331bbe60bfdb05
17	68	01c93f15e60826c9d2f20c90042bbc975dc41828fcb686f5c0452a654759bf9b
17	69	0cf37c763c90629db32b154fa85d148c303ce750568959b11e3c94bea5163643
17	70	eb22212529f17b386f608fd01c1a717743b7029943499607665678262dcfc3d5
17	71	f9cca9956b16d6706c146ef464b85654b6d9288ebee605e3a7e5947935f141a6
17	72	6cff89f9b8210811a844f520d7a847ac0638341afa2888892f0d09ca72d2eac0
17	73	85daac0ece426178c3f6c32d0e9f2c08a9a7ca4be4d43d9feffd0b985d433527
17	74	6cff89f9b8210811a844f520d7a847ac0638341afa2888892f0d09ca72d2eac0
18	1	b652139582aedec9e4112029e7863f8b2c7ce74a1467aba15687396bc879da0e
18	2	77bfd872108636c9ac001a948129b87a969fe27cb808a2aa74373a680744a359
18	3	977d793b10e1ae4ff8c7f19f1110d9591d7b8124faf7c73b87172276e868aa75
19	1	cfcbc4a632af5abafe9f1d14f470e8405f9a415f43f82473f3dcfe887fa0b326
19	2	77deb847f47eab74ffa53ac5b1d4738a09214c0f93d5e670dd0c4c8f4326c434
19	3	aef00d393a34b3ee2ec8bc1243011729cc5f31b253e6f623416156468a03bf44
19	4	1f45c8f319354607ef05c0ded2072dd98369352256d42abdf44a48768e9649b0
19	5	b803fa4df72de0587be44eb2b13df21df1db552fcbe8fb02c45f12c92a1d9e55
19	6	2e111d48a9795181593d26fd7d96f7648384cb7b2d557474d5ac642ad5a4c043
19	7	b9028dc668983cb7847419bc531d9257c929fd6169d120b6750416ced1ca2154
19	8	8eb7cd6b77e78f463c3a1dfbdb6313e46d41594d9c66b2b9dc7b7f1f3a5195fc
19	9	898bfa127f71753fb2717ed2de01a8ff4f7b31829f96d6f056629373ee2ba6b7
19	10	2fb660eb93888f94d7ede01828d46c11a2fe82bf1c0738885ee9c1e8a4a590e5
19	11	403e733cdde3886bdcbe2d9584cf88d5db16141e31ce9efd0618c76c2f7a0b71
19	12	14b9ee877edf750cc9c56f1a99e4e3fa662e747818d562052a375b90684e3674
19	13	6c5a91ed31e8db197996eb352c55f584c09665a7b908501a33a36d5e124f9de7
19	14	8a4885d1e66b6b3c94e466a57f753cad338a7ff2203185aba951017c64a5ea57
19	15	0b529f53dc77094f1772a90d67fa27bd8b4d5bed964279ca17c82b86d083f035
19	16	67dcc0bc38666041e2307451b61dd5ceaa0c363d30531b7dfccf9e2ef3a75c10
19	17	1e9d763a2cbd6f95fb45efc7249a90c608f09ba02e29f4783a981a4da5029002
19	18	5c45c043e4b9fb0d7d25ca088a5d01842d54e314a3b3bbe1abc939f3ac8c13ab
19	19	50fbe98f523e7c977ccaf709434c7a51ffb8ba91416b7d92447ff3ebafea44c3
19	20	ddf82c2f1f24c580062485cbc0743b6fc781d95e09e6aa23ce52e8688fc1700c
19	21	c3ad1e37326aeabec14b113bf73fce47c8f5f11d7f34d73a471be0e8e25bccb6
19	22	44b78cf3039c66f25c034dbeddcfee333e6626581c1e73ffa1ee22225f59c4e6
19	23	0d4d152527b10640c585592a49dca802636febb11673afc0e6c895f24163f0f3
19	24	5974ea2ecc694ad9d6fa377df5256121973338fb5d6c3b723f0ec9364ae08cb7
19	25	ff2138df6fbfcac8c740827e8be78d6c227d1f408d57557d5c2d2c716b91afbd
19	26	6a1ee02f40e53257acd2c0cbd9744c093760c0fc06920bce1da19d167d974d92
19	27	2e111d48a9795181593d26fd7d96f7648384cb7b2d557474d5ac642ad5a4c043
19	28	9767c0231761bb6ac5d712600df3124247cb4c607cb03e8a235c0a784cb61717
19	29	aba5df5576b3287b820847b378604946bcc25c22891f17ccfce922404a61e643
19	30	471f9b000df5d3cb1a6fae370728ac058cd58ed94a2c330be9debc29fe7c45d2
19	31	0d85c3535d628ea10ad25f11886762d445edd89c9ae4301271e5dff016931765
19	32	f820e741ade6a037749e1d6f64b387c4d747cbc276259c10be2e1dcecd0ee162
19	33	d7b0d10325f771fbe578ad04d8b0313862e0649c9a61ed54304638f4015d3634
19	34	4c79bf5302855b061085e668e01b4e4aa65f63e4f15501e2b7fae23975587dea
19	35	35e47c6d927620fd933febec634b2ecdfc255f029e438fe8686e7ddc9ffed451
19	36	fcb2eb12ba5442f829912b3c226729b2804c2582a18351bba2b0d70ddd83e460
19	37	f3b695cc66ea0f53b107af6405166d3a452f0e48dae1b8d5d072cc737972c456
20	1	3a962f69bf87dcf9fe4f47791e022de0313f611920dbdf2f6b35f9f86a449091
20	2	3bf1bfa9e37aee954bf4407e873ddfe6a033fd33a98356fb06f1553a84d4670c
20	3	0c0ce04f07b4a99047abb13f5bb2cc3a199283bf754183350d5e12c8ade119a2
20	4	a33ca1540d3e65a48860ee93964f420784d88ea9f7ad3421b9f35554df4ef8c9
20	5	53ed7e2e1e39fe54a6098b2295c8042aa253246a6a014dabcaf34573834d3f07
20	6	961dcdbface5d60d488dd6900a3f45eb1df51863f4cb42b7573ffcc9c904f1ac
20	7	99e66629b6a864c9dcd390cf21739798ad0142f75f0be5122653da017eaee088
20	8	f3b695cc66ea0f53b107af6405166d3a452f0e48dae1b8d5d072cc737972c456
21	1	c678e47886c5e9a97b4583f9422b16e4a33cb9353c9fbaa1642d94b848a89a8a
21	2	4381c7b2633aea20977aa39b7a7e03f20889a8ac730673e80697f27debd395ef
21	3	6cff89f9b8210811a844f520d7a847ac0638341afa2888892f0d09ca72d2eac0
22	1	a794cdb82b702ac5b643df06314b774debc078a4207aaae3c41428fadba7feea
22	2	2e111d48a9795181593d26fd7d96f7648384cb7b2d557474d5ac642ad5a4c043
22	3	3fc24b330ee92ca35d3096b3922c21ba3b25d277c3a6e973c72a891173d802bc
22	4	392adb711cb0823c57734ee84f2f3fa002a6c9ac71260719a1256b118bd6d894
22	5	2213a98868d0871a6309f54871d1c8f21506452909253d4220e7fa6d4db44b9a
22	6	355fb03e83be4a65aedbf0568c9f50364f299c4e80bd89c9171d0da8eee7db63
22	7	1840cd20a1f2d4f9634092e61dd69dd45ea70ce463be3f7e7ca64523041e51b1
22	8	2d88163856777a83949f9909692c7cb97898f8f6a4bc6c50736ddbb8273936a9
22	9	ce42dfc8fe9c25baea66b894bbd9af4267fbcef21ddbbc96a3b83171a2cc94ff
22	10	fe06041268ba08e2df09d8f2b1771fda85024a60e90dba34b0b89481f8c45f11
22	11	be9b4b0e3af797b9ae003566aa5da04bd00f6be6765d0a94597d560cd3cdeca6
22	12	b0f731b6b34b2e32a84e02486697a517859c2bb5ac12b5dfbe56033eac7964e0
22	13	7e338988f72d7757a779b407bf377929a819f1b2bad2f143e8792897000b4234
22	14	2e111d48a9795181593d26fd7d96f7648384cb7b2d557474d5ac642ad5a4c043
22	15	effe850d37ee3f60f69799ac3653bafb15fcd67cd92c3af57fc0f1a5890445d6
22	16	7e3875a06d2b8c5cb43e83579f34adb6e831ad5b995b3b805dd382a0ef14123b
22	17	2e660d8951ea10e8b16e88779f72a61d4a08e07dd3db6cfe1bf858c7f977658b
22	18	678a3cc3fafc3d7a493c509c38b5fb9eca5f07616147412fc337e352d782cb9b
22	19	5f7a67ef138e272422fc59d5e8d8c4982a0ee986c9b55fb64b526f42cffcbad1
22	20	aba5df5576b3287b820847b378604946bcc25c22891f17ccfce922404a61e643
22	21	527b202d6f8fdaaf3c66c1abd49b728bad689f3164deb439b7914813cdcf350f
22	22	46bad682957728c56e15a540950f502761a80793f13a4000f63cbb7601a14970
22	23	ef81fa2d133afd7ef8cbab6c04a4ab4e3b92744ecead83f4184662a6986b34b0
22	24	ac94a612eccd00ebd2ace4f1f29937179b8a446efbed53db68b1a1484e644429
22	25	fa1ed3456f5bdd338428f580c20d919c294ca524448331c0ee56db437d06cabb
22	26	6f328ece8e7320f4af55943ccfdfa930ad31e342e212670b0ba7f99c91848ded
22	27	6a7f7019d57789a55468c25bde28b04b5f85b69a7e44e26e0332c7ded0e32edb
22	28	c9aea6abcc0a44cd94bd83ffb3391b76cdf535cf8baf368423b19bf360469688
22	29	dfb3b79d7423d8acc7ab5dec864ff211a837212daccbbff662ffeb2a1b381764
22	30	1e5a0795598b3c3b0e8a2b6d1e9a088682c6e818044564ba36cc05928f30979b
22	31	1bbec7d60260da0d0464c97c4e3a73bd9dea1c7c9a0e9f0c6347db5de5972986
22	32	f0866b6ad83697f787ac37790b678db0b36f67dca895b06f973066c525db6c09
22	33	a70bed286926c83fad6b2755d9e3d19b722712b45abb16005cae4eaa80c32cc3
22	34	9cfa9e01f3d4a1359a4c058e1792cb0b55d8ac9a7867142194cf95145a28cf65
22	35	cb9499d842afa65109518bec9b014bc4c6477c123570f30339722964b24c80d5
22	36	8da9a6895efd9d7ac4cfaf04f6c4181fa42d290932f336077313d6a996654080
22	37	92f5bdfbc42052c6ee02d3a66b6d553debceb3084a652cf1707dc9117d72606d
22	38	332d681196658aa15d82852afe399b0aba3f83ec2daaa980f7df0c852e33bba4
22	39	fd83421361ac7e6cd38a4ca3b100eb5aa4ebcf6349c67bbc63e7301223379820
22	40	f16798d919f8197b1fe4a04231e9f5a5191fdea2e068c1dd50eb23a1a238840f
22	41	0817e3f9573bcbcb3d9b299b0003c738468c31b2747d2f7b22cfbbb256b712c6
22	42	1f6bc580d9cb26547a673a49c471188105fa2b02c2d178aa7355f6670d77e9bd
22	43	93f6b1470b49687cfb80659d94f17f9b69596c3f30c3691c6c86c0f603218994
22	44	e6470f81526df062e135b48f4ccdbd1982cc63907868821bfac713bf7e4d1aab
22	45	f3fd909c0c58748bcd3649ed7f961f85c7539f2b3cea55690f464d579353d462
22	46	5a6af738fb772ee340a68b92a192b2a3d0c396cb1a2219b306ae5e82ec334da9
22	47	f6d9bb1b5d859a861ceee2abde971843a4178fbaba45e8dc2cb5daae1c86a68d
22	48	321789658de58dab3378a9f119f188c0d905b31b3c04958849f93bdad593f2dc
22	49	d59d1ebdc07e6b4a6ea4611239c6f83a907d5c1d1169fcf620d80cf5d586b219
22	50	e121da94e9ee47903437ea6333be8b5af6eb61fa9c474093523678ff38417262
22	51	203574bf7c0a70560e2d66bfbb96c99051ce827c41db5c4bc78baae136bd81d4
22	52	4a0b94dcf66edcbe22a68d71ef1097c342d619f9365d7ec5e5fcd354f99ac2c4
22	53	84e7eea95a34d4e13c433af4424946f947bf61ca9795f66cd3af8d817bf7f2f1
22	54	59eb61da6830002513f56acf33bb118b1e324fdc8591c9dde97deb5e0575e4ca
22	55	303e19881e2de679d0a7748175d6b2d4e532baae7f92b19460816cd66110ed2d
22	56	4d918009e7900f2ff8a3f9120fdc25f678ba160555b6fe2bfbf22f9c0c32a3d0
22	57	47abe52df4e7c9769fe119b822d34e1ba85da554ee18e1f2d39faaf4ac6499de
22	58	a6f1b549e6ff2069c5169bec98ffd6f5cf61eaf2587a1cb5aa75e60336a41e84
22	59	6065c5c35b09c325501a646b4cc5a16043352fb5b2fb508331ccb55cc7f0b2c4
22	60	6aa9bc85aedd455d752e829b66d4a31ca5d7dfdec6850b32f349b03902eddbd0
22	61	967f692f86db2dce56a817ec1be2a0c305eef06fd29fa71b52829f6199e88849
22	62	24eac9226deaab76f42608649cce4c6052aa64bbc3ca058ec9c825d9f5886292
22	63	1b0484b9ff3545df52ea619b7fe1435324816c45be5c8bd599eb4ae54db994a9
22	64	34e418f565b0e80950c7d0a4b077de2b60bac3042d43675aede6845101bea7a0
22	65	a93f10f0e6336358ad691c0f912b87f1b9fde16424a8cb304f2ea32d899c0245
22	66	d45ffa71e27f712fbe4aec050dbb8d09c02aec5a83fb6601430770431350b6a9
22	67	e29abfd10966af9406e84b6f8b3200a804d163efd9e3831e359bfba37c99dee1
22	68	b3162dda4b5c321b15d65bcbb4dd06447ef39841fa4677f98fa4ef825c689f25
22	69	a13a99203f91ff434572027f7d16e69d1cc511c9045757664966cc6a3acc4e43
22	70	597437f8fcf83518ef26f386bee185ef6bcae13438b4334b0cb4e8164d5c5785
22	71	703230350dc66d802b8bd10b62a249e905c9ab0e823ee3a80c2847bf10b7931a
22	72	4b1e6c31b9c7e29be32152b67e575ab8d7c18b6aa4ed8d03150e5ab2b0a83755
22	73	66646dac73268d391496837e2208e878bfd51b4728a7657905afbcd37a0a9855
22	74	7f636a5ec43f5c9f0745fa7b8f709c3f3cbef76474329dd71dc278376dd50553
22	75	15bce52b12a2ccb347cab566d06d0bae99e6cf4024c010b5f652947f2088f19a
22	76	357e8aeddbb5845df57ab3cf619730f20d9013689ca3ba674139c9773f961ea9
22	77	c3558bd1833c335377364ef09c4038243a1f6ad1ee1c10257f2556522c7cce2f
22	78	dddfc7ed2e37b7d74c4f62a68097e83f54c3539756150a13b5886cfe628de366
22	79	6cff89f9b8210811a844f520d7a847ac0638341afa2888892f0d09ca72d2eac0
22	80	f3f712705d964aaf22c932ba440b6af7ea4b3cfd7a8fb9f07f2890e3f8de1e49
22	81	710fed9e6bcdce408ba2677254e738ab198c3ebae781d133c24d579485b97db7
22	82	80e88b95b8ce35a7246649c71cb0f5d44e3efd559589b15047bc0010ab13f6d4
22	83	baf936834ca001f5645813df5dc28dbceba59f390a1d31c90794310aadc52dd7
22	84	6cff89f9b8210811a844f520d7a847ac0638341afa2888892f0d09ca72d2eac0
22	85	2e0fdb6ac2aa38dd547e9c73e1d57088c68793765d44b0f9f914777075b7cbdf
22	86	376d3eabaa4bdb91cfbec6ae628b970cce65c99ad4334ecf8b3dcd4818f5df71
22	87	59208b55dd0034470313f7ccea2eecfb66e0d2278830b6dd7bd084d89b341141
22	88	78c551aac344202efca7ccc13989e8ba0360ca703527df88f5353985e163ce7a
22	89	cf0d71d4cb3bbbe5d2d05a2bcb8795cc13fa31ce78ca7f19e197bd5a49d7a919
22	90	e747fda611862991800d31e14ea36c2823f9d801fa9d69495c2c85bb8d85fbcc
22	91	93684a5bd2e389599cda81ee548135d777b1de5e9dc24f938b9b6670db20062e
22	92	944f2155649032739e70b8ef2516173cf66dddddbf0db35d91fae86f8a5680c7
22	93	d1fa33b194f5f2f7168238aee9c6cf3060097fac30fa5c06330af1e52263b923
22	94	0ef5a4500b379c69226cd833c56a76136c9e80924bbfdc7c116d5fe7db4b2ae3
22	95	16c6ba578730b3105e85fb84aa1c42e3de86c31921d6e622d8abf4af4105fa51
22	96	ced6dc735d9b8939a56ce0c9e0b12542c211d6d8cf20de08a4568379fa83c958
22	97	1a3d8491f02c01e5dabaf7998d4054478ea358279956bf7d6b9ae8b799316ac1
22	98	24eece5f54260def07372698a601fef9c1f58b66343d31b6318f07eb9b8685b0
22	99	9360853cc6a0f4733208321c517575e349da0f41a3c7322a0f30e3b329353722
22	100	bca78713ad5c62575b5f90eb06b5a85e19e21ec2b4bca09c46efd48d67675802
22	101	0dfa2e0e2516806ad62853edbd1af66c45a8a01eef19f9829f7ae27502ad2ac3
22	102	dc9ff94381c2d33e17d58abd6bfc31332e34ed7908e778d4bff106b153e868d5
22	103	209431b667f9a82ace8716cc1384cab9774e3514849f60fd745c1ebd3fb2b267
22	104	3a2662345371f3653ae95e6a9195880fcdc08fb172bcbeffc70d1b96f7cc443c
22	105	8cbc7b243956c1d4dc3b1c1e0d41fa4a011cfc5d36c98d3df0078511dd8e67f0
22	106	6076612e87327ec3e710acfb47e1e66be7d8563920fbae91ab2f0150fbea3010
22	107	19776524627a4393eedb270e67253e981a1b87a2a614073517fad7db51047cb3
22	108	901e393048dd95cf85006fe4d1e79021679e0cac66c39027bb55c06a392316f7
22	109	02e1b8ad1c1fdbd920e0180d6164f285d07dbcae5af44e9f99dd5aaaaffb2ffa
22	110	ab48bd8e31339d4da9c00f4b09de2ec1c4fa32d4a0ded75f01b317685e962b00
22	111	b42dad25f226de6c27bb0a0d2d49fb4d95cf6fe7d8ee65d335266078b38cd4b6
22	112	1beec1da18b881e96cd5a8bef21d98bdbc77733b79fef905f9fb5fad8900f121
22	113	822d31c3e6da4612d7894911d8cd667633a9bef2b147ab03c8edfa5a8b8cecd4
22	114	e994d6860b2a0c2039d46e092f2322d1606c2100b7b02a19a2d64f68c0ff7c95
22	115	9cd86127a7e20d21c8207a1517d66bf03c5d7aef3d60895a513c03fae7256170
22	116	9e55f4e163872ed1f0444b3a5225f748d8409e2c43f79af5257ea23d406d8d37
22	117	cfc48a68a8f88ffc417a418c4d12cdc04a68a85aaf9bca50dcfbe11b3cfb96b1
22	118	43390148ec41a74cf18b734e33f2a5d8561463df604e70c9d33995a919a8dbbd
22	119	bcae72b5cf5beb4d784d2748b647c6eeb8638185734296ac5f6a0b16343fa9b9
22	120	33bb30b6481214a658496709e01b1b3744954cae2632e247080caa5e57b632ea
22	121	4ad68388e2f2c9c4c98fc2d77467ab81a35c9f237a939f1efd12fa1e8c253427
22	122	381e7ac9cf0b73122967b5cf085a027a65c5001368bb8326211338d2d6e45e36
22	123	6f1b520365a6f73dacb995d2c449cfd83506081259d79cb81fea5c247e650997
22	124	04dbe16de15f9d427b716ff2322fbde067af8c2380d6ec0fdfb3908036afccd7
22	125	f9d57c7ec5b1489627f59f1c12dd96833f0c037d4de9f7f3df35b4d6e1c2821d
22	126	466a910f5d07ca5195bd251f3a0df5ecc4d1c553e8c50f53526f2445b6dfa255
22	127	428932aee87aefa075ceacffce219d4bcb81d4aedf9e7df6e4d9f5009bc5e4ea
22	128	1f83f52ff33a3e0869b566804b16f86f2d7c8f37e2de433b4dec24e9476380df
22	129	44e2a04687c0376d90263a150e929606f37488337b770ef514b547e79193e75a
22	130	a48e6c71ffa289cc6f466037dfd50a8080c76855e2f00889b859465ea0e79378
22	131	033cfd05f40c5f5cbfbf5b353d9571471a46fb2209d198db375d7d77fbb2140c
22	132	8295a0945bd9bb83cc3b44b1db3bb2b0b8de20654bdb5d6564a1144b996bdd69
22	133	f6b1ce532381507d4f31b21fb729ddbd40abc626117b6b47febb99f71c7f7e02
22	134	aba5df5576b3287b820847b378604946bcc25c22891f17ccfce922404a61e643
22	135	f71d88490a47ff555e3b6438bc9f8a67b202f3ece4d43734f6f94e861dfda606
22	136	ebac53362cf61c10faa16cb184d4862e059b6f41b5b95a439d9d107ada6d392d
22	137	358b523fefd72b5406bfa8a15690697625c1c772938135fd51be4c9bc433a23b
22	138	feb454babc3ecdf9062128020a440332019c4230cfe009e536d18ab27f5bae16
22	139	c0b40c3a2ef58746667d1333513ddcd6c817364f96699acf2dc1e5965c27802c
22	140	32f928d16c3e748cff12612ed4a6b7b54d9d6428bccc23eeae328b1da5965cd3
22	141	17cb00313bf0fc8ca4c67c6588ea076a2f3ee5fd8c16b2c347c139c68e822379
22	142	1a18e3ac89d74f0fe55fdc62c0c17030b8cfd19d6841d3c3b10690c9c2ddf968
22	143	43bb942609cb2f84ab8370443ca882f6254a06aea532bd9bed0fe3df0afa969c
22	144	4f06dafc69a2b75b2e50da930eca40c427ab4c1bc0ac4e3b4be3297464b909f1
22	145	8bdb3586a18278286e00bc701139aa94d735b6d218d6f9cc216b7c749f65efb6
22	146	66327473d2054cdd37c2fc89b58ee6508ea1cecf38413f926563655d9ab78394
22	147	e4610760710662db9aaef387a3fdceb8c4f64435ed9166503085a20f5adc1cc6
22	148	6460b81536b415a541f001500be57945caac570f348d2a187d72b056c2bf0f76
22	149	fa57ba0eaf1399997214e4dd39280a22fe19b59b9aa864320e0497071a408bd5
22	150	c4531379b38457d5abb5497f29a9af2dcb213c813d5efc5abdd1643d3c1fa650
22	151	f5e3ddaf13da238081c8ca2b546ee9a61d9eb74870d6ce4580b0a89b2e7d17cc
22	152	9a9b80c717b0d50f4a1944820c2de19d171e96fb59d0dcfe0472727cad03df19
22	153	e84c3d68bfa99627851531208b9b4b5e8ff5b16ab8085d0987bb8dfdfa18008a
22	154	15b32bea0d4a2d7ff77df945ebb17f39d298de097a049596a8260fb6afde6762
22	155	903b4c104827eb14398b2246793f6cccbf08e3f5c23d54c5a5a1c388f442d98c
22	156	b02a5a5f87bcc7a4ef1d6f441bb0d8dbee887b4a174f9398e335efcbb68088df
22	157	34b1ea3317c281bfda5b87b0035e2e59fc043c84a118f074a4222469a240f764
22	158	a930e03a8254d64d73215655711ca9df5305ab2fcd364d433bcc078b5e7662ba
22	159	f3b695cc66ea0f53b107af6405166d3a452f0e48dae1b8d5d072cc737972c456
23	1	0447c1594b0940b90eb9315f47edcedaff2652e5d70a6fdf4a13c72011404ed9
23	2	d69a2ee9712a7614635f04652b3b944a41338dc6b9e59db66e61e0460ba1cc92
23	3	c0c9c37fc692969c89cb094333ae2a55ce6243125b7158d5c2469306a7ba4746
23	4	09ab948178f94d4ccc2fb8c1ec10160156d346aa9d4e85cd49e0508f0268ec6f
23	5	c516732c1eb1dfd9fd6b7f9aa878beb34ce981943bbf3b2baca253d428456e67
23	6	b6bbe82f0b9292c79313ddc3c3bd411a24be8e6e3d267d38184207e8a2a7942e
23	7	601d4c9d7b1db3e2d2b9e3f6630455a13a78eeae639d3467d90ff298131f956f
23	8	b893511b7b698047141fe49ac7599cac553c64a2f5f32c481ce608534c35af47
23	9	df67d48969e36523c4ebbd2d88e1af17950a3ad2aaffc1e5b4bc7252506a19a0
23	10	92af1f83f24fc2309a0ae3fd41b9a038a096edb9f094ba47a8acf8766814d0d6
23	11	368c1a5c4acbe57e075daa77af69ea8442007669e1c4fec832be1c4a58dfcb54
23	12	bb076c1f9068b62b68102bc5d134f0f3fb7027d6edd67d1b7274a0e450a675b8
23	13	6c5ba01ed848481567bd85900b1af4d026ffd0567d868edf57bb13c7d20c778d
23	14	28e6c1937f4f0a806748ddd91187b079e04047e74cf0ff12daea97f64594018b
23	15	c4cbd8991dbcdaa846b28a42c18394f087d92e803709e426e8cec9cfca9e6f2a
23	16	6cff89f9b8210811a844f520d7a847ac0638341afa2888892f0d09ca72d2eac0
24	1	cfcbc4a632af5abafe9f1d14f470e8405f9a415f43f82473f3dcfe887fa0b326
24	2	055c1795b7c208c5d3d68ee2303a37149c6211fe7e3dbe2070f860acb3ca1391
24	3	6cd1db3a9782677856db96fd5b660416292aaf60384b21759a3ab2845a4f1faa
24	4	5ddc8a58d261d3e209a0a26b4f1e6e91da319ad48a368801f19f09e99afbb978
24	5	fff00aac310dc2e6219ebcbedaffbdf80bfa3209350e13ae5366ed6d0cb6d878
24	6	ef2c5fc38ccb809eecd1bbe71fc5ec6f585795584690ad52901e51e0c2479a2a
24	7	8c192dd03c6cbed6b64229529e3de55873ac34fb976687877abd3da33b5889a9
24	8	79a133c7c917fa6c989971cf8b6a7423c2fd75a63c059690ca8a1a16206bca14
24	9	042d58d73517458b6c0f639874baabe64b98f92189401844b5be4fb9a793c857
24	10	2390d7d3e49289de520d734be2dfdfba6e40aa7800bf2971addd62e350e48ffe
24	11	6043cff178cf7eb1ea10abf3a349df925450b4f2e9c0c49f86d14c4b114277ed
24	12	ded82b9ffd1d3370c663a7641fea9e1f6bda9f0a5ee6e7110506fc653ef70e9f
24	13	31a77d6bc1d7bcaf9ecf18f57b9050527fc71f955c04e7fec87838a68ce7825b
24	14	a16e59dbacb60e96107a084c50bc085d9e84da78be2409a08a4a18fdfc420886
24	15	f3b695cc66ea0f53b107af6405166d3a452f0e48dae1b8d5d072cc737972c456
25	1	e216badf49eda8653f9a9c8bb600d0f9ae376c22cf45d87331e8496942b3356d
25	2	eb80a3e34540f54cde425c2087b2d1f1f67750c0f0f07c7b4a925bb4ca84cbfe
25	3	6cff89f9b8210811a844f520d7a847ac0638341afa2888892f0d09ca72d2eac0
26	1	ec6ec7381e30b4204d4ffbecf30bd8cc7063dcfe267fcb4460f13851caa3b395
26	2	fe70ca5bd30b80c23c890f52404e335fcc05e32e93e2f097a65cfa1e82f54462
26	3	826ecbcaabdd3be8bf9d7264d76a2f0fe5d5bc2cc11178a38b1309e7d5feaf66
26	4	6cff89f9b8210811a844f520d7a847ac0638341afa2888892f0d09ca72d2eac0
26	5	de6903f0294cbae5ed9094de40a9442eb12ee1065098eec97c6dc4646ca5a20d
26	6	8e83cb0b204861a0860d1849651de9558ad621bdce11408f3dbef0ab125d3208
26	7	1ff742374c5883f1bbe9ca69ab9ba84ceeeb968556e9be4e91101b62d5157630
26	8	1bb544a6aaf1995260ae9f0a31dfcd36073e5d414043346fd52bd78881cf215f
26	9	1be246a578cdadb143fd5128371e2e818233dd9aaf97ff8629291d8be4b464da
26	10	c6b35dbb0ddb50959e44f305526211f20a3b8e0f76a4eaae008a5c6853fb9c29
26	11	6338360c57ed9e8d657c87d4280bf4dabf5b64ceb22adba61b80b411ce5b0d6a
26	12	f3b695cc66ea0f53b107af6405166d3a452f0e48dae1b8d5d072cc737972c456
27	1	06fa9945d89df6c4c5effb99e5ef6e74c2291fcebb114528dfa92b00480cc15c
27	2	0d776a25021933acaf5ed12a972c5f1a83e510d28fd2a75e4bc4bea55f8aacc8
27	3	732955651fd3944a202c98c70b2bec9fc00afd9ed5ddf09ab858aecc571d2806
27	4	e66c40d1f546ee8d2036cb6e9073530ea400e5d9857069503747cab76cc2e85a
27	5	9a97d01d075e95e806417d39713da9cf8f7fb68df5eec84a8f646e1230739dae
27	6	e52349641f4b5a3afc2357e20270748076ded4e619f35694df7fe8bf8c755018
27	7	360d1983a860f69f918305f66505f790ae627f2d380f84c1f68a6182c3b73d4f
27	8	461e19c7af1cd48519b180eb63c35167dbe772e04255969e1b129b251a23ef4c
27	9	af225f584e73cdcfaadefdbe208dcb2a28b38819518fdc5a6cb48531fd18e624
27	10	927227b94a76a380338011919929cfedb2c1eb8d34f55d0aa890c38285aad1be
27	11	ab16d8aebd6334ca36d08df6dfc8d054c58bdb7e4b444ac9fe09b5f23535c35c
27	12	bb70bb7f2376a3d2140be68a6a4b7bf4ca0ade95f8b1b55d44770e956d749ffd
27	13	540459c0c4ea148086ccf27540fffcc8cf07d606840c32f30d4fb39505da0cf1
27	14	6cff89f9b8210811a844f520d7a847ac0638341afa2888892f0d09ca72d2eac0
27	15	4a0d180bfc2dce4e99a5493c6682bd81b43124ad7b9bd400f77403651593ab73
27	16	f7dfbbe538cf7230cde7fa08748e84415999b26bfdf6e07ac7717dc67cbc7d79
27	17	5c1eda405a7a9a692b1e7fb18eb7aac9ac4d85ed3ebb7609c8983495cb286a6e
27	18	c0539550d4b679ce9dd2f5dc323c20d40a7b29d297b63e6e5e935d113c470e42
27	19	d26e0832ac5d2d390f36cbd69ac8b7d5aafdca536995bba7036db088b1587422
27	20	e919d9f72f826f923364f55cd4361bc86c4b507bf058db9f55771f2cdf267fe9
27	21	ece4af0fb09e833180b4cfb18182470d466933c2080d14a6345b1fef9cd03746
27	22	90b27944cc385d1cfe1e120607b1e31f03b2bfde47a07a59d94b38347a817cd7
27	23	3bfc49d08e2d64f67f845d8a2a038e11fd6289ada5d7c8bad35fabebf91aa857
28	1	4ac4ba5b192af709a8642e4b62a9160ecf67241e4e023e3d7cd883b1faf1d18b
28	2	a68e836e2b4e9100fb2cfa6165b88d71b86eee6f68ffa1e1fac7c46ba18567d1
28	3	5276f9f7741cea42b973cc373142f69abbe30efa309eb196135b28cd991d9b6b
28	4	fefa25168fce4395f873ac9d6d74890503af86605f0e1b9bb4ec3ddf5c564573
28	5	0ec93d283132f898e666e07b60b7afe98e74157dbdae8c911270a79699c420cf
28	6	cbf50e283776e4fe60b0837798c3385439987573048f971c9481792745c46a8a
28	7	2d2d97813eb8c46320058c39aa520658408b7cd44877f663f70f3f3812ce2c96
28	8	3dfa8a32474f05b1b231465c2170e486b7b9d4b7699b2909071f9f353e6ca93b
28	9	f22437acc0fd00c2ab02b954991dc265cf63f1445ca00bd6a12537199f0efa15
28	10	8f3ce6ca99c781356d46c3d922a964e3b0f3ca26016966d581393e125e211679
28	11	e34546f821943e45f0fd7163f0da24808c07ff326223ddbd13e6cca0ad631c61
28	12	5149008336385f9ad8163d1a67d882633204d9a55379bb6c3363f08a62a27990
28	13	02568ff18ddd5c958401081da250c059f1caa15fcd772ae6cf19b439c5ed22fc
28	14	0597812e3e16149e8871fb72206b413fed2e9c1fb19b2fa73f092cb20a3eb596
28	15	ccbc34d104451b12e751108eac00138bad30361a433ecbd9f6488434ff9e48e2
28	16	ea5129c490fcc9a0c6542fc1809f8d5813ba97fe33128a042a51700f4dd6ed37
28	17	24790ecff67611e95ba6cf1ca1a8841983c96b8d1c2d39155f9ea457de6a467f
28	18	6f6bb6aefb97dc9c007d4ce81360043e58a8057d002acce8ab090ca301e5815b
28	19	96dc09caa7a10745609b1223e76ce1a240e40059c0a197548624b88e49a1df2a
28	20	b22775d3beea46db8cd3e84e48f7a0b5dcf728801a75366c97db51041282f709
28	21	45295d87d66e2d7908b1c207183ffc17f1733076f9776ee1bc1e2f5b8c4ca3b3
28	22	c9e7357ea787cc959a0ef59a1574a98690e843e61ee526fb55610f2cf3b327c1
28	23	13107a62ec1105ffa94a920726678bd5fd031ddcc78febf6449cfe6edbc47fca
28	24	f89b89a4041cae3f02d312185b0f556af2e5bcbedd802588b72c37f72c77409a
28	25	2ee9d2084c4b4b600f7199f37eece79f823a3a89b3fda5f77d88ed39abd06ea3
28	26	4b755e9be2a94da6600e8bfcb2fd4cbeebb60e1cf6de8f2fb497f0b681d85dc0
28	27	588a4bd267671f56d7b42d49c5b9897846a597b8daa916ec574f93a7c9992143
28	28	1a71b5a6338abc361084b43b0c5fb9ddc8f7458b38397dcfd327048d01d9bee7
28	29	5b5aa67fe4e4a2639ca30c1c13228ff54dfe4b3aeeab0b28778e2ef37d0677b0
28	30	6f464cae13a80a4f147dfe98a7c40343b5c13e08dcd25801259bb2c810c3fb16
28	31	6a533f7bc3c84aa7b66ef73d7d633512f764f9709c1b44e8b1c12f94afc8ea93
28	32	1c82a693d0dfd1c7aee618ba9b28b81658430a2c527d5c6efbfb0098b6c5ce5f
28	33	f71d3178f29cb0d9d3a9123d72f88497213078f4a58c0b401f8e39019deee967
28	34	39a1be0fa4b47491eba65f7ea644e94ba4838582fb118ba19e35d345c61c592e
28	35	0b6e304edebdee41b1f48295ce2f5846d3925f266374d072529c388e04f28844
28	36	20a49d78a05f8ce849051368b8acc9a086ae6241fc5e53d603ca02c50d5b1245
28	37	30680f9c11a0329e99241d4b547407aa6c90c03d7e5724762e806ba5c9dcede9
28	38	d997c60376154e15b68abd26834852ad559b2c434db65ca9d4fc90dbce91b72d
28	39	f60718358ad89fbedcfb4cb65a780b5a5a73328b1df2f5d370f3ac20a3997762
28	40	77402a48249e92b5c6de92dd00976ea816ea1efd7951f22787b456abe2f4eac1
28	41	18096a37b51980b9107eec2c40d74b685b24251210620ce11ec2902e6f7b0f49
28	42	03e58e593f43b3e96c0fda9d1988a0d9bb80cd6c24ce6c7cdc0e02634ec81ed0
28	43	a5ab986ec109df28ab599073db54651470929e1276cafb6654c7ad6841914cd1
28	44	9a03ecfb84f24586ce72a744af7b1f5aaa3512442541a51f31d2ab70e969dc70
28	45	5de30137e88e5eac5d8846038a42beee6cd88b23d1ec27fa9bcaa2545e558b58
28	46	fd9bdf306dc8ba44dbd62d67ef904ccd47f485a06f1fb2f5fdd41304e1be2941
28	47	422dc020043eb06c458e86d9d276fd815e443f3a959c495aad7e0cdba230bea5
28	48	4cc68e8559f2c6e872c9932ccf668c27640868675af22174ea4d74b3b24b40b8
28	49	7b70373b52f42f9ceb0a58de54d46637b5efdb57c95869ba774e6592d8dad60e
28	50	a071a073a075c5d042d9fa29fe7f0d3762fba3c1de414977efdd3b01ccbce39e
28	51	d4933a68731e82a974eec4df5cde3a92d42c9feb65669f4fb69791f3efc2ff16
28	52	6cff89f9b8210811a844f520d7a847ac0638341afa2888892f0d09ca72d2eac0
29	1	82cc92c9b0c1b1caf09c5f82589e109951df4d7e1b1cc92c6db28480a18c974e
29	2	e74e2002387f50da3586b14421f2bcb3762e81ac0d1adc8629566956bda5a571
29	3	2d406905ca538e31b4ca203034e129287c50e769c1b827657ff87e02bd576bf8
29	4	80d0bc5279d03c1c48fb1691d297e42083c0fc6e97a431259aad3e5e84a8fcec
29	5	ee66ca5ac1926f5c8865d161437e60146bb31849c1434641da05d9492fdf739c
29	6	93229687cf63e2ba870c5775bd9e5b82334ceb809790974858c5db46bada06fd
29	7	b1bba963c1272b913a286adbf291d039236c468f1b65a87262a3dd10d1f377dc
29	8	0b2905e0bc9fcc50915be4ba1dceda911a912faa36b383576d789ec54a86f8a4
29	9	e676ad6a6a12f8072f6b59dfb98f95e025f788b4451dc7b14d34c0e034a7f8f6
29	10	a7af1db4ea15c645ac4385bbe2eccce14fbabd14e814ade37a54cde169541509
29	11	5cd5b1e6ea9a70d9dca0a63c32fe06d22cd4b6670f95fd57f371a68e3b768b6e
29	12	4f8548594918e0ca278bcf2aaf03a173c04facc3c1a4135cd6fb70532d95e510
29	13	8b7e8cc302d451fa2cd41e45565cf1d8775ee75b359aafe1930fe740b7611dd9
29	14	5c3f50905803a72e0118532f3d3299d6db10e373341456f679ef708edba1645f
29	15	6dff879e98a4e810e88f7baf78f5055ffea8490ba91b06bd9fba69bcfac5b5cf
29	16	51fc9b653440a8c50906c1c523d7071ea1b07dfc55f8a92b7870c3bd1558aa2a
29	17	b61de8ade61be63439f15787f3d7637a0df8df66c96b6f2c3e1c778f98d660c0
29	18	f15d417717586a768dd327fbe5fefb273bd82a9f892c5d38b72db8d34374f18a
29	19	5902a687d008e1658454da2289e0130ae884759f1e327676ed93c01f72d26843
29	20	da733aa474a9a58e041480af950c30bec570016816914570a657719bb45a3ee1
29	21	e5e66fe5773b45fe8f9fb16da59eaedab37bff8d398698946a55af0c674529c7
29	22	1f22fa2a219f56678728f62323ba684bb80ed8a06361f6ec95c1578c0edef8a1
29	23	6e045d5457a740e1780ae4b007987e3590fa428646ab89da11a6657a4bb8c4ae
29	24	cfaa7305accd2054f25d7ddfd18f68650c9c0f29b385c3e98281ade167328ebc
29	25	dcf5f91c1b3c4028ba21ed6388ae7be00f42df4735ee7d1edc982b35d0a33483
29	26	30f3327a3eda7b813138889367873563d6b7e0d784b6c86e55a5d08158783dc3
29	27	fab0f43b09761f10a1089972a7d24525ae5c9a83cef2516379fa47d4237e6226
29	28	e19b9c72803c154c934fc36ca7a39b32e42b5c72b5edf65367b328c088f720e9
29	29	e3ab5ff6ff382ec6c56189b0d05365b9da8400da9d96769dc86c4453f333d824
29	30	9b20e10b1766d37251911980310860a5034b0196ed300db8ec2c301b38269f74
29	31	0f8b08f02a07b544c5c8179513adde89c55a2f65f183284fd4d5dc671c5bd528
29	32	a441adaea6e4de799335cdf5f4913ff7ed242080f0981d31126677e27b1eb606
29	33	71837b674bf48b61d354b444a19bb53dfb9e3aca54a68b85627ed603754ef0ec
29	34	b7c021acb3004726e82ca0b37ef34d56179c6997cc199fb8d2a81adaf4901d2f
29	35	723e7819c14ab54c9323fef904a7be3b15f11916063f00c92bc49abe97369041
29	36	903b4c104827eb14398b2246793f6cccbf08e3f5c23d54c5a5a1c388f442d98c
29	37	f80d5a82d569272602e57e2e6ba3fe70e2a9750ee9264113685f93a74ab51a7d
29	38	6507e535bff66f1d24fb3511a23a2f85e31be9e8a665a50de1640e6753f4a1d8
29	39	037699526dc01109a0c66d1ac7337909b1aa3ffe376ac1e97b6e2951de8700e7
29	40	7e299612848bda4fb38cad503e91b68030dffd0b7a5398c7b76287b83694689c
29	41	877a987f777535b92af2efe69ed8dd82894272d70314693770a4ac955461835b
29	42	01d5971178d0d9d478b989ac846523f2348839b7d076ce03b9a7b551f112e2ad
29	43	1693ee9a21f12424e66d98d6578a9767f1cf4dfed83e529f5b30765f4e78c6e8
29	44	98abbad29d7a085ad7443ad7e5f78e76be14828cc77675f55b31dbe6673bae40
29	45	6426eb6963d6c188771fb5fde2ecd0d7397d40ba670d16dd84afbdfa5383fab5
29	46	378ba5dc345f37dbb4972844eede59fa7bf1d9870f24dbd84bc95f799daf655f
29	47	44624f4f5393ca635b29d0c0055f34b432b9012ae3c1a0f47b91675e53c27337
29	48	42a51421b0542d4ec2c9745c8a9f67eb17f78c86a0fe102c37f773d886acedf8
29	49	23f14cc976450746443ee1ffb46ab31b17045d29f6545e8094e617d83818d8fd
29	50	4aedb6491d4786df0ec6ae23ba5903e1780f4a3659a1f50d16a14e281455e4af
29	51	588a4bd267671f56d7b42d49c5b9897846a597b8daa916ec574f93a7c9992143
29	52	d59ae3fd8672ea4bbe16d175bfea323b2474a5e4bc080a5b52c8a5a258585242
29	53	19b563b2d4b4a7adb3c2d2ab3f5cff83dd170f997740704638beba2b75096dc9
29	54	57660d4ba69fe3a20c9a6c6bbc081266eb74787096cca968a5bd826c8e4894cf
29	55	10c8673cf27b98bcd50f327225b87a16648e5856d91888157b5920891eb0305b
29	56	650a53990cee536f1c9dcecbc4182592dfcb3057ef1cec30737130dce75247c6
29	57	0d9d44afaa19ddbe790206a3129e872c7ce3ef508c92d0932c783ff2ad4f7c79
29	58	1b9d07b8b6e5eea6f6d463bcbf39d5bd8304e05abe448e852bbfd4d6cddb92ab
29	59	40bfd6d77f2b16817f797f5a05d75aae033cdc39a8d9dc93f8e7670ac302b47e
29	60	35c6a12289fa18a1811397ccb9432d7301046ceea2ec2a8d814996b437d56d2c
29	61	1664d984d165b12e4ba3c08c00ac7f41bf15f503ba6271f735691ad95deb67db
29	62	39f7d3d83bf99b9e1b87940135c8276df04870046a2d1960e9cd14b82b682b25
29	63	9cfe668518f0d6e6b56e3a3972a672cbc39dc7b36dc49d31ce2fb0289bccf2b7
29	64	2aa00585be412475e7f6f53adbcaa1c78bdd2786c647e3646b6ef1d2af60ab36
29	65	588a4bd267671f56d7b42d49c5b9897846a597b8daa916ec574f93a7c9992143
29	66	b3576fa9ed0c8b8bfad0a92b45f8366bc3eb1b1ea6922322022fa22ce781cb8e
29	67	ebecd8994303c4ad37cb91cf2c14f0339ed19fe7f4e13a303b502fd0fea79f07
29	68	597449e953f7ed41d0dd65163dae2580d320bef30532a887019d15246ee6722f
29	69	93a6d1c5f79e41a3c842580cc214d44ceefefc617035df0e614f0192daac4315
29	70	176e69e1fb5df95fb9ecbc88ddddfd7996bc6e8fb54531d59a4d3e51d11294ef
29	71	bf329dbef30ff231583118ca02d186d8dcb1609e1b65a1f7c6164d29c14d4756
29	72	a3b06723223efaedd9439133aba25aaa0155f69a8fe95cca6c083a080197f2c2
29	73	ec973a27f0b9be947bd89e4707ad3ab01e23ba2ef51ec1cc82e49bdbc61215c3
29	74	fbd82c47685ef59006d68a9f02329a805062b9a281895e2bb8875ec8edac4df9
29	75	cf9d20fdac580b43739beba569f254fdcd6fdb857dc135e4832dcd172e75bc6e
29	76	48996a51d0d5916d483ead1c644e204b2e0ebf3c3b6ebe8244fde925cbcb1bc9
29	77	1e7d01734089c4e0978fe7c778adf06c2fc3a5ea75b1fd2d594b31a437524e52
29	78	21e9472022f436e38b4af7317ce9dfe2ba2f357f293d3c6ebfc36e331b375c5a
29	79	ffe45337103fb2da00503fada8e15d800f8b2c9909c4fc80b904555cd29bf8b0
29	80	0dcc8384e722df361edeb767d5081da022a7844517e8f7b85c7c09dd7b275c0f
29	81	6b3cdb295f61a3c3ae6cd290b5717b758a845f9a4e668cf960c2f8d1eea888fd
29	82	4ab7bab5be4ad196215916dfe7e753b80c86d46d95acc92cda20c531bb80074c
29	83	d335ae0add5306940904f05eee34982c603a9e70faf13c4646349912b95265d0
29	84	93eea295674b1e74494ed09753a1a38c8918f57762bc1b2e5d71d07e92e309be
29	85	11153e24b993827e25565c79d399a2c39ad7de4d48acac9401cf569c642fe7b9
29	86	2c8fb46130d2e35c6961c16e5af2b144865c67bf71eeb590f3cfc2df146f44a1
29	87	888c981ce116d19ad8fe342f541532614141da9ef9a3b45c4b4243bf71d81dc9
29	88	4132b57923bce1f4e7de40bb71b471737c6e77316dd96caf4db89ed25dc1314b
29	89	83272a9d14a7684f009a0bfe9d48c38fbc79618b2d4d8d1ecd5e058adf7b28d6
29	90	b8033daf3652eceef59e48ab23f205c93c0194380985a6a371c15e0c9043ad53
29	91	39170a10971dfc1a9eb70ae9656f16eadb4ae8fc10bf9044fc96419a3f4d9799
29	92	aba5df5576b3287b820847b378604946bcc25c22891f17ccfce922404a61e643
29	93	6fbd4e7166820f2d4429bafd2511ffd43f895bd1c9b8cf56ec54d92e0b9d7672
29	94	2e111d48a9795181593d26fd7d96f7648384cb7b2d557474d5ac642ad5a4c043
29	95	81ef371ea462f3db6ce7047e35a900fa55d83d978267ab6c6cdff1daa77dadd3
29	96	71fc23e0bf00ccd4d8a119c8f7be3e8aa831975287dbd557a9dc1731cc9359b1
29	97	7bb5ecf0e745af7f86850f6b4f645452fd6c2f106550a0d4a05110c82145fee4
29	98	272978da9d08f409a3d6c9f3a465fee044f7f514a2a33df33cdbd3ad356d899c
29	99	6939551190f60b76bd4d5fed810e67b5c8407346ff01a82bd0f61652dffe0343
29	100	30272afa3f73d35f1841f9ef760e901b530d89bcf30816fac5492d9d543dc426
29	101	53489481deb3dfd249e5fe5d24364bf008941a80aa20ac5803e70f9a962119eb
29	102	8d3824bf1c5d2c683a1ab0742a104ede3d9fa5918fd76fde9b49305b4c100ebd
29	103	0f0a140284520a4de59e45c11ec20e266e693776f375bf0a2cffd5ba662928da
29	104	bc5d33eff7a3896688d5b07e1a9d894d8a4eb43e309f513c830dd72145ad644d
29	105	ffbb14c4472946d548c291a76c3af6aa24207be52082c5a62026e867b15b2f14
29	106	badd78eb917775232527b5a00b30be20cf575c0b2f50b965cc5a3821c100aa52
29	107	9aca3c1e1877c8207ed23a9bca003909f0096c75fef0669e80177c0c35d51091
29	108	8f7b0c6888564ccac695e22fd5887e7c36fe3389e22c2cae644a7e0c352fd455
29	109	f897c7fdf1db3afefe2bb8f955cf9d2cf7d56fedeae9a6c6f26876326bbad0a5
29	110	5fed2bd53c56807188d044782e42ec7236bed7f463cedba4e31c8632b0523a63
29	111	f2286e2fc971225ad0ad1b1747020c79b46428fe5b854173e16582637912b141
29	112	8658d411ad615a83f7f3f527666221e2200eab1b4dfc70ec5159262c9f7bdc71
29	113	cb8d438453d391ce4de28f301a2fe322aafb95e53d39aed2598be7abf74c22b7
29	114	99a30df1bbd13106caa3ed3c69b867fee3b0f5ddc5606ba0b3951947232a6315
29	115	b4b926a20b81349958de26a011d55617e57e0e194a2aef25fa4c74867e5e923d
29	116	dcacc171d8d1fb2752c8ce3700292da5bb122ccfbf290742e10cdaf35a446cea
29	117	c06dd47ea25bcbea8aec2583ce6e25c3dcfe3dd3c9b95ad5a299947adc2982ec
29	118	0cd46510798cf4d8001997297416ce5b08e6ef46faa10fb110b5baf23eb50edc
29	119	b9f1bd0f325ed4f725bd7a4be5e32958206a9b95e7cad33619839ecbee0ca62c
29	120	42c81b6375efab475916565ffd191833c58a44303f1ab41488dee0010b8593cc
29	121	96732c023b6e5edcdf06d4cf1c1f5e4c41ab3fb693efa843807b1487cc255587
29	122	de8b54e91ca90a34e5b14464aafc31bbfe08b197f3bb28b68464c1b8146d1899
29	123	604b66b7a34d8d198d4854c1442552cbc4484e916833213e17cc0a3acff0a083
29	124	76930f82fd887f9291e19876e22ec245f7ba1a21791ba2fda1a258024659c202
29	125	cf11ba18882eab645124c52bf362805e3890757897c62bb8df1443e08b78fbcb
29	126	eb793c229aee255763f7bbc891e1fe0d55a86c624cf1472bf8b81dfc0d823e12
29	127	70101d23a4790aa6d5fc34c38e38791fd17c9c890ec2626ac66e23cd136d7fde
29	128	36d39c867cb4ddee1b3f90a13f8174a79ac5191b51e2b32b920dea54d46b8b7a
29	129	86e234fd9d59ab273ab18ea0337c35cfc65b667c69fc162b6cebf90bcadf3754
29	130	854477c7d869a7013c513cc3f57035fbe1a346469e0223c8d51c4aaab945052b
29	131	c4570f4edfff41cd93237f3aad4ab0024d60af6c5fd122b29c0ed4228ddbf012
29	132	7211379bd7eda4b9848af158fda5950508d1533d9ad059d3656041958c5308a8
29	133	f05710df730165fa2493410bc48362169acd00db9bfd1aba1dcbdefba06bdd83
29	134	e52bbf6ae213f195b9156671c237435b13bd23eb843a656f03c054f839caae8a
29	135	b717d31a3a85fd80213ba0ae1c56cdbb890da7be6c712b67057b8fc4523acef1
29	136	75d4658108485c2ae278dd26ae148537e9fdddc1a5084a29fb5475d75b2e14cc
29	137	cfc426b9fb9bb8adba4ea27032a8895b7413c4f3f86a18f0662e5daabe2a286e
29	138	adcef559bfe719fb9553985915e304a0908317ed50c9bbe97e92d03aa379aa92
29	139	7578f6359d18e99d9157657e4d9456545ecf7b91ad864d8d6e78bc788ece3ebb
29	140	c24cb17485f8031875c8799943f7bbcf450cc678e8373386d98c1ce2e6544846
29	141	cc160908f3aeb9b9cb7d97121ea4379cf5ccd11155c7a84a3a1bf0e5c8713938
29	142	36986eb6e1d789f60c340b930f695149bda5446c517f913ddbd3eb03958ae7f8
29	143	2d9b5d357dc4ae377a257babbffd071dd5660fc6a24daa77d95d7d93fb5914ab
29	144	f609a60ccd04be0590875e3a873580b14f4775fea1aa9fa1e35a085a0e8da6fb
29	145	f91c4b4b74630d38eb1774e5149c2467afea9d641d570aefd1d32877eb888c48
29	146	7990dfac31abc66a9a15a53abf1c6fce02932c727e2424af4b672f4c25eeb620
29	147	60021d36c6a74376f95de0b383c27b099015594b909b99066639c76d2b29fccb
29	148	b5b1eb0082272edfa42802d938b2d8e30e8a94ca45da57a7e74bb57bbf9a2e5c
29	149	b9ea10a279495dab2a4d941706a758c5c7968255cab664703d1b1ffc0156d044
29	150	8c92166ae09733cc6125f0742f49b6ca3d9bf0cfe83effdd014e380fcb2ab795
29	151	bfa88475ceb0e097379cfa43a86b9a6e1118c3fc213e9378fdaf19a30bcbd238
29	152	b9a6fe503d240d1dddd45523fab8df560f45ae8f039350a43822117e1ec230c5
29	153	674a366fb470b809c02b0f195ff0b69684d9a7bfe0280ea4121d5eba0f26956d
29	154	6f464cae13a80a4f147dfe98a7c40343b5c13e08dcd25801259bb2c810c3fb16
29	155	0fb3f8f5dc18558773d5db0569b684a0da06adcb61d683d3399afa471e511b3a
29	156	af6b492338dd3fb8ec705dae62d11f0e3927e9d34ef5836cabdb7ade0f88b98d
29	157	0e6608bd7e2819adaf062aa1754885374efe07d545c152adf45b7d0e872db442
29	158	ce3c40c559e17382921405b85aa3b9be827525f8424174c1e9a8864a463b0625
29	159	f538e2cee734ed0a68b7f06234512a49f3f82f7bd0d2d638617d35e5661c546e
29	160	32ccfc856e0ea03b6ef2fb83ec516b2e7befca1c39a7c6672b2750f2df87d7bf
29	161	c4c26ba2cad53128e510ab2c0b6720eb7a15460e924b0238b9887b47be3400d5
29	162	bb78f1e46dda8d95dda58fd679bdc257285dec0dd4949e7647ab601eb46ff0e7
29	163	f3b695cc66ea0f53b107af6405166d3a452f0e48dae1b8d5d072cc737972c456
