chapter	paragraph	sha256
1	1	5bf1e28b0b2200aadeb7d10b9ff9635d152419ae096a15218f2135f464c76d44
1	2	d46ee002c96228f3a55ed916ca5d8073ed3c01ffaa01bf390f6efcdcba13a45d
1	3	8480068bd31fe83c6368cf97c53d4aed5bf99a102bbe8f9f9c7c1c4dd38e7c6c
1	4	3c94f95a3da2d1d1dd55082d52cd13fd2a018187f796db68768c11d9de8a207f
1	5	3cc5956762c3022a14f380f8e1657e1dc9f6a2fd5101247c78cebc42246db27d
1	6	424f9c4d626ce59ab52ee7f94e274daaae8bdcc9c1b4d1a5a53ef70b5909efde
1	7	fda0daa198efc6718353e7bcb3af381a32ec6d82413fd1ec775ab99fe7b3098a
1	8	e30a402628b367debfabb4ecbb505bbcc16eb63ab6ffb78bf56a3531e41c4017
1	9	4ffdd121e60536d2a6d58417d5327816d76378d04f10aa1d6aa0cbcb162d45b4
1	10	4019bd367087c994d0bcb4d923ddafffe921e0a2e6a7f23fe082919b3534b2fe
1	11	5f96b6ef35544d06a2c0f503621852ad7ab1df4a2a66d3caf4c93ec06d60f6bd
1	12	17ccd625c6e6b95e9d23507fb146e13317537a0a79d6cb6f8e65ce26605ebf2e
1	13	fb115eb9528f84bffe01ce6844d103728f058a99293fada8a7a3da5b45cff00b
1	14	80716efa5b18e01414708cf3bd23f15b67939395e486d80bc5fc7aca0de80327
1	15	81ae6ee15b84faee1415fcf546f79232968148d420a6acde8405eddbc76543a6
1	16	0946ff5e0d796bb77fb4e1dcebbba387701cfb94dc75960666e104b16bcd5874
1	17	959a5ec2dbd941668d8709ac125fb516eb96f45a59431bced55a0a035d04f020
1	18	8f33f9d3b835399ddb63b6e3408d59dca5fca5ab948a65f1d2856050e9280a54
1	19	818305b7c905bad7eb75e1c37f0769502f405e6861da77d0049c3a250629a985
1	20	e2eed74f40e9660ccf8c61530dd4ef968875217231d86dc6cba351418e648dfd
1	21	28b555761237ff4ae976e6f1f0b782f5e3a0575162af69e20e4304cd15a5bb26
1	22	5f5fedd20c6df289e475e2b0ab8f2bcfa82b4014b08d8f115ad2c7d06e8181d4
1	23	e371e8e2916b333dbcd0b4db82723a7937b9cac1c6a56093c051f627a78455fb
1	24	0a6d3d457ebc7cfc1d55a3c2f9ffd35fae1e894dee35aa9d8e789986bb69bdb8
1	25	f21766a8ed9ab1ff5ca484d9d1cdaf9f1537990593f6753fe703261cd6f2164b
1	26	9a7540f67f8d5c4ab3ce8d3594e0e124cd92bc45311a1918cb306d659de517b8
1	27	02b7bf739a4d08e07042ffd62b651b91ca666cca19ae5b9441afef645eef6184
1	28	f87f83605d9cbd33c96da8c232a0dabc167f638e321711247a4f64a7314cdc1e
1	29	118cddc591c83bd43a265b07bc22ace42cf34c702b8f3570bf53e0a0fd2cad67
1	30	b579d82a7578044b3a944fce370688d4347380c966419b25835571ffdd4ea42d
1	31	b98a44f7581b9dfb90031b42e495b586b241eba3aa03a66918b9004164cf2c3b
1	32	c7f43b1162ba5b9f165dfae4d916785263561b61f6b574a199d20886006ee498
1	33	4969511bc365e6429db36a2e2ea2c34c7a9d7ab27b79d0b266e232cac97983e2
1	34	2efec8ae20e5058fab70dc93c7fc0c014ebf9ca1fab8bbbad8e7895315b8a007
1	35	9fc2b982808adee395733029f0e3fe8f02f8a952ab6299547939620b8b03aadd
1	36	87d8deb4fc395e29535e7402bf167ce67ad6bd5f48122242f3e435d6e3a7ab24
1	37	2957fbf51136a15b8694ef7a0cfed1850ed7595b2817c140cda2cb2b3ec8cda2
1	38	66ea17c81027090409e03ec5193ba732d761a520f68d7ceb03496e9a838583df
1	39	a04e1463a6f1c6bc5d242b28f864e5f85cbde54f88aed20b6f271adaf96706c1
1	40	051e5a8f71ef5d108b69d9cb7ce2f9ffd094cb9afd549a69bf424d21c14e1dd0
1	41	ab5e26f218162f2566534ef78fb2677151d98c824c3f12c9a84ac072b2d7e6bb
1	42	c5c6ac4fb6f39b076eefe3a13fa8ead91bafd1f246fd5d282504b192375296d9
1	43	26d7392e04490cdeaca3cba59640170678a5d98491b57330f298d7a05cb19b60
1	44	0aad4b0a4b22d081c53c8af6af5bae6e3602a5e2591ce9cd478319b55dfb3938
1	45	b2d68a2b7067a30a2c35251df65d59f643e00cc11bdaa146aa9954dd331815a6
1	46	293221336714b39982d7c6ab3742fff53e156cb4ed82db851f2949b373ad7be9
1	47	b3b1930510cbc67c553bb1fbc8dc3f16f82a2a320c86e2e3cd940a518c8430ca
1	48	e79dad72f8b6e54de2c59ea5adfd83097ce089a711c4be4817c109ae223c04e3
1	49	191ad886151301adfd08e38538ecc3ae2e28b8085f9cd88b4ec236d50f96e296
1	50	683504a47cd1fb3fa57024dfa723cc644bf539b2d8bedfd48c582a78d6b2146f
1	51	48be728440e14cf0d2e51672a24df13d6cdeb281175552e9e0c6795a24bd79db
1	52	0c4e13661a851957e23939e86754fc5bbb3d8c1f2e9c580de44faddcda71ee60
1	53	34a9aa5ec4fbe4c6627be7bb209855f81bb1e00620c69c2608722d5ab886fb66
1	54	d9fb5232885b4a33f11fafc4e1697b462790af249714c41bf6f1ffd65bcbcafe
1	55	366812835eab6fe4f526788bbc93802d55a1017cbd32f6d1940c9200ab6237b3
1	56	5e089accdf502607dd2baf37e1ebc28718bf2cff45fee9a65629a33178409f04
1	57	ec3b0b583c66531f24524d8d0c166bfc919b496a74875c5f333333aa10a97754
1	58	eb9e88a415d1402da47424f2bf141ef642e15300b55ae22aab247ed16defc643
1	59	0a133de5129e7a34ef99d37ccda8414d619d0ccb55289764324871aab879f0c1
1	60	20fec7b5649195eab7e6589ccc9037c0fa1fdf9439d7f3053fe665d77135ad90
1	61	fd38c81e490b76b9caccd46104c59dc169bcad82d2ea03131130cc99e3976bad
1	62	7b5861ae3e1c053862111f05580eea5e4c50785c4ec750bc7eac831465a230e9
1	63	5d416f4084e51e8da73b8d97adc132554b79d2a7deca57844169946331ab11a3
1	64	88aa045b94dcd72d717f1eeb5e26a90d3d60a4ddc3ff86c1ca3e449cdcf8040b
1	65	59d6be093c2581b06700e2632c1bfd9081b669733e9a7f091641c1d1612e8dd7
1	66	928ec44899ec8e319965e1609eeed3c8bf0ccf88b77f956f811ac0b558729ed6
1	67	42a14698004159b737d7c927461d980435ab1e28869048f349530c3ff5a6b35c
1	68	bd45a44bf7396c02a3e6a5c3d313cb1a7c3f8a298af5b15e129757d5db68a2ff
1	69	4dd91e650c18ead37b25db62c9dea83d2c60067ae4af9fc756d9d2a3bcf039dc
1	70	beda0b573720ae7bcb0c15512d0ee95dced307a8fe1c7bbb82acdf3bafe69f29
1	71	68141eea2bb2a7c1b6b0956dd3a23a3d5c198182bc43bbe5286679e01bf37d64
1	72	3518e33f089dec98faf8bf4ad2ea390af32fc84a754cd06c829b70d330170045
1	73	3cfe84056be50ea98c9b7d43efd9423bb614d8c695b5979cc2f259371915a1f9
1	74	068cb14e5c5d0f72a9b09512322a457cef2668bf3b162afe83b0d26067179c87
1	75	789e589124eec34068eec43f5097d022ef628c35317322f5f34be0560510a6b2
1	76	77f7ba237e8aae9e5685760c093a5c0a3f2f86dc86a3e5e99a8ac57e23ff85b5
1	77	55905157df0aebab247dce27c0cfaafde424ddd337f8d5c05ac6ed6d6f3cd73e
1	78	040e2f1d2c40905c59842b9c22811a54bd980948b18c47fc901064d32c571b1f
1	79	cfef1f72985c81d60d367ac37d0f8ff0a04f7e790fad84b833ff67843581c8cf
1	80	0185de5ad1abb396fc38245f526d2d0e35aec200cc56c9926b3e51b06cd7b693
1	81	32a95de8d6e53a4f4a26e2904dbd54c995b036510a83d382f4be56ad793ae6e3
1	82	0ee621d2c6b7b5cae420b2b78a9402076cefbfd23ff337be6c2d9b71d5aa81ff
1	83	c1488deac6373b087d2cf50b98a9394e12677c1fc033524cf9d319970cce8447
1	84	a9f4597ad1339393e8d9bda52c924aeb9a3097199ed0d0199173da92c90357d2
1	85	8693bbf0e3cae944440901918b6088f87c5d13043d8760211d04f760a96f3dbe
1	86	bbc0250e6dfde3367ec03d85c68febc5f9ccaf72f733395ff2e56e63aff0658d
1	87	0231ab8d53d8b74f3e4733f9a458e6a880dcc89f6cf38119077c043f135f81d4
1	88	bef12380c211c2cbffb0459c5b4cc8b7f746acdbfcb9fb1c95c21e7449c8f2af
1	89	4e479beeb64e12018d4528c0901eeff61716307236ac0135446904056ec243ea
1	90	b0757c96acebbe4e08993a741bc164e92e892f15a7a44998fd65178162cb9d7d
1	91	4c7cc6886ae397904cedc04f1c53982b9e1bbf484b42f0b2d6595b3a088534d1
1	92	205a68960bd19b4c7999b321395e1c21401fb6d47da83ec5bb9efbde933500de
1	93	769e15f67f4f665a57b95a84168e9f060606017a24e39e291108f40a54a493db
1	94	fcd738e263618bf74c11d3a2dd31d25a5438832b4563c57caf7f909b64315284
1	95	ca43202d2107a114120b61588bd42b4db12c1311ab7370e023b10c317c131b61
1	96	9efe66eba9c4b3eceba2b3ed98f1c3ef508f95a12cab650d90f63c3d68cfb89d
1	97	a878d67d378fc8eeabd691b01f063658092ae13e6bbb47d2e87f806f20d01d9d
1	98	80f9ea466531a603b13a7244321cf350b893dec9dd7286ebd5ebf470e30bf712
1	99	0ef5f8a1360bc9888f4bd6e90f6bd9d08cb34283b83c8afe8daf6a925c8bd120
1	100	deb65aa20c9c56797ef9eab54256e639849b126540c0a42fcce4974d51f13151
1	101	f3b695cc66ea0f53b107af6405166d3a452f0e48dae1b8d5d072cc737972c456
2	1	6c3724afd089b934a1f47179fc4bd7b03859bd4faea43d64296e275a9e370bda
2	2	ace4621dc842cdff897d539e91b36a2af62ca523d7ef04767c13b1edbf097ba1
2	3	4f4a92769ceae6a934a9ef4dc3b90aae496f51d89098012efedd5a1e1c552678
2	4	9f041cf030b8440e155693a7086a8891971d55222f2ed272cc6866d02d2a1eac
2	5	5400a9a52940ee4c7551c2e91ebbcc7f9718082086021a808d552882e1e04de0
2	6	599a21bd151797eebf42cd7f7bbf60e7e7225156341271e85497929f6b6260e4
2	7	3745a599d2e9346fe215b717c0550077fda303777ec0063a4ad6d71912291ce4
2	8	7609ed40ff6fd31f514b9f4c36c78feda6f871a13126fb18b525d7e2aa06a0ba
2	9	a74470eef6204f8c8ef83aa2b646d6dcc38b4ddeb1e3db253fe507ae5c2bebea
2	10	76959b2c6a94d4adf5c713935d62908d63af155b4b354fd0e0e6eaecb4dfbca5
2	11	836d3cd10166d756923f03287680f609ea5e97ec5cb845fd44edb4c69761b2c8
2	12	f79fb5c1d2bc5dd208fff1b15408405d38628e262342fda3f7a9000e2ab5e8b8
2	13	fdc50bf8ccbbd111a05f86688bb1f0cf30424f3c6dfe8ebf375bdbb0207f5314
2	14	4dfef452e0ce46e6b09d391995a7d796ff239b89b5ade4f17c4210cd98396028
2	15	f3b695cc66ea0f53b107af6405166d3a452f0e48dae1b8d5d072cc737972c456
3	1	1a6a2679ed48f5486fc08e68f8884467c54688eb4f36f461e0f016f785bbf8b8
3	2	3c03d3d8d4a72aa38f3ba794ff48395d5af44d11ece6d569df1ae017ba72054d
3	3	f031ef6d5be8c13d128e0f9a76ad7bbaec45aad83b1968a8b275f331925512a0
3	4	4ea69e8e1dc10af43e12f7edcda8388b3e781f06b440442d0591ca72b1da2afd
3	5	b36945975e6ca94fc52aefd10a52f76a7273313e3ca053e3f1bcd0edd7f7c49e
3	6	787dcd18d80da06c51be71afc55ceb1fedbdca68836bc2a58a2d7789cfafa956
3	7	e3831356c99adae471c8fe1987a43eed004198eb911442472c1d302eaf50e236
3	8	b8d9927771c094faf027c20e0e06fdaee98302c0cec57203f60093c167927e7d
3	9	b47adf441836120d1cc963d223dfa0dce5a5bf12194ba21697f41dfb830efac2
3	10	e2332470de0e078ca3837acb7e683e77ea7029552b46e933ed8f0780c8028a0c
3	11	e8897085d54f7bd3215908e23daef7ce3b575053a80b0a8caeb480d9f8d11526
3	12	80d52ac9d872fe382a8adcd36fbf51cdbf07193966ffd2e000db4899a538d163
3	13	c17b1fd3172b16b565444576fdb01bd4af1f0c24dc6633f7289f14c774da755a
3	14	edab3fac83bf5359d1461992a0e04c6c88bbd833391c3deb2ad1c57a8bc6613d
3	15	ce3e152434f3497092e255fff37eb4976c6d7d50cba4b56c5c2c8e9583902f75
3	16	253f3b470b58333eb1a11b4bf603d4d1ef7640f6e9d652627946e0ce0b10c782
3	17	0602dc8592e66a32fba0ce3133ed97831c56e48605a3f197e3392295983127a3
3	18	d6fcbefa3d483267555e0e2eb4f2476c56be38caf53f07aab29788403f2f6791
3	19	d4d1bb9aea65b780be16188eea13fed94a84aed8b3a194a2f0b0e4b0f646f442
3	20	56eeacf27efc17fd2c8e614999fd566de046781b8deccbf9314a2c49891ff5f3
3	21	e40ad78014e656398500ad179e36c52c9fd42581ab8f89b649a0b95072596344
3	22	0683e1863ecbb5fa3b237a414cef31f88f3dd450d3734491b6f0b6ceb8a1872b
3	23	59dd546d53278362b09b8193368e908b47237a5acec7f27887b0dce6a81c6971
3	24	73e1e4b77f896a346e37601a2d5810ab290f74cf39f3b5289e2f6c69cde6e695
3	25	7280fa054e102bfb8b3d41a1f01f07531f90e325bd1dbb6e009f49197ee71184
3	26	805d16bf84844f108ab0816a2b3415518d6e0008e96f6a51fa7fbf9509dd049f
3	27	f6fc5a551ec3dbea35672edc1a87b4276055cc5e98e339d0d0f3a3736387280f
3	28	58d1124c0f0f9827e14cd1bdea046823cbb8db545d41a829e39c8c595f23525f
3	29	5346b6174dc203eb2fbc5364536d25090f01f0df3a9d49d76c98c59bc3db96e0
3	30	f7c9f1bb80113afdc58bf40e000d3bdc63d784dc80559afc599b3c33478b9cfc
3	31	3ff61e3056ce26bbf8774771ec4a2fecbff0e476bb317c448b3c3a30f00cafe7
3	32	8ea8cd9fd423a37e42651e9e4d946c7161a69b97061c5d6446982cf90b13d490
3	33	078556220097f7a3502659ba3610fdc26f603f1b52b2a3166999e92eb9c095a1
3	34	f12b0cc8907c223ac33ee03f13fcf2a97b729df3f5d178d4d1525ff9f2b1a287
3	35	0507a4599dbc129881e0a3f664d9bec5ec18568f50b53e69e8af907b23770e7c
3	36	a749fa04d38d76e8358fd69eeaf130589e926a9236675991000a2773604d1936
3	37	fa07e05aa56370355670c53a552ddd92919eb67195a80f7cf624b1f0a572ec3c
3	38	89cc0a620c2572db3cf0ca1ae73881c4bdddb7d8d7449491c73680ad945816c1
3	39	b5eb894d1928ae9b95dcf49d42aa037ca474653f99efb2479ca68e27fb3755d6
3	40	0c83f37fe6011bd4f2153b3211c226f660d48eaccb9ce95c274967c6cd74209d
3	41	2a2fa455d4ab3c1035191ce3fa0fec9b83d9c7344d92f7490c0680eafdfbf38c
3	42	c3b32ebe8eaef5bf93abff5a5634699522a7096fba66277d44e75f5548be6569
3	43	24d2437eb0193aa3aeaf28d3125db59131426fcd8975893586b663990f829ac2
3	44	cc6fd9211990eea68e652ee04c47d24aa2f2c3aa35c7d4913e3a691d9ff66531
3	45	c9531bab5022a33d1a0dec0f007e9420588352428e9b5f0be2e551cbae5538e3
3	46	f3b695cc66ea0f53b107af6405166d3a452f0e48dae1b8d5d072cc737972c456
4	1	84376cb8fdfb4a61d0dbc6e0d83afc9281e03a01b623174fb81da3276be609f1
4	2	59a9a8f8057cdfde89caa41b04db23e03664737d452c2a61ac711cfaa4dd32da
4	3	bcadaa6100a370edbe5c9e93fffa82109ebd8b5f8b4752bf459fa914240d203e
4	4	47522b370a121df41f26dae1d5da57fd86c89aedfab09aa5d6ce125200b51cf6
4	5	30a2fb73ef173f571f1a4e8e3745b2fedc7d626013687adfd548e43c752ac915
4	6	967543f17ea7aa9622ffef05a920243c70af124cf3bdc1343cbfb02d6add531c
4	7	806091d46b350288ed2de0d23ae87652ea746213fd9bc6ea3fb88e0395470298
4	8	9d1dcc9edd8d20f60a565b46a65990c5ecf5d95535d54cf10e223baaa97ecd60
4	9	7800793c604132abadc243cc3e4c0ff6f4b1ae033d8101af0f8450b35c70637a
4	10	60528d8076d64e37b3d14a90ea0789483450a4fec7d650a9f993f227e11fbed6
4	11	e91e01963304aa777ed46ad32f97a8d8843eff55ab19d530d28c88b34390be56
4	12	d033a1732653cfbcf60b96687c2fc08be7d27e1fd9d3321d6ab46184d83e600b
4	13	9f7246dd8675131b7fbfde34a9bcc57614b5eb426ce1328dae2b6ce78067b694
4	14	ac4829edd0f6ecd04d5189409bfde5c943632092e3f2b691a761d5d21ade34dc
4	15	5d0243b6e927a444e638876ab910ce87e8a69fa2b2e2d9afa9a774c2b03e6086
4	16	f7347dd8d4c2b34bc9a52dd1e1bccd05e241e133b7ed17b6551d9297ee31aea3
4	17	d0f807f8e18b917ccea2643183640da45107dc22ef3817f84500a842f5bea421
4	18	e7e091c4b17bed43355fca93ffe3c5152e3ba968415d8ff93fa8868a7d2bee8c
4	19	a202e4bdfbe41fbc372593449412f3f0ce932490a1eb18a8c5f2be814f38b716
4	20	25375023a74f4b5199a9ee8b43dfecc60e4f1a9c4d4819bac9a175e453da6e72
4	21	b0ffe393a8aba6d5f8304470eebaf7b30c956f00904f2bdfa6d0109e0bc3f27d
4	22	3efdfddf796daf1f0517f24b9011299f4fd2201e72d5d42bd32d5918b4075b76
4	23	c8c06e74311eac96635502f93da38de58cf792131cb1928c52f59b2af217818f
4	24	e94df858a23fee7a29ba3cba80d1540903d858617eac0f032df3658fde534d56
4	25	8359193490b81fbcfe5422e3810a9caa2a4bbc595d8931afc99b6c6894a77289
4	26	cec9e779a80e4ecca329f0cd200d1711baf26341e1027901c26d95ce5054e694
4	27	246dd758f77babd0bbe0458ae04960f6ae517eeb59871c27a17d04618d8dca93
4	28	c10e1280d7542adb071dee9b49c5fa52a2cfae96e638884ca2c77d26f3fdc846
4	29	109fd6afce4312f7c6af400c1b8936938292d8add0e5dc848f4d79fef9b821c3
4	30	12792f2e4056bdd15ee865281e2b53309eac1b09cc306962ac18fcb573c3dcd3
4	31	c5204cb77dbbfb3d24e939b0cded5e394a9cf35cc6477442a8ac71f0521afc3a
4	32	30a5ce8a1e4c06483485d598692a9ffe66d8c2588604896d412337996e5c6b58
4	33	658cf616b26a19484005217add6be470e060e8259e73b9a61f9257c905d2ed29
4	34	6253ff3df9d74f206ddee1d51c31effba6a46336fcab7c306661703539c7aba1
4	35	e65fa9435bce4af96c1916d7c4f6cb31e739e0f4f7164e5302f372235244dc42
4	36	9b55ed12e25f6a91a8aa95ca778123b0a47063c5efd9b3c00a0f5b8a78a4694d
4	37	02de8d01c21c946004c3f120bcff30263b7354bba21c8b711527b38708d24a0f
4	38	c498b2102c1611a5d782dbe993bfb6ae1c76122bdab31e63e24eb68d32a5e420
4	39	082f2db5290d04580d55bfb30362ec6af6ebdc7736ca83698e7143c14aa89415
4	40	ddaf7810c93c2c81f198b8432d04bab0675788715f1726eb7754627c8238af7d
4	41	19e570bbab8aa456a5bc6d957488f88aa4ddaec34d1db7c0fd8923ed01d630e0
4	42	d60470a525fc7f0ce53ff9821fedde5d951a7072ed1238dcb8d78d8cd143659b
4	43	60dce5a015041c806365f4b80e4694b21570abfd4649c780b528dfc1ed410fcd
4	44	b19312f36c63be1d2c379b7c58ee7ab9c2cb9e74f473118716b569f2dae096e7
4	45	b7c974a908f512c824fa554324ff7e684f64b05035afe8edc42166e6c96e344f
4	46	1a9fd87a7d07eea8689bf3749df6275d9a96aacba17aeb0d4e4dee9e45c3b0a1
5	1	bfd44653104a4ca566ab745b6b19dc7109dedad305b6a41ca5c2ec2ce23412bf
5	2	ab46905b54c31fac5801f87fedbabb683dadc80d48d1fd44516bad886e2c5eeb
5	3	bdc1a1357d958668bb1b5441e8a49fb21abb95236c072ae2bc30a80a1e563f98
5	4	da49e10a228ae2800abdb3f817c25203e36ecdec16b7040380c734c13c74eb3f
5	5	20d5087fed633ad689bdc1473c3c9282a4aa4a943a421eba7005c98f41b77af7
5	6	f04b4a55a6f95dc0b9a0129bef4d8b66d14e4dc9288aad50a90464ce8f8a54ee
5	7	3e43feaab466f323b806f784d7162f6eb8c7fffd616e92d7a08e67b185de7d27
5	8	76e97b0d2065dc1f89274f2a2fb043bd42b980086f799b823348d181eb3e315f
5	9	2cf518273ff0d0663d3ad4d8df03668ffb01927e63f9a15fc8ed64deb66a14f4
5	10	f732783b07fd16f62d0293a02b8aad6221e788ffbbf9fa803a1d462aaaa0eb88
5	11	d69b87c8351ee2b9e213a3af65dcf823d72bb9b4798007e36f611370a3e94013
5	12	83fce8f835ab29496f6585d964a045957a0ffcc3516821c4e487956658b1f49e
5	13	153d928ab0bbb2f56a49e0adf6c519142956010a91af23806fc5ea398dc6d7ce
5	14	d658c2113763a5e9b1fc0b046a3aaf2aa9a0dc24e6662945322268ed6bf9356a
5	15	b282cc498c4b6ea561cf348818d9c22337ca23d0950a3b7f5dd3929fbb4387eb
5	16	44f36d7d41fcad90e1e604dad75099ca4d0b43dd9ceda536f1f5d18288c342d1
5	17	f3b695cc66ea0f53b107af6405166d3a452f0e48dae1b8d5d072cc737972c456
6	1	bb6e9e12410ab79b8089314f2c7314e29198f6f4e7627d747ae42e6bc2399dda
6	2	7ff9ffe3e172bfe95a0d2ee8669c8fc9628088013dfac23a6c8334ce2cc38046
6	3	90e8a4058ac8ded2e4a419ca2fb755b4b36b703e5b732192f140f95a67ca3a7b
6	4	94a7734c8a761d6e69872ac1ab5681cfc6451ec6966b7608a38f1aa33559c9c2
6	5	8baa99c1213fb8b94be1edc9262a518cb78895f2db5e30ea8324c503640baeb5
6	6	5fa8901f70f026752cfc758abee3e19622639772b42b391b0ab005c74f611cbc
6	7	b73110886a92217543a0b3f0f7f60276879eabf45a8e90a92df90e561b16bdcc
6	8	3679f85ad320956649a2962f4f201b206ca8f42649bf0caab20709dfd7b9506f
6	9	e885a9a754bdabade0338a6be4230a89b5d3992b6b36c1593db051b4f00abdf4
6	10	02317b6030ecb4a8f7aa7ccaeff09d862e86fe0ed816c787fd04cb0ed13461fe
6	11	60625b56fa9bb88d3ece5499e04ef404f988a4723b6b9f6b5029d6f1b2beed10
6	12	e0bdfedd33ca27588e391ccc295f4eec9a6619bde8ebc8226fb746cf6f33baa7
6	13	e18159f770cd23f70464eed8694f367262e265c2bd1f1b9a248e5d3ff2d3be7b
6	14	7ee1d4f0b4d9769690995e805960c97b94b934e676934322272cf5d7bf935206
6	15	e18159f770cd23f70464eed8694f367262e265c2bd1f1b9a248e5d3ff2d3be7b
6	16	ab0f354c1d694e2b77ddeca507cb9aa462fe08ef9a8eaff4213adb199dabedf0
6	17	6850cf5dce28e3cf59ff2377fe4860090a137c84fb2e9099e8b95fc87ac6fd18
6	18	1d76667ebcc5c3af75e74f1ae7d582ffe37f292152b2a6e776b49aba67b0ac6c
6	19	60f0e6bb728d8d72631cbb7d7682be659ed1c66773f9120f810b033d9225ca66
6	20	592aff601b8f1a923e66c1a497b4b2d10b1dea36438d1d7fd81dc3882c9eed83
6	21	d4ce5c237f2efd51ba5820a72807f6c4c0f194ae9f256dfc4a7607ad26273bdb
6	22	1a097ff1eca6b73a42b2ea6ff16b5e02ee23adfca89aeb8c0366872301a0f3e3
6	23	da873fd46603c71f3aec414c8dc8d2b10d2215a24841bcc6dbba1450cd054775
6	24	d299f9372ff9bbdf450f50c15f1b8d23cf4b49262fde8c4623455b0d85b1051f
6	25	2fa0844ba8f3572085592cddd32e9a8de19a2f75692ea192adc81f8fc2d3eac4
6	26	363d1e6257db6b8a4602111a703bbf10976fb81dad9155ac5f630a1229e32c24
6	27	5336fc2ca250aee82020f758fbc774a6b00ef8eeac80358586c18e4ba1c9caf4
6	28	448d03cb7341f44b7032944c4a49b7220c94961a48c892721a09bd83057b08d1
6	29	d8deb232684ecf04fcbb695e1bd8524754de3fea39dded555e8bab2308dc26c2
6	30	b91b03a4079eef1100498fce2ee8497e47b885d59d876ddfb7cf4e819589bf07
6	31	f8860311538e70021d47bc2bf70991edd9e67b5081ca58753a308f9be9f25e48
6	32	9eebcf740cd14db4b87e238b24f1faa5e42cf53471c7eab1ebaf24f8c0a9d485
6	33	70a44a41d07b1915a8a8d5f1d781e55f75ab92b5f4645a99622e32fc47992eb0
6	34	f3b695cc66ea0f53b107af6405166d3a452f0e48dae1b8d5d072cc737972c456
7	1	36144c5349a6c8cb12dcba999813bfe3a4016abad84c6a9ab79899a66a463db1
7	2	23b92b707b381cc5f055a55c766862a4c4dd4240ad5d6343652bb388c440f9e9
7	3	e122f73fbf93f76b6cf3451a8534f7ef26786ffc731edf170dfdd407c98b6255
7	4	60ef9b6b58c30c7e3562ceb0552b6dcbaf4d8ba26cc2f1f6f099fa4ea0659add
7	5	f3b695cc66ea0f53b107af6405166d3a452f0e48dae1b8d5d072cc737972c456
8	1	ff24f98ecb8dd15901cc02dd1e7f7e0cfd2adcd2cec09dbdf49c2eff4c0eb69c
8	2	c8ec90a52cbe1725a8ee5890299b84b24abbf0c59506a5f48b9607d48f68ffc1
8	3	787dd1f1106fc509f5a8d09977101538a55d840883000d7f075be476b5734f4a
8	4	69807388381ffcc7f1d82b49ddf343711269cef113a98891d2e563c698bc3874
8	5	00a333bb457a470520b34451738e2831970cb8d83aaba4b1ccf974985e47f683
8	6	dfd2892079fdfb3bcbe9c1fef0df489433990d38b890a92f817cd3949c1cb1da
8	7	1af4fea4c668f6565af850ad21729c8553422356bcc2cb8b4d246f7d2a288f28
8	8	cedd3a10443b2294631979b7e5f247e34145b78a2665ecda556096a35be7cdf1
8	9	295874bbe92d17cbfd44737016e47b855aff42b709349eff61962f52509a7b0a
8	10	5ccc72175033389e5e4bd5360833c986a660cc97ffde6b9ef32b6f2ea582fee2
9	1	7e418e81bd6536ca5314f85d34504d4225d8b739f92a0d25c6dd997170915d82
9	2	e9578b7ce6cb26a877bdf37788d859fdd5c1e82795e4e1391008dc0a69ee5539
9	3	21e4478ec438b7d10dd5a60e3079890ed1062bca96fb0f1fd1302bc2ea52651b
9	4	1edc3abe621a640ea15ec409829ecf9c00603ae98a728500279510ea2f14518c
9	5	c948770ab7ebeaa5de20dd640cf7a4d39a3e22c83d206c92ca6e666990f31685
9	6	adfff1285746272e3a7bede28f6dc27c1f06f7b796dcc882b95c6e1b6c215035
9	7	da9649c13fb3787c80178de878c7ec9c178591d7ed55e5f5a9b0b408c636aefa
9	8	dafce8ac13fb97ad7e0469f2eee48775f4c8512a210232cc282f31ca3909d559
9	9	08993ac0d5c180449bdb072912319bf367f728650fa3e93d49a2ca916688b294
9	10	41c90565f770cf91ea458b58cb6e41cc1762121160577f59e0cb56eda585c39b
9	11	9e87967b176611b3b4e0c287bc3282681bb15d54460f3b6e8584d5a5ab8e9e43
9	12	e677f7a3c6c1f7b2058b177561986cd6c3565fb589c021bb797c4d9bd5662c68
9	13	9717591927496ddca4864957fdb3e801b138b2bf8326e1b9d69c230f21ebe612
9	14	9bc15567217a8c8f357533cfa60432cff35775d23ce77a02493cbf7bd6672d24
9	15	7f407a87b19deda3b15974804c59096d2635ae8e76b92341f87ec1dfc3f41600
9	16	13657cc76e63d393b04977778f85714aa46f95fe47f705574e6a059a25e5f8f7
9	17	66b10b3c8effe702e642e242c243ba50c93518be1470d3692f3047fbf9851173
9	18	9b576fa9c93e6cf3c14b3be4b5c745381729235c054f5e1a490d40b4d8e57f22
9	19	04ca90e87d3c85b2e82b5f004762e2ef3cc1ccd920014b85e4cee2aa25341436
9	20	7640f9120fa485d32c659f4f2b7cd1d820d54a9a5f3e7a9fbd19e83ea4a3c917
9	21	88132d16817ebe881088b46f0ac57d872264efc05cd427a320779745d1adb09e
9	22	0ade3e9fdd52f8e7edeeb19f0b1f5c7cbc4fcab107fe6b6c56b33bdadec2ee65
9	23	d3148b91a0ebcd50399b99ad317d3fc3212e17fec91c9b953c0708e639437ac9
9	24	264952ee2c325ed3def3fe478f74233b85c914a47fc465bac508876431b4ace7
9	25	424460632f378d8bd323f466b2453fd3e773cfb82484c753054c0f220222ee7c
10	1	254c895daf6ed1ec4be18727f086a797f7d90156c46df44d1abc2249e74bbc80
10	2	241677ba94fe3038991f8cf73263a9eed7b4db013b4d8de04916274a53d098b5
10	3	3ce7b1cc2be9346cce1f47d7861597d74b16f7d74d1a25c766e0ca3bd1c3f285
10	4	d74425854de7c857e2ff4315f159b1952a275edd2c9c3573f761f3385eda0d31
10	5	8559fbf870f0efe142fbf7919d8a4170b961afe2561b5a3157219e45265583cf
10	6	00dc9bfe82a48d8b1f3dd70c34677a4c8280590d649803d816c9aa8b6ee46398
10	7	36b7eb922b55759c0fbe254eb097329eaa3b447dd69436384d9bb374d87d1745
10	8	b4d59e4450f9190a5fb0fd1181c2290d2911b15aca7cb6f04c1dfe645790a9d2
10	9	d5108230d96497a8586030f0eade65eb006476362f26f6a0d8ca9a23c3d80e2f
10	10	f3b695cc66ea0f53b107af6405166d3a452f0e48dae1b8d5d072cc737972c456
11	1	6654e3dddd14bfaa5a9a1a01325f58c9b8d366352e322ca802fd60e99e56970f
11	2	9b18ed5acc1815da69db8b31ec4da2327e29fd22e978846d8d6cb59f1dbdbece
11	3	1387ead5004c33a13cf805777057245374b1c81087d23d329e487718b7689305
11	4	6bfbe93bbf25890cee6f3ee0f6c19f778509e84c2588465454ee4a0e0c12ccfa
11	5	0d93a85ef233b024cf17a8f597400d6acb771e4468fe49f2c849a49b9e1f1ffd
11	6	99f1cc25db06ae5366d05229cbfa43709d425746a4e29f6e908b33e951aaa7c5
11	7	76bed4b6b502e467202f63c098206198d50a308bc148a09b30c90564a2c57d56
11	8	b55486963b73dbe183f42c90e737f3241737290acd24c96a0e10febecceca844
11	9	f3f9157ba56a6dca4ef0224e1119b6e31849f0cade63310e91501af4fa8ee537
11	10	491c3f874b9dcbb31fc92a66dbf72ebdb49e3cf08de55c5303ec85f6184829a2
11	11	9b1e942178921c268a672e7a7902e17f068418265d58830f5eb8dcdf404009ff
11	12	b704ead268ec442b8b3f54b0d4a8468a235b7ecb5d2648d9a9e09e84f86935cf
11	13	190c70796a6f574fbf695d7fffc581353ebd45dfe56053d29840e71e7e92e935
11	14	e341995a045f2ad0a5fd288abaa928c4c8cf0c4ba5be1b43c8ae9b23b1b969f7
11	15	d184ccec17b81b88fe6ffe3f0bbc410b60cf4af8136b3517017a3156ce19a300
11	16	a8208ae3b3374967b535cc3604ee30265f8af532da3a3cef0bc23b1e4a45e5e4
11	17	a82f413581cb4411cc89b9212e17b25e11de09eb3a7dcc9d15d5e4359d87cc3d
11	18	ff466733dacb13ddf36d5ab2e3d094086a7c6c30362c5a0bd95b5893002470c3
11	19	ed9f0e48b7966a3de7b4d0e58e110ab0044928e63b94c20f736c98a5e3b2f412
11	20	b7e3ae53b101fb4ef9d3584a8a7fda3907a0433e4a7b00dbc1a62bd250597412
11	21	7b6582cea7ae08ac7506afec021f7adc870f0205232137a6e248404509dfbb68
11	22	6d5a7e4e2137af76b548f6e1cc1db85e15518ad815b0a404d30401ad64216011
11	23	f71637211f42e03afbccfc78fc939df2a7d3e35ca4e265dc9fb8a95b24e14dcb
11	24	5d25e7b12b4a2d86f61c539ad98318e20574c2441c07e64d7671c990f70198b0
11	25	f60fe8e63a6e6554421069981ceac4f25b32c4c6f4451c2212a798875b7cc347
11	26	660913fde921bcf29d5457aa03f9a33ae3767a56fc71227d795b6938ecd98c23
11	27	5e6de69b2b21ed9f10758d3df0170e277f4d95d7f3f3369bc0531536688f8d7b
11	28	cdd6008e31961743cb5186e557d75938d85d6e8fa91ffb8fed82813933e1dea7
11	29	617c50ad8eb9358a46bdd6f1406c1626708e1bc0c14ee6a73b10624f26897a91
11	30	87157f78ee897454ea2df469f1562b3a1570e233266121acbd553aaa2f088181
11	31	c15b515df9ea25883e4aa85ba2d4e02aa977ebdd91bdbfbd5609e76ac017b104
11	32	4213fcad53821b535695cb2837c7f03b757c8d17f5e624cbe95dd56d25848d11
11	33	042d367776579d5d058aa1a92ae4a32bd1d4bd98089b91139281fbc9e6641cd0
11	34	b14764b6cc5f19971da9bab3db4f3270494776d75b6ab2b78f1603cd02ae6992
11	35	6345f0392ae4d646000ea504d6d12d2c2075e5376ea3e3e72616db71155dcd91
11	36	ea82c23c13e9b7165d2ad22765fa1d0d0dbdb223cf117fa64c940b3c9e546adb
11	37	2b16bfab558a0c9837bc65bff3c197ea0661bcd6d777b7d03738cdd8be76ce63
11	38	d6109d6c4b642d595dc5ad5b426c9120d1a50bd7b96999c2f560a0e851d4c8d9
11	39	43a60dbb20bae5ce3dcc1699897ec092af01c9e799fbab087edf38d2515299d0
11	40	472e3660275add51b2841065879946df15de46426d5912278025f9874c2b34af
11	41	fe898c855204d8273fefbcb13586663270451dca4f39335284f78900a6bd03bd
11	42	5cd0d39baee44b8fd6402177b37e4ae253cf046a10c072614b7d2a7fbac5f01a
11	43	322c092f28d2a87f0b2b68e641fa6fb7356527d0ad6607498771c9ce3b3e3756
11	44	1461bfaac80f431776e63bb367dcd0de854b70e7b7a9c26586f54bb734811b42
11	45	3566b497a4c9634c5a1b5d7f09ae803d1f50073ca521cfe9b36e36ce3d7f4039
11	46	26ebca0f3b9d1541e3cc2dafd99790eac4b601fa5c8fe4f4d579294786dde14d
11	47	d2b290dd5b115af233941056a95281de9c66c3e5ea5fdc0846d8ffa278046008
11	48	97f5e68e2b925c9c899e325f84ac10df35334e2653e36f28288a5521e8527dc0
11	49	45f6117a1721a39b3b345fcefb3516fe34f82158d7a66bab19e05d1422452521
11	50	bd8ce6da0807cd47d6afa3c878e34b9fa9b4937a30be89315126ab6cefb89423
11	51	7154b9f336d802fe14634163d265a4bf882000d1461eb1cd30b11b6f14a14522
11	52	146d7466502caac796f3c910ae936675f25758a863ff38e8765d419dfab3315f
11	53	087e57e44f8194b21c39ce51c77db13be93f985343924898aaf9d57c93f731c2
11	54	d56dd962868dcd9285cce65640d558da628b5a945d63c70a659a37ee47d1b359
11	55	18275353743fdcbb0e2951639949b39ff6564861a283b62cf745755ff1e5ee89
11	56	e38e4a704acae47c182fe2b2476a7dafc7bad7f2f3e21e321eb8d1f72e88b7e9
11	57	9372c6c69e7377bb1b11d2d5a345c20a26f0866f881014afdb3739b87e7c612a
11	58	c0f8e14df3914d5c38811c6f562ad790029a76de10c966d7f2cb2c89c8f0bf53
11	59	e02b5d0b03041e1098f050e2ff1f9faee7524eb99771ed4a67aca4f466150599
11	60	d51b501922c49c2c82236b75e8a799055d7c82b34d5ee7595336df6afd695a4d
11	61	c2fa5f2b02da353545e171fb3fe631d044343c45676bf5f6c1e866256002f97f
11	62	e83748d205e6cb23195cd6f7ed4c42fe2d514b5ac8a6a3ce6702c95b1378f0b4
11	63	ff12e14ebeb30722eb81ff94556813b3fccb576b5dcb2490e7f8ca13cf141c13
11	64	7401fd1035d2cdcd476e2abe0e137b5092ece748a52748d22cd4b1000b90a0ce
11	65	bcef8b5f9f4686def4d217fcab1d04b218d26ced9dbf2ee3dae0070ccb0f0dc8
11	66	b4bbc2bde79117212acb09dee8f26f17473dfef762218a490532f8f9998acc1f
11	67	9fa3141a4f0affcaa7a41e31a61be4801e37b1d352c08da2ab0e8d3a74c049ed
11	68	1a469522807c47c582c295ea1799857af90bc220f69f4ecb4d8a9febb0af242d
11	69	d1f7a482c3699140e4a174631e4057136e703f0519f7e299aa333c8e35c8ee75
11	70	eb04b32de52891d0f61e55620dfd7b156e1f26a5460a5b4d707fd041990d15a6
11	71	c48613952fef32d53595eb815962c5bd41ed0bc69d34f78f3fcb5ba016eb857d
11	72	18290260ddef179b751e7546db633d698d112811b6229df8c7c07fc3c90ec830
11	73	69cf000e7c9f651e13719c884bad934b3fa7084bcc48e1fb3100dfe98eb603f8
11	74	48e6fe880071bfd876eb182ece98981bfc6a28bcaa7962d8696f53828b09d33b
11	75	50c53fe95fced649fa85a2ba1da19f6228abe3f4384da12bd044046335bcadcc
11	76	a24374ac18b7bec6355a6009b6c4b0c491ff618a9ff9e31acef488f56b2f9aee
11	77	b931979a2f9d451c890d6748cd1754f17008d22e6a3b8526f602992bbdea35cf
11	78	3019c3ba14db642ec4b9967557a3a360e36757554368adcd62c03ae654e3ea2e
11	79	9654d1efccbcfb441616ed80717d04195f393802c3f50e04284d15b86d5ca68b
11	80	a5197fec59b51299dcceddbed63d023c92a80b9a66e7a47b4fb6c1e4e701229e
11	81	d2b97c4e4f9db439abca5d93c239ed561354bf377c787d5df642ee23c394ebb8
11	82	3b3ed7d69dca6cb48d335f5119f4f4f10313bec72b219970b988a5b091498d30
11	83	bb5f06e2e5e24f13c54dddfb9889f38085cd0d365086054417cd63a8bfd5293a
11	84	7e83091c2ce9655c84bc52328d4d716f5a563d8e9258746d75111aba59b30457
11	85	d0585d4f4cd55ba4dc866887955a8092f1f59eccfa4a8e438cf435f7858db26a
11	86	6eb1f167c861c9c5ad6dcea6f4425ff0bbbad319f4a86fb602fed9b5b45edb54
11	87	4d265a011ccadb21e021b3dcc6830d00176907f51749e95b0ef2d0c9c2762014
11	88	011972e666f59e2bc4617e9249383de71c5fce496c029bc54b205701444b9335
11	89	8143e5ee3a25339a0366777ee7022da1684ca9e95a13828665b17ea43ae6bcb6
11	90	f14bd7b08bab347b63eaceb480979ed2ed3637e61b40dc1cdea8632dab2209e7
11	91	d7f87a9ea778e96a45d59abd04f95441e7f22740ce359480f9d0e7e63c29ce1f
11	92	815a022d605750ed2888b9b07b9afc886fcdc99bf363b85851b782fb165d8d9a
11	93	68b39f20abebe2edc312ad0607a9820166dbd50b947102b86aafc8b1eccffb6e
11	94	f7f9efc6bee1c8f3b4c6c73d40bf75c8216c8959e1b5ee4d85354e44df332a42
11	95	d0100c8bdb7862cb576a185d6b5b7b484aa4c7bae458fdd33b569dc163ebe5e5
11	96	c8d66adb7dab7a2f44a8760bc3f684af219aa176bd466380338a020ab5bf5c3b
11	97	28cf833d3115ab590e5065304b792dab9ef6e12ab1e7b235cf994c3e54726fcc
11	98	45d0dee596e998c94f64ec48bd408b73dd069f6ccf3e40dd26885d093fbc685d
11	99	6ab5997ae77c5df1632ddd8431361a0296cc2838618cd3cd45de7cdd0ab77fc8
11	100	d1ee1c9c6c1c78895dc8f2c96e8aab7376a60d750afbcd553221674c20fb3e07
11	101	0f830586e90b25a70e73ea3d300b215d97b568308308ef5f6b71aff48bc4ef31
11	102	14835d7c8decac8cda8da7cf79c93a59eb2aa9a6e534c1378de634d865549e93
11	103	5ade70a6d71365eb40af861e5374db47f1acff521a08cc14581e6a295d21cc66
11	104	ca642b9e51090b9a1fd855e512af4c2ee64f9653413b46d74884b87e340a5cfa
11	105	90e8a4058ac8ded2e4a419ca2fb755b4b36b703e5b732192f140f95a67ca3a7b
11	106	18091fd867ecb7140a336c3f9c0b7524f36a2d91d1e848c48bcb599a4bb533fb
11	107	c71807dbccd56edc37619c3beef4de482136f4d0652be9dda5a3b8a612a96b86
11	108	184de0647f3b2e9c4b4b3f73485ab5c3a6d08574ef2237f3bebd817194cecbf5
11	109	20ddccfbe79e8d1370882c9aad4f16244fa73122a7e12ec8742c4705351b2825
11	110	f3b695cc66ea0f53b107af6405166d3a452f0e48dae1b8d5d072cc737972c456
12	1	b817ebac52513c178fecb078da3a8150e3031efd074c364e022ddd27dafd55d6
12	2	84518e92fdb2a977d1664bdc773b106b5f0984b2641e82b0dbe68bc146cac4e9
12	3	41d6ba74236bab1785383fc6096d949fac9598b4e6bffe428a44a8c6d0e3dec9
12	4	ce7ef704dd5abc8618c650511f3f27109352d58003b788aa375846ed90dad68e
12	5	6627be1430b5254b4db1c7bf99bc9e8876459207a8e2c33e4689144094563fbb
12	6	719a4673334dbdde25067834827ab4032dfacbea3af227e26ceea4a8967ca159
12	7	eb4cf72972e3c72a5356f2015eff210d417b5b346d27f5b27db4120af611d8cb
12	8	549a9bf3aaade0340cfa1fb390f81e3295f7d40c51fe6632fb17ffed1d68ea26
12	9	e7018b1411a41bfe72d83737ba7c255dc4b2999c7803c685a499ec7e05f8a4f9
12	10	73be6f09b3751c325d8eab809e7adb888de6ca6c244c230280f23c09c69e68a6
12	11	d418c5ff16d91d0e6bfe6227e74cd8a77b5667d8a1b30261a2b841c201563073
12	12	4abe5477e2682aac7752691f1e76b1f640394ad6ab6da951402a23ac6ddf8601
12	13	06e053a78836f711dde3c9af85f4aee1c40a6fd352d2b2bc6b2af340def546cc
12	14	f2270d877546cc961f7b2ffac75f2bacc9ac54913c4aed1cbb18e7822bdca5b2
12	15	be2712eb40ff66a67b41bcd9b97416c2fcee8b66161ca6dfd1e31f8cc4076006
12	16	d50a0d06beff9ea587e3e687bf838cfc71c4d6b4153e37b405f4d2816c31effb
12	17	51fe8d7eb04b353c5f6310c1efd201739edde5ca1d8e0a2c3d897b8c4070ca44
12	18	9a60fe7bb419e818a721be3b87d5a8d838f5d2a059c5e273219ee719e4a33159
12	19	cb7523a67c11423dc2a88131ac661ca330ce6062f6b24b737b02bcea163f7d58
12	20	55b3fd0d5b36cdbd689e0278e23265871c0f84884fe99dd36fc71a8990b7117d
12	21	d7aa41297252dcc30a8606d4747dc2b0f9185d40718239374299a4e1dba9c562
12	22	dbdff601d7960a2c91cef88c397e0ec69ad460648dd3b72e96dbebbc0bfda485
12	23	c2cefd9214b4eb8f7e3ff3f032d6449d23f961a6d06e0064bbe3b849981a80d2
12	24	73ac8b9dedc6f68c91ac98e4fb734fbda883dacb0c4503b757b8ba18447c4353
12	25	fbd34f61af4fdea9099cbc7af49cea6915eb4f54a2dc21b692a8ef037078b6af
12	26	6cff89f9b8210811a844f520d7a847ac0638341afa2888892f0d09ca72d2eac0
12	27	5801cefb960b36286215dd2196e0302e9f9de1754ab0ec54044c266936a99d00
12	28	58e3b7b21c954a0d06917965d154646ec19f7f8821bcf1686986903c590cca9d
12	29	57a290fd145ecafc6cf334f4a47d730ed37305f3fce591c25e60d62d9035d23c
12	30	589ec709779b67498dfec65cadde2292fdedb61883f809ee12c37bb1f35e2f3a
12	31	2a690248d49a769abbac40d9e85a4aa150b57b486b4ab0a6cf4817a1e7a42b1e
12	32	bdd57762e6597a4602753d5724dcd09bd0854d4082c0ae8cea6f7bde465fad1d
12	33	9e4462ca7a8c968a3812f7ed5a4d6e5048b9e7aeffc7fa793d309e27693a1062
12	34	aa9e80debd497f6ad20b5ef1794c39d460857b18af62f2edb3897fbd1723a4a1
12	35	712e83e7ea6e0260b2ca7a3e89f34a61087df7513e3e59d5a3150357e585ff17
12	36	33cc5e5a75cce727fcc8d3dc9a02d9e53fc36e112354957b5eca415458a435ef
12	37	bc1f79bf78d1245c221cf72fe965228eae540a81ad847ce807afead2b11564a7
12	38	17d42e37b0b33ff6c2b346e181478a5ecec0e1a170d6252257a49b1aac23e5d0
12	39	944d7f1dfeb9c9d85dd2da06161e019d1e60d53393324c7343e735fc0f0cb21e
12	40	4365d8341f3fa8e874d4ceed2d0415c5fe5044f757f5792934d2b66c924ff72b
12	41	11b0a534f6cc2cd5ff170aea8cba98b3ce2d52b5c0e930581487163629a8b047
12	42	81e7b9c126a2de4dc47a53c1a2cc6a96d803ef07489a83e874d98b943808e3b7
12	43	d2fe321c9954ad09ec9c63cfda72f24b6ed4b235a413126b3732f0e2ce611ed2
12	44	a19c19c22e24e7823e4d6ef025eed1f21b6f035a89291fe5934548c712e58e24
12	45	ef2bcbbe275a6900eb76ab207184cb96aab1a3f534e5899a674af72804ffd467
12	46	9ec95a3ee3bed6377973952824f398b9e088d8086211866d52a1bd322ae2dca3
12	47	83a1dd2a7fb0d1743e1911def937d70f984e752a48c1bb664dd2fc77f9d2d15a
12	48	7c58de6ed9f5cfe31d258a7dab22d0db6491aa82f27331e78e0fe7d6f6955a91
12	49	d16f854f78450f7bca66ac67b91c0362b1ad818e3d513b49bd00b4f8b09c87e2
12	50	774dd4d283ede2f7b75a9f0a61e07999e00eea9ec755363558cdef7835484e8b
12	51	f3b695cc66ea0f53b107af6405166d3a452f0e48dae1b8d5d072cc737972c456
13	1	37e3a1915f953e58d2ce2ab57122262cbc95dacc410099e92b9ed169b8455c45
13	2	dd74fb8ddc44fbffffeb24795730e208e898f7c49324a9be73b8be82d1d1278f
13	3	d53b797a423fe5ed7a7b69e5da9b03bc7dab0a9d986a722edfc5ae6968c3de51
13	4	7a15e4487043efabece8e56911ec2879c3944dd58cfc3580a788539e077f8438
13	5	3df2c1d1260bf6c16ee0bdf9af61a4e689a7c12de96883ce5488d124e0a435f4
13	6	5ba2b7095879afce851a201a7a753bdfc8a9f36ae1d063a31b63b74a81369858
13	7	0f55140c7720d139e8005cb3f10e615835646cfb72c1a7adc292abb621606ae1
13	8	c767b3249687cc713f61244b298ef2443a13b567024301e7ea1e7b0c8d3bd4e7
13	9	2574bf73ce5ae3788a968c0231f3966cbec085f036fd633f54553e7a37e7fddc
13	10	0ec9d6e01354b11a29c9e05a6ac72e92340b0393e9b66414971d263d3c211770
13	11	5595252fffe4a4c81478190b91bb5173e03905ed59472fbeb834c2548ae26d9e
13	12	1bff4f081482db5ecf0b767f62e0b4cdec9f83074c1569fc2ceb2ed33364cd61
13	13	ef4fa673a29055e9239bd5b8bb6db2964527cc02d26251b7402a8f6dcaf2551b
13	14	9a5536118318355ca722746d9221af12e4b99d72f51224e13b5b621e6068c684
13	15	e95ee11a84de4e8b93ae080b5a8b42801ff6952f168e699aaaf2330e7db36ced
13	16	6a05e0e6383d94702f2ed820d42ff92c1a2ecb4efa54e3c8584af5952b3e139b
13	17	6a293e0edaed1577d39f70ab955fa6d5e57e36849eada8b20b9aa266d87d49fe
13	18	a5809a3229d5b147d98d2af4a0838cba8bce4b5240811ebf2ff7d48e0b24675e
13	19	96b93de64d7952f3a179b7ae33163cb709372ddcb91132127d35eee6dd129ab5
13	20	194a7422349c56ff3f4c6bb31402118f62f5558656dad337dea3dc7a2f774dbb
13	21	0089583609020d0fcc12bbfbe7811c361bfa761d40da455dff9f9e602980f715
13	22	515fbcca702628c1e239062ff65d90b447d0f7cc8f2d32495122c02da4357bd0
13	23	5d5bfa984621157d858fe0698da5bccbfa7afb89ab0d0225c4d34383288558fe
13	24	f27935462a41e0a7a9dafe88ad9c080afce012db786f4206a04365b66df68ae3
13	25	a6711f447f0ab550e771175109def03751e96bd4fd27269e1dd5b27224733018
13	26	0a3f57177bda56c1a7ab7553df892439b62c9a341c22161af032aae6cf842cec
13	27	8d4551f10662b10644bd7dbcc806308c60a96c6d975f17b317110789bcbeb5aa
13	28	34b37a9160db538e5a1b182b0e0c100fa00c581ba3e38f9796f853518c249511
13	29	f9bff26a5d8c5a329f1a5cf0fcfb5adeaec4f1aa8879b298c520c373834650db
13	30	605ad88b55d8194c51b7f0ed69010e90e90fb2dd55596fe3b40a2ffe7123b294
13	31	2b0a4974d5cec856747c34d22b28842b106891222da65ba4859a1d1f49739804
13	32	e97d30dd599fb48a16a27131dda175900f7609cbf7d48c8c81d37667de3d696b
13	33	bf8a579223a9228e7f7ec527c14afda2a802131b55ac2b230b6e920f20c9bd40
13	34	f1e673b0aebea590ac4bc2974aff71b2955294fd84647e8f5fd1e6800dea529d
13	35	d7f7f5e21101ec7f671806405a85388f5c6265fb95cca11e0c64de9eb434f487
13	36	85aec31ae66bd2ab28584efa881fcb725eb70641de7a665d9aec1c71fdbb1473
13	37	873d6f8ada46e7ecb67ca1e5877ab396a75b37798c131a027fc79510643b5209
13	38	10f51338113bdaf522a60686898844b4f7dd7c53e8cfe1d276152c43e98332f5
13	39	5bf89a7fc90b1e5dabbbc68206774a87eb80442fa6bb11fbe0f32736304042cc
13	40	ee08e71d22cb0f6c5548b819c5c0083b1640277ff28f51609dc1bc3b7d77f4ad
13	41	b4bd3e6ed07650e14cd9f9f0880690b083b2c5ceb03664733c8b94c4704f352e
13	42	2d5af467082a1fc50e42722c7e158042e957a4e263da93dd5afb57cf5e228e1c
13	43	226331731a813116fff968048f1ff291d4e80d66806db008d8474b1aba90a411
13	44	87414c40d8f411128068682cd3855504d1fbd76dd2bad7b12230195cbd41ed0a
13	45	864d18c4871f8b103d54ec0b9ea76dedf3c24f17cbba90e15af5fe65e0492277
13	46	b419a6156b593a3d8878ad31b89815df350d72dc7f5d4e78f7f66248a5ff425c
13	47	24abefdd8d5e3299e2726f91ccbf049174f549498bfe8b65c16ebdd340881321
13	48	dac9a9ec471d02eeeb08a8f268e3cff3c527be569469e3560fc9937431a88956
13	49	e20ae214dbce0c22c7196154ae031afbe4f491ea43d06583da787bfcb22aec6d
13	50	2daecd362fbc5dda6ae60ff30a6fca2420c038de6543c57f0c8f492d2cce3731
13	51	e52d489ced5fd3d6a1467d4670636bef24eebbc2de3b202be0f1d85502b0ee8f
13	52	ebf0158f70612c79617c611f79849f74eb737b6227444406cb08abe9e7b71d27
13	53	88e9430b3156f1e54ff37e0ff7714ae0233893688d810f1adfe493cb257f5bf5
13	54	4a72115fcf2a87626832a7e61f6ee56bee29d960d2034253a9ea875b20741008
13	55	2af5f336454d49b6e09d8513166e59a69b2d86367d2a809dd23935dbfb2203d3
13	56	0d5907a501bf5dd83b67b39ee11708290e10ae0ba006c043f2a3c9fb5dc6d274
13	57	839109041ae04a465eb0648d9dbb10af9d6b1294c7f69da94e4343081b1abc38
13	58	e52d489ced5fd3d6a1467d4670636bef24eebbc2de3b202be0f1d85502b0ee8f
13	59	5a533d811178e8172bf1c4b799d1cc02e9e78bba3c7a6d509b0d70bbfcc86617
13	60	e69f2d561bbc1c44075705b0834b003ae1a7eb434d09334be60861d9cbdc8a4b
13	61	392a6ed7c3de92054a930e7a3ec275bebe56f9bf63e5fbea9b1365284f1b06e0
13	62	74482f79261e860fd8cd5160a4272e9e06a44527b28767ab88d8344380e4cad2
13	63	5366871968b9591dcc298b220cec9a5d0f1c3f97f00579bbfacef9ed30d0fea4
13	64	e3ee20415ce9bcec9498d0790d8baf181dfe59db8acb5dbe8e5fa67991c6b098
13	65	4339ba51a3e8965e84e6e14b6b816c50e3da7dc37344165f07a18993d78fb0c0
13	66	fd78fb4aaa1bb75add4f7f72bb27ea34bdc37d9f7969b2c25cb1173f730b04ac
13	67	487165a8a77bea524c2b5c9125a360ece843b86b1b42414ddd63843062b3b841
13	68	3cd18ef7aa1dacb2d7b8ec352f3fda443dc48b01124c49030aa482778bff5968
13	69	4121905586d8d543dbb7ac7fd53a7fc1ae575a99a88a1406dc2d63b11d30da45
13	70	a57ce0b19ad04ea0172101b60facb6f5deba9afe8860e656658c4d22a9878ec2
13	71	f76f2b6f48360445346252e83df05fc3d55b92a21e43d295254fe90b70d7a7ec
13	72	d3fa060a143adf1d25caa7eaac2b3dde7de8e924be6fe74d0d58962fbcc33ff4
13	73	e728208808bc1f7de98a186889b19cd47d3655ef57fd0149c496f22778acb71a
13	74	92c189f2170b70c02983410d03b02e5772fda56fc88da0dbca5e8b91827ce4ac
13	75	aee4564046a93eb23ecdc6d2f2dce4aa5cd2620d00f983849105eb0286bd3cc7
13	76	0c3121f66883680b92d79a5c258c2088cd551b7c830c5a6a2ab3672aaf911144
13	77	01e09801ff5164877db30b053b852e0ae4f1df75d0084797bae6901152e8fafb
13	78	857fc3cf0120011235e45b2734072d50f2fdd7a1084e6bfa058d0c2a136bab95
13	79	ea231b9279a95ca5ea8f4aa9805be4f70cdacd8c0e2287fce8fd7326909dae62
13	80	a6adbffea2589373dc9f4e936968d7b0c2d9e48e256c2edc1f6206c12fb7953e
13	81	babfcede0bbc341868575196d8fd45300061574ae7499776e22663054dcb4366
13	82	2f82ae2d50d551f8264d0f99e8f58f6bff6c02feab8e3cdb4d9b82438bd4b844
13	83	9b30072da085b9465b1fc5a5ebcdfccd32f8bc9d5b1db9d344a3da9edefc4888
13	84	d9fc3b408f04079d582d8dd0990dbf60aefd4bd1fa3968a7bd305134b9745222
13	85	521164dc74edd4710867c77ebf961789c75c09e767be35a8a0ede6c52286fe6c
13	86	e6f591b13b26ce17f84f056ae89f9eb9e916f9fb7408cc526fc7b7fa8d916127
13	87	9a4c6aecd42ce70aee1c39f58ac4f584d05addec3b7412f459ea96c19bd04075
13	88	6d6b290fdc5e36fb6be9c65d08cf02dfeb431e730b97f5ae3b899d83213ed489
13	89	4050f3d55d8d6ff9e7174fd63ec04b4fad296ea8392447a6cdd465429f11af03
13	90	23d16a6981d2e7d350b83b667af6e34095a3a06d076b45a47d57607988bdc542
13	91	6918e67ab12fc7b733a5c9f1802aea0a2e575d559f061291c63faa261ff1ecc2
13	92	a6775c6bae8a3bea69cf8afbe9033b66b885156193df2edbe9b54af722b81c06
13	93	030d845a528309a14412d20a1249db73c7a960dac426ab82b8ca8f784d448356
13	94	b55b8fdf40fa5c8505a47850511417ff492dc70755d8dcf23015f55aaee10060
13	95	8293babbc4d5f8ee2cfb2463e5fc47ad904f26b607ee30c9520809166c2dfc02
13	96	308e4aee93d031ef690fc6f91129a4e1d804b8b56b844a7a408b938ca7b0feea
13	97	a20b9b40094d159a4a556de4e6e906959c0b659c6cef4680393ed0ed646321ba
13	98	958e3894d9d78e3afa1a7e3818b02d75ab78fb4dfcb7707b94aaf789a528a2e4
13	99	9a197a664d2be34805a7ea6905bf8dc5acf2e6546c6237bd4826334339d94c34
13	100	b46d735d11d77b640a706007a3d27ef19ecd80f53477e76a13e2ff60d7405003
13	101	c3770797b7a2669fd2e8d74f49ca304caf9373fb55eed8708bcaa85544a59a12
13	102	024357a5e128b1b0a827ecd57cb349e00b89c455a238c334168e57a94fa320cb
13	103	9013e73c70c3e72df5506d1ffcabc83214bc8acc156adc96aa5b28011f4c5c3d
13	104	e67eedc691a68c5f1e48e366e0d4822ef6be6c32a302207d90f47b0a6cce9e04
13	105	6a05e0e6383d94702f2ed820d42ff92c1a2ecb4efa54e3c8584af5952b3e139b
14	1	597ed7157ef4227be6864dbca60d80cb208a1e264b3b60c35e6bb681a361577c
14	2	37d86cd8c60231b4dd5521d46c06674c542e15ffdc8e5e45d134036402b43927
14	3	043089da8ee36454f15f83f32f2c82f0b5a3b06b182c24cbdaca122de50b5d33
14	4	9d554b18ff41e05010c2afab7c47a6233ff6bf667ee2bc606ea59549e068b027
14	5	7651dc5e2f41e353aae3c44a92853f67198d74ed838e699310b9e1f9e8e63cc1
14	6	71018608247f5dd0a33c4c2f2cfbe5fdaef8a6ac59de6ec95e88de5366f99a10
14	7	58c83d417bcab50ed4c5cb613b31f8b1ac7c3b51db88d3be1bf404ef696aaaf4
14	8	0ebe489248001b94d0195cc06c765f0c31830d1a7cba0618a2022115cd5b5880
14	9	a2501036d24eddadc09efa2bfee48c355421e19b0fff924c8ecc23515350a4e8
14	10	40a3bac75f100bf62b9645a2ded408da08c904cb8223c6d2df5d3eec8b5440ab
14	11	90cffc1e53a7d8ebb727d8b0177296322635b19c11779f61674e477d5c431086
14	12	29489c9e1696b598beb5d8310da47c0aafbceba787d26b2273103b5752477d53
14	13	27bbf9298e8f125135a4b605a4c97a5dc5b9b1b416fb3213e0da60d40136b616
14	14	612d84c114d56455004a01dbf9598fd374d91f8750b3f2eada13ad11287047ee
14	15	b43c54d59f6e3ce562418a503d9482c56603af56823feb7f609860d24b22d904
14	16	5c6e94eed24ab898c0c4008c01f7fccb21208ee3c6e2a098ef9b1018f3a81228
14	17	8ece07cf885cf82d5d996e2ac8d9da3c0d72b7165a7e1d901c62724ec502852f
14	18	f7874e417e2670fd9c30a383105812ac06da89c88a50f2247e43aae6998995d5
14	19	6ada2f3aeebe55ae891384d6a66401947488df9460852a13a6bc0ec4f5213ef8
14	20	e4f642f2c56010109ca5f0eb997d2c687d9e5abf22251a18c2ef8cae883ffd39
14	21	de709875ea3b82b4c83e93e27bd9e8952f1e4195120e7fb5c0bf6fe4642d232d
14	22	be51f6fa4cd99f9c68b1c97b3af9c6ef4192081357ba1ade8623d7b12c101e28
14	23	38de2020d1da72cc913f515b066c5c093af1df17a86e7aeb6f56e034b322efb9
14	24	5fccfe24b181d39d7c0fba963221ce8cd7e8eb7f83aadc0b55e1f4f2a3ff7ed3
14	25	09c90460099e2372bfbf86774c329a1be03fbbeab627bcf89bc7bd2b40cfb3a7
14	26	84af7ea304b6a8187ec8676d3338c75d5c2079b0d93a62078f397a30dbacdc27
14	27	0b9659cd341ebb78a50bfdbc7322b8dcdb836cd3eef974626868cc285658ff71
14	28	2c139d0807343c6ea64cb7feb9cb486ab56edf13217c459cd906a80fb86e1f0e
14	29	14bc1824e2607b49addceabe82c9a53658bb44a9b2cc1754d757a235511aef76
14	30	847188e089a5f3ff539aa14c735a444979b8591c0ebdbc5d7572a01643856dd9
14	31	049a1508c7fb5843797828b52cf2b875ef3e17dde4a63f976d24463a4d8d5b06
14	32	5d53d5276821c01d1b125687320dac13f2da6b07d140ae707e9b219720dbff50
14	33	bfe116658db61b895c78a76e32995faa70a388435808756799f4c04ee0085552
14	34	d432d32c72e4843e5f51cf7b066de842f4781f0736c6f9adb674976edb88b91d
14	35	2e3d38fc115587b635669d85bb6fd57060ba315624e4fdc0dbb9941240a813ff
14	36	9f5ec5212850b09671dadc60dc95c47344936418c645195833ec12103924981c
14	37	aadba8fe15fb2a19417809c0266557fdaf750d6131e475ecee1630ed3784f354
14	38	d0f53a68ec389afeb66d39855b884a9ad6525327c227f294dbb3d447a909431f
14	39	e4450f1e61c282925a3fbf7b4a92b10a9da83a43bb129cd7158b5bf8605566f6
14	40	79f7c7b8b6140f7378a2200f78774d6747cb9de2a22b91c7fdfe7c4566565468
14	41	3f5aa1ad979e613c78a80d7867e16d5ff473ae8b03d2f04510436fb355b7a1a7
14	42	205c423f93fcbbc05c218f57c215c4701e32e618479d011f0af016eeb045ecee
14	43	e282981cdbf0749dc9a6f7225a3e1e1ab80c0566b28b4c4bf5f459f472c5c08d
14	44	3ae46c96955c86fd8322817ee792ae323fd9d5caf04b43ac65a881a6bb0ddf6d
14	45	acd42ebf342d46a99fda72af885895f6760a505df4a567bdf57e47285b5bd2cb
14	46	f54a4f4a46745b1de731690395b69030f6690cf9339b96423e85cf974284aa32
14	47	0a0b6a6b1ab6b1aaa96f84dddd816b0db0c8076603d3da1939b3ace4b800bc3a
14	48	183578ac388772ae805dcbd6c4a6e283c673e39e46cc05dc3fffe4824fe90b30
14	49	bcbc9fdd785cdb1902ff1af8f58906a8f6fe0cef5a28c3c408bff973ab0a39d4
14	50	e4601feb9c3738832bc90b795a2ba8ae22b32ae7d7421fb80f647ddec0962e5e
14	51	3974562ce406c50a34301e791d435ce6ac56dc8346313ff7b7d05232490ab729
14	52	40721fcd564515620b15679c531f6613aac2943b77451ec7e8c1126f479e4b2e
14	53	a95b82d3cb27c48527b08336b6ece4c8a2506dddec9125ee4628f382415e21ea
14	54	ea0ea8c2ccde383a5fd427eb2b6eb2963da270228dbc08861f6131eb52c35a71
14	55	84ae18d26fca724f3bd6318c2dad6f0275425164bef1f5e0791e940d7699c243
14	56	e3f4759ec37ba4638e40353b7bc7cc9200359c0085108dc9cc62a7708e86981b
14	57	66e150349a72a917b4ac561720581b548f321decf63c3730d86a4e6fd70f2edc
14	58	b03f0924aaef467793b1d9822a2d6dfd69182bb9e36ec1c8bd71683aa129fe07
14	59	9e937b33c556f1fdf2f1865b921afec91f4f80369018a2c0a9f23bc53ee77d33
14	60	1650dc456e41430b5803885b7be3d27ccb069a8d97ee47eee6f5a0f00791ef24
14	61	2dc9c469d410ec1ccd072ff13f1e260614512b16ae02b51bc736d6556aad593b
14	62	f72f7eb2fec81b0b0c52275da0591e40ce3cca737d5e98d7b54eafc4c211a845
14	63	05b73e46c89eead9b1e2878b6aab16b0026b3e2447ddefbe7f3bb24f21fe0b36
14	64	8ea5f3ce40c18e83c073de1b174e27cf5e616eece748082ac5041a924ee28049
14	65	22e3027a59c6fcd340aced2d6c81c3beeec5bb056d4c9b4ec4f20cc99e39df30
14	66	007af0bc10c2d0c2d1effb57988c1c528e04f1804a914e113054ef3be32fc6ba
14	67	d44a44b268964956067c02fe196a70a6a3caf2fc21714996b69140903f4aa31b
14	68	b506de9caee36429a285904427ef2a00dc5c1018fce96881ec05b295ecbe2f75
14	69	933ba1c1e116d1fa73b16b7b45b57b79772bfdcf52df98ffb60464d386ff71cc
14	70	d8308caf224ae8f7dc77891d543cc1043aab69aab0dbc4d76185c83cf347fecb
14	71	5386cad2e6636853bcd9066e032cd2ec82370525cb7dc859e22431a71a79d1dd
14	72	ffb5e3b95d18c7a33aaa01e59c6c839ab88800b4b23a273180b90ad845f00f19
14	73	2e7a5771947e546875185d7a822ad18723b24076189c8b0b1720a63674ed37e3
14	74	c3b2b2d056abd956f82606fd5e1ed29692346f54d3b195123fa203d62f398885
14	75	1760b1329581ca0d0b83f02de98b336f2219bd3686cafe2d9eaa6281ae3f0024
14	76	99506c5039e72e25f04b38fe95a11616f0badda6867b31407d01d2d7d28b02bf
14	77	3cdac2d9ed918b050d9de4f1f577a3c574a32208fe4d40faffe97fdff40e8281
14	78	7670734d0e683e034d4b177aa72244593802402385c014d406be18c2f0014caa
14	79	de3a2f31623a0c9232352293aa96a36e403140c6e959a8876b846fa7c494f08c
14	80	bb5f06e2e5e24f13c54dddfb9889f38085cd0d365086054417cd63a8bfd5293a
14	81	db0e57d651e0ea773674c0affc57f144d5a7281ef0c91d729856393adcc17bbf
14	82	6f8778772e795c88290542d5e83b7bb0e2d3fe65c3278366eadba4fcdf0bf007
14	83	a25e4f9839f86099fb98781601a40d16f565cbf62750c2668c36b089a324c1d3
14	84	8761db3c30beaef8497c7fb698b7d2720eb6eeba3ebf43aa95e8fb49b0dea1a7
14	85	22bbbec92538c1d3d8950ba66ad22b9c77015018ceac93f175560b99bba3c3b2
14	86	cab29f73cdbb882a3d94255b7dbba341b5e4290fa7ed754ebe6d8663f4fdcd48
14	87	db173671f7710704ace9aa08cdf6a505413cb10142a34c80ae384ac2373b0deb
14	88	7dc2a114e18f68524f6d6d1141ef3f58b1c989ae0c2de8502b762ce22310c5aa
14	89	fd968fc8a7a8161f9ef7940bf295a669f32e91d934762c23d3568997c9f66505
14	90	043e6d93a6ca773a2d5be50c394717a097a30db2ccc5e0598970d61cd381f85a
14	91	bf987d198205764c55facfa1e46640ec48a7ab4ca59264fbbd2d51b70aff951b
14	92	3863b2e4880c1d8075410c8db26b7bfbe86b4e74a0832d8f33ab9a4ddf6c748d
14	93	5c48511a00eb5a58e9c58b0687f762515883f28f55068589c316cc3272b82880
14	94	6d9ea91d983a9fc9c510847c0a255137568ea1f5aab4783d08395fd78139190d
14	95	7368f1f1bde801bc0b0e72fab484c9c4c416ba4edceb3eccaae8f1bce7d405ee
14	96	d5f689cbb42f968c4df8f144125bea0ce5586dd9781faa0966d1d883b883e900
14	97	2e56f37b0d098285ed7e66356d8a937e7ba782c282725c9a8b7623e01ed124e3
14	98	daf1560248f47c1dfcfb46f75e8e80f39c62a32d6f3449444e0319b15399b26e
14	99	154fdb0155b95b4e0dac0e8ce2b8442e084ca62579916d45fc1dfd9aba934137
14	100	aa27c58dcadad899636551240ed1ec1da46d2e34120cd2284aa4e6de1e77e20b
14	101	0875e38a52510baae528493e3af410184e214f1205257e489b01adcd8fc3e710
14	102	48b0c978025fb908f676a62c5bafeb6b5f474801af179a1b87e92d502cb3bbbd
14	103	0e02c355acb1294dfa7d3c51eefe205f4f9daf0152bc2b6133cd51f910acdf3e
14	104	a98bae630e14a7a78bbad1a6053bc55d20ffd6d2654edbce70301124ecf227cb
14	105	24952f4391772f80cbc4ba814974fee180bffc1eb2124f94bdded17145d80114
14	106	f3607220c016e02df359c6575c523c0b7185a55dc866f2ce9411cbcbaf77dec2
14	107	82e256808de71bb6833b5e7924fe22668786698154915acf5d372d1df1ece02f
14	108	6532d4dcba6eed6892ce4e74b8d432f44cfdbeb3a60fd947b25f52b05aad7c4b
14	109	7309dbbcdbbbe1358b66037ae06baa14038f592f53205bd8555fd90ab0da258e
14	110	75663490774a8011075d38796144865d4a9460fa000ae843cc207e312b053bc8
14	111	65b3b4360ad780fcafd10a62eece015e9875dc436764ddf5c8be156181620940
14	112	7658f1b6d95bd15cd5c1d6a026716f93555b2ccb523f01c1e45d35c54d1f95b7
14	113	8a3421b6fe9a42cd9faf90372b024804f635b17e8166d49ca977c1018894b417
14	114	cf5065288ed911cf4a40c526e6b980b2f41971d6045eaeeaafb891061235f94e
14	115	98b26cbbe8d5f2f98d5ab7d973d0f7ab99e8263f308b410ea42f54f2628954e9
14	116	0d640ae639cee978db3cd5353ee640fae05bee0eab480e0e7c56d15aee011bc2
14	117	adb8bd220fa0113bd306bfb4159bf3afc245d9d307dfd166150ec19e8ac8b842
14	118	6dd85facddc047b8891cbd4906df077de76dfbc897c5f7b1ad2f07d540062f70
14	119	7dc2a114e18f68524f6d6d1141ef3f58b1c989ae0c2de8502b762ce22310c5aa
14	120	85a27ba2f5f199e2074d7e0c0d99a4374331b9bc3fa867a3a0f563e293df83f6
14	121	8048c5db20268b121556614b9b3d7ae80e7a640bc761188e6d748f716cec0cfa
14	122	85bf58a52618fc24389500963d4d7a28b33947dfe029753e1f97be14bfc2d148
14	123	d81ff2463233aab015eeb2d1d0505fb695e3a52276e74521a6268102d945726d
14	124	d671fb7e7de007d1ebe08e59eaba9a92771723d1a84413e2253c038a0c7b93ce
14	125	1b18b5f32761e0021d504ce077467148069918b1cf46b37804361577ec13318d
14	126	583310d39087de021a1cb90c320c79186f0e382dba723305b958d298dadab5a4
14	127	85198180b7db964c5a02a01e8bca0386e56a9a107f73b5abf6202cc1faaeb9d5
14	128	1134648c69060499239d249b80e9aba99cbd1256f688eaa0abd622b499cc5366
14	129	84d1976cfa1ea02be4fccc2f43b3841469f5ed741e97f2f1ab523b32bf4e9bef
14	130	ddb8693ac0fb8ca216acd08fa7b1009fa1fa8e87f7850fa09f524ccc0620ae66
14	131	b6df74114bc559637806c0183e9ba5ada24ddf61457231f782b720d2b481b704
14	132	22ec0b4e8d87373d935164f2392ae94ba219116419fc0801f42ff698e023f18c
14	133	835af0467e7d2d5698b8047d9e5861aae0b117e0dcf90e667ab70a9e43578c6c
14	134	d085395665a68d767f829e315abbb3c9eda5b3c70093e63c21a586f8a8eb7d97
14	135	86b590fa52836200758236610ace195b5db9805ba60ba68805cb1027fd7e6011
14	136	84768520f6f3128d574612e8ca4657cb76fab41fd9f7f6b38cba28ae88ed67ea
14	137	a52fbb405b523d7059be46613e3201b3e42686839d9a382b0cc1368198e5dee5
14	138	99d558d596b39547e143da142673b6e6224a4dbc2bc446df47c421e82faad942
14	139	13c604314d3409e747750dfa5652b1b38ae36857a8b2715e3a1f5dca2b371061
14	140	6e0911fe9950dcefb0bff79f6f40b1d4bb175a7881398b7dfa6811e358b7eb72
14	141	4415d2a3ff9cbf069b647fa6ff448cddfd8d0037a8519e5a70e08ac61c63ad57
14	142	00e5493d289bf30fb3f0f1f7ed9c5d80ad5a869130aceafda0c9d742c9b6c9c4
14	143	f8cb7c99156d3bbd3d17cc20b7bf1319b5a8e1ccf4c41d0979d9471fda67e861
14	144	3a08f5b804de59450e5bc7d8bc3c1d431f06bd88989e475c55752bb94b24ddc8
14	145	ad60b2c93c877474ee11dc2d1f82a21736f0a4664b36c044d5023addbfed08a2
14	146	140cf7b23767709511dd8bb2a4589c43bbfe8dbfbdb18d58839e982cd6f70277
14	147	b69805ca709ed28f9f52c3124f2682d8023de92d4bd5ac68f5b21d92d30bfcfa
14	148	182d013cc3eae5ee57e8bd4e87977784ff82f874c1abbd397cae4efa6e6d0a44
14	149	044a29e01f50234004f7140878e016e20ba3278bfe60b8e57e629f078d38afb2
14	150	23da34f5a3271f5ca88482b83c43dfe1f60dd8aec300f30dd6b2d0e71bf9e129
14	151	d77b008f3d1ad9b50dfe232ca89b4614f42bf41ae2ca02ca6e698fa7e440681e
14	152	d33668d21cf42dc4cb9bed85d3bfd659bb44cc4581f7f93d9d3eae1ccaca1d9c
14	153	64a661d6d6c387b4297af2dd4c0bf7302723578190c90df344668e8833dd1e4e
14	154	1583216fba1d623ae954e3a23bf0569a4360a23f5dd094c5b4823463f17536d9
14	155	1cae8ef35162937a22053838262177b89b3f8ea430456ff9792b391596f3c2b1
14	156	309f60a1efe5dc1d2d3d376295d0acebbc6855a1e48188e8f42a9b3278ab3932
14	157	e5554a88c1f7fa9ea0f225fa29b4bf22320fffe5576fbda23887b833c22c9228
14	158	a7691799776a047983c8c09d05c85d49bd7244f4fc7e8f4e427b62ecfcc95f82
14	159	55fbde567e7ddfd14054ee73a1b58878b87c61d53842129e3680430295a0d1c0
14	160	8d3d3854d69e257fc9b49f1db1cdbf8197eb366e7efcc3c9237caae7d61d44d1
14	161	5d048b4633f0e45b105623edd4e665983cb5bda3d896883e14c5b2e8802930a9
14	162	ab17c548832e97da1640374c4d6f8f6d1e76361fe1ed6685f24808bf09afe169
14	163	55f73c05ea8182848d778820596396fe15dc880cff53b8dc157b04bb0dd8fb96
14	164	3821a9078376702297f37be78acc789d4089ec2947436085783323c961d6a320
14	165	ee7bccf3d80958c9ef5b36c831492aa5d4d98c90242817d88691cfaf11807d23
14	166	ef0c9e0f34d65f15a7aad671b84695ed745967e437d3b96af5749a64d83991c7
14	167	26bd156d68af145843fdcfb4bf7b54f37a98ef4dd3e825bc98e4035cfe442d29
14	168	fbe99d38a2a3485e46f83871ed6937b96016c787526f7d734f933473fef0f0d8
14	169	d8b7cbd981eaa442e956a1d08c333c63685c7c1c693f8bf9b264bee445b74c9e
14	170	049c5b4b0c17751df012f5ffaba5ed5fa3eab0f9ae852c7517b074d1af83a116
14	171	80458600bd1e17edb2c3058e832887e3ad0bb9cb4a2e003b2f902013e4db421e
14	172	d65c894efdb5b44ff06f0cfbc72ea47b1e0b99b3181b840b96125aff74f62cd4
14	173	778fc1754426115d5b61b5fa14f2b0ebbf54dc5481e771673c3c4a73f2f61bd1
14	174	5486b33a3cc55340848024a185ab27f9077150f9645f63140da462cd9326c1fb
14	175	a19062de4718c0cee70a0b82b176dee3a41d00aeed392ec55a049ccd70edacc3
14	176	d839ed93e3e04e7b0b34f52ec3037c662b6f56c24ae0bac66ec1b88ab5710ec4
14	177	32dce5caa25aac3bcef3d5109651472f2835eb3e6d840c2b3793e31b8a4583f0
14	178	6a05e0e6383d94702f2ed820d42ff92c1a2ecb4efa54e3c8584af5952b3e139b
15	1	1f6ee6c9b256bbb57c89f287188dfef9b92522a96908439673a17aae25739b02
15	2	0cb1ce7099dcafdfa17cde9e5fc465ed717460dd167a5e2f3bc4f34bc9168887
15	3	6fea2b55e643a226e035ff93e2b0c8f4e6ef38238d0d3fa4688192dcde97d3f2
15	4	796483d18b910976d6ce216b7694de639082be839697083014348ab86f96b088
15	5	03e39f3a3db2e0be6583ff6561d13705e594663c9466b734449f730f385988c7
15	6	42b1ee43b3ae449803b5c8bb00705c30215667d5acc6ef3edea0c30130ca9d37
15	7	117503f650c19cfc42aa7eba931a5c2456bc62253c2fd941d110504a7e482ab1
15	8	d612838c9b149e26bd4526d76b913d0d3e17877e4d8a6ebc4366748215853ed4
15	9	98c980df7da67ada13f6948a7a4806d37e8e07f033a4ad9f94881b9ff30e5f35
15	10	60fdac5aeb8af5b5043a936da862ca904b034d8906cc6492dbc814d529b97407
15	11	ab644d0ae47ab558fd41c4f8001f39ac6f7b070f5c6235431309d3c7339b8a7d
15	12	fc8baa6c4750cd1e929fd2314840dbf12b8bf1a383508189d65808204ef5a849
15	13	391e97ce761c83acb873eeef2d3f5031158fa74eafb6008701f41151bf565d47
15	14	df8360f74459e728c3d3d133ba23c65f13845d6f11f82e9a87908ae3077a2008
15	15	69214895835920bb07d9567af2fa903696979bf66c531adbee42c2d640f0ff22
15	16	f619164d4ffef6349344bfd04d5a2a3f8aa7f3c151914a19850ac87864b6dec9
15	17	30e5eaa13b35efad7b89b3c6d7f6901a353cb477e9e6760830c10cb482a336ea
15	18	ef339a83f239718e9f5f89dabe86c06888090ab4122cecf69e823030d31081a5
15	19	39acbc21db52c7d2e25aaaf962dd469855ad92cc42631fe666a30856d700201f
15	20	bcdffffdd71b2a49c6b3aa5644861d4359e224880404bdb6aa7044e0241a5716
15	21	367fe8e9f6521f5c880ca3df397ddc911438a7f161907245d3d2b5a0aaa75ea2
15	22	8f452a524db7c76e921604f8e0dbd8b024c1ceaf82085d310ed00852b6ee6860
15	23	59392f517d799cb5df50eaf5826a4304e080fbf7e4e38ab09781f3a4724e7920
15	24	ac87fbad9ef451a8cbd9c806cfc19140dbd0bdaf97073a14908d2da5f32d3822
15	25	a06eef636ea252d8b39ccc7f936dc30196f4a64960618b48907a3983f5cb48f1
15	26	96c08f7f65b07a136689b4778f732b0d2d03db688482d6fdb24ca688e2ee7932
15	27	5345addd1a7ca8dadfba3bfb0635b2ff043f3f7f0851fc9706e67fde542dd3ba
15	28	331155d4f223a71593a5fd8c486d5eec5b8fc106b0c8754b17dfc124e879f5e6
15	29	2f3a409f6e7653337359cfbf7ceb96a0031e9dd39cea1b35af825234a1b2303d
15	30	fc13e0fe2ef506086a6e81ebe3027835c2af5b873ca164bca51f215f6b0d5e8b
15	31	6bf51a4357271b8f554990da27fda1f552addadc8c121942f88a5c9928f12b0d
15	32	e981c35a5e9955f28e61a3bdfd076c159d3f8fe36d98b90dc3802a59c769ac9b
15	33	0d598f8e7bae45162a6a8eb790e7b2dbb79cf7065869f6319f7355dcad0a2781
15	34	321b548d7f9904f9e98757145a39e2ffa1347bec860c50f3cb6be1f494ca881b
15	35	3d3af9711623c7bd5f22c409dd21568422511ee9fc0e1b5cf85dad42252a0063
15	36	8f1c6b59479c11cacdb47c0c30a413ebf55ab11c9cb9d040fcb565bbf6acd9b8
15	37	50b85fdabed6e287876695d08a6732475c5f55cfed8a380f3887d05a0c98eb14
15	38	aef3196779d99def35c1dc35c44031cc4b8211ffb3dfb06b9f2bc86b1ba46942
15	39	d87a9b1c7233c4fcce3fa2c4a0c5c91259dfcf8719adc14194296d0ca03e66e8
15	40	a58c2359fbc3efce78704a76c76920daef43271a99efec76d3d8557c3ce78021
15	41	b7f1a72b3927bff3e2b5299de8c4f6e898d240876d389efab2f0f5c808318f89
15	42	5a938e2d70c8ae1d508e5b5319785b2e875e5c7129307461581b121cc9134df3
15	43	f73df250812b84240db08e46e15dbe17811977f04b1307a86cc9ebfe54b01d6b
15	44	2f70a9e028e8a8a179fa65c1e768d86a3d57c65a6ad440a9bf8f1eeea413cdd3
15	45	3e408ffedbd30b867abbb9ac93476773e80f696c0d62fe9c70b5349b57835ad6
15	46	4dca06ffcd94b5300c4842c5e539ad66c9b9dc8d6300daa1a090861c129e108d
15	47	6a204df77f868e057eb11172cda74f9baae94e5d963ddde24101ab0d6814ef74
15	48	0d09ce599ec7b6488f91f5ebe382af31577c217d1a77b3d6b5ef873433d6df21
15	49	c183a5d1aefa556a5edb7ae0021d51c3e267ee0d25a0a5e470922ddb59fc4530
15	50	6a05e0e6383d94702f2ed820d42ff92c1a2ecb4efa54e3c8584af5952b3e139b
16	1	b43c54d59f6e3ce562418a503d9482c56603af56823feb7f609860d24b22d904
16	2	d04b10929bf45173b7ec3911d344c4dedfda9c130dc7e707f40c992c4d64e371
16	3	ffb5e3b95d18c7a33aaa01e59c6c839ab88800b4b23a273180b90ad845f00f19
16	4	8f5cb066cdf378451abb41b3443170c7c44f0358cbef352f79f3d6b34bdc437a
16	5	2d6242e5aedebb446ceee52c923304850c6692c8235818096d223e9a081ea044
16	6	20358bbc237663ea7acc8b86a6a275174519bcda1b54401341298dcffd16f8e2
16	7	21b22966dd498134496c607eebe2eed6356ea524d4d7e75dab61b17060836f31
16	8	a595b6cfa1122539d2bf179ecf52817363dd9b39af9d46044f5037316b0c0d63
16	9	3140b35ce58c417da30c68ddf804470f81050f6c74ae46ce6d89b481966972c2
16	10	1f8c66d71eedcb5e1a955051e1fdd890f63f6e70760ac1e77450eb044450c716
16	11	70d280e3f5ba0291e17eb0b5c99d8784052782145db2c54c65c786a324cd88e3
16	12	68e22594eed4dea82a06474497c216eaef2765a41724e88f2ca10f5138cbb759
16	13	0fb7d206ea16e30a3a2e5f056b4b7c8e15582437a116008e392ccd62ab49c981
16	14	65d024fb84bd3f8358bb550a0675a3a986fb0827c071fe8ad021c68b60dacf11
16	15	04eacdd083fd5517039d4e7fc20e2004605f320bfe778498b159c680491b8408
16	16	274045a37d9203ea9e74a4e0858ce9d315a4b3200d90e210488bbc26cebda8d9
16	17	191d3fa7636eeb5ad4546f86f4e4bb6706233a33cd2e9a4f784ea52e789b81ab
16	18	c3b2b2d056abd956f82606fd5e1ed29692346f54d3b195123fa203d62f398885
16	19	1201a3673b1589336d17e112ed607a171362a1300322b2658f1e2e5663cbec20
16	20	6e521218309d6eed791c5e08e780951a14c5000d989b44163f63fbb4765ef4f4
16	21	f83cbf1d0f02959fd4196bf6d447d48ecb04b9d6ed358eeba92e73b1d67ff90b
16	22	afba77cc9e5df22a16db24e8ed5031b66d397402f850adabcfdca08dae390c02
16	23	ec448eb6046f7ce710adf1955d8315a236646710fd3d1677c4e17de41996af1a
16	24	b1cb07727ba1fe2f24d862f120d39e5cdfde3c4e707bb283f5d662bcc4221361
16	25	952807c4c90ec0b0de3ea9e5dda132a89705f6e9b85e45e496b5a6027307534b
16	26	1a0ac920276bca62c535e0444f43cb3df4a2f5b70524b708a476b87c72d443a0
16	27	4f83d958b50f50762a2b78781b7af23a54b78534958a16ba2c35a54494fa3561
16	28	acdaf5eb8f906a744ab963016db1bcb3356ce9e4f44423c47a4c410d94d75f5a
16	29	8837b26db600bbd1cdfe1c1c307233edef2ff9b69cdbd6568281e8d07aced711
16	30	99453f9630993ed7b1c0cf19c68ed9ed63d231b55873d75345e83e759234b6ab
16	31	573dac214ce0ce46be1e40826ad9cb94df00e75e313d3befa52b00b5d7a7fc9a
16	32	e5ada45b1c588f78bdfadcb428d0dbd2957699e1a48be3b52cc684b28bf0da21
16	33	47f8ca5a8dc131e9b4050f51053c193a7fa132a2796faca3db3d4da086542be1
16	34	57a66b1f1f6f07b302219c3a2ed14a53f323e3771115ae6fbaafa5994a6f6e29
16	35	b52c4afe750e8942be88f7fa10980ec39015bd0a865041182f764b6f4c1f0fba
16	36	15a1b81798672af081b69af25b290177e3366aec38e4c1517d4cc379b6f8c4b2
16	37	3ba5d6cc0e21b23377b36f1c80f67eeff917beeb36ef5f56310f0939517efcdf
16	38	4c78f31f1be1c58e45d4bbd42fdd5f006a9e24467d23feab2007387e1f83d19e
16	39	bd6e4226c01cd3edec5d30ad5702780b21b7615471cf9687686514a79e6e1a5a
16	40	9c40a280772bcc98a6605130ab69e38fec9cf3a78596175884b5f38429beb734
16	41	a42f95d046b6b4969577ca1e37aeb1835fe7c3fff52919840517f8104a64ea71
16	42	e1c30a0f504a03c80d67d1a046d6c6439151b2fb4555ae3dd4239de6c57e8fdd
16	43	0e3a892e613e79fefdba7147726dc8089b1f5d1d6b2a4495ddab37095eae057c
16	44	fcc153aa65b5d7a8883a31f5141eed33fff9fd99404b57497d4762fbc5a05d6b
16	45	0a85c27f260e72c50416a9e384bfe94a4a0389c081384a9cb579256945fe5da8
16	46	eaafcbfd3cc332f6e1ee363b907915b24bbf932eaae37505fb711ec91f561f66
16	47	0b3b73c9f7a8bd09de80950dcce0d21a64fceec761ec5d1150cda43746039a16
16	48	a31c30701296f0d0bf078c0b8cde98ccb99b549d2302e96c16a4e28bfa4f3cbf
16	49	b4af115ba4748b6dffe80a4b208f995cc5df414da27360647ce97e1d6bb03602
16	50	eb85a85464af6673daf7c67919824eb98bc7a4ea71678edfb0078b70c35d3d5b
16	51	1eb5a2e55899c3e92376ea5b4d5192dac732d65728f29c35b2198be646ffe3fa
16	52	e8a310ab82aa16f1d6d41a7ec55afbe1a4602a1acd74abd3b6bf02c679a91583
16	53	8078fa87dc6f205d0da0f30630784a2b9ad0349e648ce5554cb69a59ce73988e
16	54	5e0e81fb0e0903f4c0790ff373b932c48328f34a2cc74ead06d8d7ce77ea888c
16	55	171f64abe3707afcf1d65dd75165d793e12d29d16f2f52e0c0b3adf5ecd27237
16	56	115a2b061592ecddd639b850d77f8a30f2a362d3f9db9aa45736d61e2b0603ac
16	57	c5bcddcfd4d541fd4f0f307d5666aa376c83019e0aa7671822e4ab5a32ed9275
16	58	faf6847cb06288dcc2791532fce8cf58320e017bea6bbc15b6ff3fa2c8765096
16	59	fdee6ea36ade15f559816d63656d227764d19a6bf2df4c483cc975e67d1acf32
16	60	55c69a8d324c6f87c9e0c12ba82bea687079f775f8cda80ab4bb32214c622c5e
16	61	c2d18cde83fb36b85beda9db0ac64d6d82879a993dc61151ed1a2af71098ce06
16	62	21e38a87a4f0e9dd3607cf42f3df475113c502c82eaddf817a1bbed6488c6414
16	63	02f352f06c65c57dd94bd691d46b189b8dab6fcc35757db7bce445789c17a039
16	64	693919507db2833e36fb53b709ad1c96b0dd0a59afacda6df27b8edfebbd576d
16	65	6241bc9d3eabea285832924645a6b131d304fbebca345c851a4cb75172392e70
16	66	893a63514535144837a8afe6b1bc3996d41fe18f08f4fdc20950b5412cc26393
16	67	92fe021ba3af601c9df2ad48daab841edb158a615c4bfdc61e830b157ac16c11
16	68	581836238a8b844aedc28bc695ce84ce329c8a828120ccb0bee80b8336fbbaa7
16	69	84c75bf7131ba2e9be26153b9073be154c1b911315e84b8cf4a1c0640b3650bb
16	70	6a05e0e6383d94702f2ed820d42ff92c1a2ecb4efa54e3c8584af5952b3e139b
17	1	e8c2fc0a5e81240b1544ebd27a197837d80de80c0f62386402c60a893219f881
17	2	2b9f32e086e9aafbb29a892e4df49fbdd0ccefa89a7c72ceaa8c73f7f13d87a6
17	3	f46d42b9aa4d62e17aa3da96c2e27441e10247fc1d03ee4eac46aa73522efe11
17	4	db3cd0513077fb2b3e81d43db4b79c1c2bfb023a53a71a8a48dc1219dcc631c7
17	5	99b0a2499f51b9a03cbdb59be3de943cf90bc351092d4cff98b51cf4d62c2fc7
17	6	9d9aa37494707f979e2c342dd0a11578fc4ebd1bfe8e54e89c97b24847db97c0
17	7	11bcff2e68245aa72ad82b4865c7c41148e61ea8fe2496f8421ad05d585a35f5
17	8	83a91ebea982717f144688b60b3573da329c3ec2a62c807272f960e0821d7718
17	9	b7e58d7a4722d756d86ef5e0cdc94cc96ff16ab44c5517c3b20137e324b8e4d2
17	10	dae0ff627a637fce43b11e7fed0f1961aff60cb890ce77c4e760d4638856745e
17	11	a0c86855fdfef89e3d640f05b0ba7ec96df0d4a83b9a28e4b46a01c981550e88
17	12	adfc61be7276a0c09492ea14d4470d2c6282d1fa5f1c2a470484cbb9b594a4a4
17	13	6a05e0e6383d94702f2ed820d42ff92c1a2ecb4efa54e3c8584af5952b3e139b
18	1	e723407e021b6b92098c48e383c9b0c2b9d6b39746804e8b1aaac3be8bb7f11b
18	2	220b28e6e391fed52ade78c32625d87c25e7dec88435861015636a4e9369701b
18	3	2275aa76df6a943177a9d7bf8abee2cbf25af446e3480b6bf5cc08b6d6b996b3
18	4	daabbaea65867407bccd7e7bff9ba7d65e62233aa6692897937a047261d6a6d8
18	5	67d2045945be5dad7481e21654dc354666120f42c84ff9e03db0a296f064666e
18	6	c3b2b2d056abd956f82606fd5e1ed29692346f54d3b195123fa203d62f398885
18	7	f725e3a754b55836ef5e76c4fadb34b008a5e0592c33fbce9c7ce64c9cbc6284
18	8	03bf6d40ab283a122493db95e150092320ba367ce3df41893e4236649cbfc2f0
18	9	6ae310a8d59ee785ceb754bb2b1e34e5ffbe5374463f555fa4cffa5303d36656
18	10	092dd3bf1698e923c01f8f0fbf192c7c52329530f47a26f7aa0408183876dfa9
18	11	d6525b8fc8dc46ed94c7847b7e4f6c8b9ea54fd423012428a4e49ada1febde09
18	12	55e36334563539c88b4f7d7284e24130a524d827f3bd73af72a46cf1837506c7
18	13	21c1603654f53415f46513b2adadd0eb72994e34476c2dcbfc3d02ba8bfc8075
18	14	8600211470b051663ecc5f362a3dc5bc0fe48e05394cdc511fef9cbf92c0ab17
18	15	cbf1107d8c28057c5e39c5246dc2fa11f351b3d5ba0fcd28145174184db47fa6
18	16	d376089a92859dd49cf4bcd120b3e681b8d574cc735de1ef230abca612798b85
18	17	894572f7ea07abd170ac808a8928d417a0945996ead5c7c6871eab1ab06c580a
18	18	9b7a5e0e33e1d3c8936dc299acd212d9e74b52c43111235abf9d33187cf810b0
18	19	245120d8d0a9066304edc76d23d08c31bf395495c5e2b82bc621482d3c528627
18	20	94507a35cf498772abaf42977b03e8a9e88014c0233a7f7174414885f5caab3f
18	21	87b22f36b9c72c788c3f4ee5ba9854cc1a90b192125b6b9ec435f9b7e9a89fd6
18	22	1b54282357bbf9e152637bd4cd62fd9806c0c49b63ff3853bef7dfb27dc9f0fb
18	23	3a8bba4dce4f172b3c0d62ee33f5ce5301fe11b6750beac9d05450701712b5e9
18	24	6d7b5e2f7f8fac9b9ebc81218ce93d9b445c4db67228e77557d71f14c164e0ca
18	25	5efd1783357f9edda1c2461216cf806d2e1b252837e315268c9b13cc7e1ee79c
18	26	5d67dc023ef8f406a21fbcf7fb20d6e6045a10ea10751daf716f3e27273e8e06
18	27	8ec7d82ae60f4654f15f63ec8f6dd4d6d9be9c7db9f5336861009ce08db69114
18	28	0e2fb6c6d9851aea93add1fe3ce51fc4f0a5fdb56502d742cbadeefda9c6aab6
18	29	bdb106a4f85db3d60c42a5c69c84a22faba3b7565e7c271d49fbd3dfe6b6b47f
18	30	dfc021fd275e4199a112d46b1de8ddd9511bed71495574ad1a1f0d645b2e6802
18	31	b6f2c45ffd546eb6b482be0bc4a48582270e7b1fde78b3f99c8cf7a4caad89c2
18	32	7c5a29c06bef8aa091f5b48b5092fc54430be7ec5c613868846b5624ef6408d6
18	33	7d1ffc3ad4b8e83bfbf65934301fda034b7b769f198dce9303d340f80bb4724e
18	34	ca8bf365d42ace73718b98ff18df9f89587434c9be9704c9fde222d2d348ab4b
18	35	f9008a80ffc468176ea025eb16c7b4601b010f9a5fc3ef529bf9ff3e4a229d42
18	36	c3062ada850c0a5279a92f4a4bb8decad74779e7ec224e40ed0afb5b46c3cf57
18	37	d9a45e3bf4dac2ad318e5caf58eb051822be22d7e2f3690466457581063d1395
18	38	6a05e0e6383d94702f2ed820d42ff92c1a2ecb4efa54e3c8584af5952b3e139b
18	39	55a294491aa904a0d6f9edf09717d6c9fb6fdcb2208678457c91b7a483bcfb47
18	40	515fbcca702628c1e239062ff65d90b447d0f7cc8f2d32495122c02da4357bd0
19	1	f5034dc9263f9c546fa4ada073357efc088d43163fea15f8c5e1ffcb2325fc91
19	2	29a5d5b0c79b3e1bd389cebd246d751f1df95fdf6210ffc01d9f49476b503ca8
19	3	d30d37ab2cb61ad64bb50d4d88b47c8243bdabf0ea66b49e8bf0cc35851cc2cc
19	4	ef5bb300013c08d723b2efb42f037bbcf632cb8c5e9adf93264b3ea4b89eccf7
19	5	0877433eee44062ecb349034abc2b752b8cbff242b818f814d907ef9ee621acf
19	6	af4eaf6c2a56e74d6ed470ed1fd8173f7235f98c9b837b93468512244a7c3b21
19	7	e525dcd7875f26e4406bea6b3f78f5fd015b057743ff3895feea2cb2b42e010a
19	8	e666fd7a59b10b9ceb5372941eee59f47c762a4fbc7c745290ad0a285653c7c7
19	9	4db54a02b9705b4ebe0ad6cb5d5195e4d0692e5766d12282b42847c818dce226
19	10	8a7ee2c445bf94b085d00db9968662358ac5f36f9bd79176beff0a63185b5c8a
19	11	1766206326761daf51019058fbd60ee02cac4afa4f9905d5b37e418b1069891c
19	12	b0ae4b3b70a68a92a2c541e14c82be5c1abd25cf826d61da7425c6bb3c7d3b48
19	13	19a5b37f464e02ee6a010460fc8640fd3e1e9cd8f437334e48a54938d403c151
19	14	e3e94d1037403784c83e0403812141eb5aac3be9b2c1988c2541a13242f585b4
19	15	67ff99d1b824f319cd9e7f3f2804b75efe692bd30a63e8c16f31026b83fdaddb
19	16	ebea4a0b660b9540d7a45399597ec673b84f295645809f3e0987cd5a262cfc47
19	17	30481b1c25e8db2b44b52e8d778b30c2f11835bf4190593f7f96ec189da30503
19	18	1f7d3344ba852d3e140b02f8449cbe26ff45817aaf943a2946e5c93d86e02e6b
19	19	54e4498d0270dd7fc3b9e095e7696de46ce60e0daeb31b4a4814de2ba90f0c73
19	20	1fb6f1bcde81500a90f586c4e204597ff0360ef975de3282489944c278184b34
19	21	6a05e0e6383d94702f2ed820d42ff92c1a2ecb4efa54e3c8584af5952b3e139b
20	1	f26383cea66c00ec03cd1936e1a311610ecb74436ce44aedf798fdeaba648c35
20	2	e21c2e227c053fd4783173237381e467e9fd460a60e85c54076f2d68fa5f2508
20	3	67d3e8f07741818d866968ea417f34eca7489cc1fd1cc6c74af92d5eea5f06a5
20	4	d384c476f3f3366c15b4da8d35b5af1d00da67207616b4e5de02319f66ffafb4
20	5	461dfe27b11475de12e42c43e81a1b22539a0a3885f15bb7ecb5052fc4569c4a
20	6	7ca476968646defc2c12a7042c90f4ee9bec6bdfd784411a37482484c9807894
20	7	a5745e3bea9bfe493742aeba3775ab1816905f628ae2a4a9cb0c75ab73316519
20	8	2689c5c81029dd46dbbd84da82ffe22142bf144b134118cd47581bbe293db1a1
20	9	f7b6a485c27093534468fd7de78a4ecf5a2fe66b2f07de110c98495d4e99abf4
20	10	89bf9ed887c9730ba85288239d1f444bec562fd73eebc52bd12d165e1511ed3a
20	11	e9593a18ec3a7147ee7d4faf30ee5c70a9b030ee4762789ab74468a9a04cda13
20	12	6de04a011898773f8e40087c8bf8e97071fcfbf5a8ad5e89769fc573ad57a365
20	13	9572910bb38cce39b47daee5e59ffff00c551067be98f2f6383bf3cd80da7be9
21	1	64caa3a4d7e0b4381f60d6fa4fb9e2489c322564db6ae5d9b74ed0b333fa6560
21	2	0f72d31edb6ff7d28986329a76fd6b7c7fdb4c91ea49a66b863ea3d8811063a0
21	3	9572910bb38cce39b47daee5e59ffff00c551067be98f2f6383bf3cd80da7be9
21	4	5a3fe31b92a4ef4f9c461cfa3504d51e7d24fbab86fe66973c9d3d43b2a02813
21	5	b580c2ad19cb3629b5a76b944bb6dc2128445c562ec86da9c0872ebed0463ce5
21	6	9572910bb38cce39b47daee5e59ffff00c551067be98f2f6383bf3cd80da7be9
21	7	712e83e7ea6e0260b2ca7a3e89f34a61087df7513e3e59d5a3150357e585ff17
21	8	ae4f9c48dd7cb26b4dc4bf7cea51a5df5ab582ba1cd2f9364759a25bb0ce0f56
21	9	1c9ae0a081d297dcfe6d00240608851ed400068edb9a3fbff5867c98bb000e53
21	10	0fdda891a16c726ee18876ec7f107e1973001fa5c0c193afc1fc185772ac4cd2
21	11	9572910bb38cce39b47daee5e59ffff00c551067be98f2f6383bf3cd80da7be9
21	12	7a9dfeef98184481ac78c6162ec68fd89a892f4ef35a0ca8a1b817b15fdc244c
21	13	08fdb665c7bf60afcba98936a59e0988eb3567f84d56597d1bad8a6395aed5ec
21	14	c74a580c149932ae89fdf504cc5f4712c19d7e8c29e60019f90938a3bb7fb9f3
21	15	7508ef2c58952d3dce4a8ced20d0edceeb0dd5ec860232e4f1fec04315417b8e
21	16	e0ea329b6a9c3c7b8bd48266f00a7a8f2f1f43b84f9c6b31f0d757e89667ffd5
21	17	caa9247c386f6a5e463b032c0d70d6be2051d6eec17af4b0739c5404dd604f66
21	18	7e08b065e40f19cb3a6de23e57a88a30080e0bd547f1042ac3d5ec11b526e2a3
21	19	1a9885a1554468811fd1ff76c9537a08e0abf0254ba6753ae90f37ec5c75296d
21	20	62f9054353d0a5e8d9591af6919f4d49ebbc4318be16a5caaff675a2a28cec8e
21	21	ac0d457ea5de4fea254f66c110cebb0caba890df810d61c58a016bf5421c90d0
21	22	479e85c46a1dfacfe29504533d044570236a714d01de29d7681861f4064ca86b
21	23	ed3e6d2124bfe91b6cb4ee6925c463dd9efa6492bbc589e87ddc1e919c6f4fa1
21	24	b36f08671dee1174bcfb8b9108d17f82a5d940587cbed2ddebdc2188d7590245
21	25	1bf4ac4192501ac01e589b98e45112a2d74e37593cd57346839048ca900cb84e
21	26	1975ab283775b364ef856d6df97286aed9b090def575bcb3fcef47befa6e3e79
21	27	7f28733033920872a42f8df8e346f8f5e9528873d87248edbf50669522115bbf
21	28	edcf2a07566593c2d969abcfd11618d83bb83cb18efa770b1b12ac61f6616586
21	29	e4f1b5893f812b6ef0a35d59ed2317c6df6f1f47ecc49f913548d6ecceead537
21	30	bdd9b809d66f4cacdd53798fd756e23e22849e46995b02c7725a7e0c56ac1a75
21	31	1416a7d696854e8f4513d868db10923cf5cefbe6623a391a398a4e768fb7a9a2
21	32	3fb5bfdc91a5d2b3b240c4a2b961e76bfcda72338072d8b8389812ab63d9bc64
21	33	9572910bb38cce39b47daee5e59ffff00c551067be98f2f6383bf3cd80da7be9
21	34	ff37482a8b217b3b21652e5be9285ec00a790afc689843260bbf827ee9d9ff01
21	35	3b02e23e0bc331af3b297866b06ebb4c33a894e204f4f04ba3504e94436c67a4
21	36	11c7af25c539946b7fb75dd99ec338d2e172da2905c5773a9a83fcc684c31360
21	37	ada445407fe1d6f1a2d7b9cb6a72e8b2223ebd8d7a84fd159608bd9c86949bce
21	38	67e53ec5a1ee6ae04b0a16ffcade52b4bcbc7cd26b85a634105ea5ef607c874f
21	39	27d8dbdc4def386fb814455cb17c0373a94bf64b54ff4aa39885ec456bd09a70
21	40	0e60ff28a54594a08b76a536ef2749d8662159b35756ea558faf0da1ba69cdfc
21	41	8785ea0bbc6f92ac1b78faebe2487894dc80a1f0ef19c9c5bcbdc71e5c3709d5
21	42	efa8bdadac681fc0bef7fa7d7752363bcf4c95e1a58b4a79bfa803154f55f36c
21	43	868d786c441db9783ce0b37a5dd7d271959aafa129b586df6927f14763749c96
21	44	4891eff1f1c4920c10caebfee38dd2e1639d7a815613bee847d4d6f4864f2f82
21	45	a3e64440df62c7ad5d581b8d3ccff5ba5dc486506d9bf14376cb361ed23d115c
21	46	fb2c4c13855f85b25be5c9c6e413a972687973c54f6a088ae21619586361a583
21	47	0f206cef938730a500c482019c11068a889fce8eecc79346bc7098567dfd0e52
21	48	33ea59b7b91875370e9f72eaaf409d0f8a4f277f15c793cb91fca0dba8f04fe3
21	49	685b69b0553e13afec05ea3a9853e79697296d021657e7c9fc66907513767e6a
21	50	bb5f06e2e5e24f13c54dddfb9889f38085cd0d365086054417cd63a8bfd5293a
21	51	d06776b7599843a3d555e28c6470371ed251aed128cded5d48d515ce0a497fe7
21	52	ff785c1f279fae093352c11bcf8eeac3095ea4fd0785c3071c4a1948c9858bca
21	53	951fbe1cf88896f13c4eecf093661bae1137711c938228374cb121215190046a
21	54	4e2c090876325d52b89bb76bd64d24128041465d833dd37033d666c365063f9f
21	55	b1605489ddc4f86c356eaf0b55666d7cd5538b766c19c07f51b13171b202fdec
21	56	f99567ea73d73d6043327a16301db3b1c54b31fd0c6c4de413531e3bd9fa0018
21	57	8c5425aabf7b5160843a316c140a4effbf87325851be3e66303c8ebbcf5aa8d2
21	58	2dd38c3bdbcd0003a83c7dd6e41432e5dce8b05781c0e29ac6f591039051b9bd
21	59	e44985ea1f32f64157d89b45f3a0f745937eac0c30760987dae1d68828a433cd
21	60	caa2ae81ef769905bda5ccfdf477fa77b89a3dbfafc0a7233cc33942623bd413
21	61	546243027f9d9b7ac5133394c8cae3aa8d45c8d76193210bb3bf6619af250124
21	62	4ef0b4dee6b88db5b148b9cc5112db87719b40401f55a52066fce9a310f5ddda
21	63	63e1ccc439fccf8a2b7d4e6d587f23b9417b10f0415506c8c0ae54f8979667c0
21	64	84b3f39aaa6cf53e9ec7c6c22aec2cff41cc8c188d13908afd9ef292e45d66da
21	65	fc041b46bf8ab399f1a14605c3c2d28da4ce8539d5e8b29dab4d75acd23c5bae
21	66	fbc5259c3ddfacef5e95ca48da793adf17c63b5924ca2bc233f0d2f877562b72
21	67	f5ed3fa5234f18997e94ddb07e77405401e44a855c429e928d4cf8ecbdb83da8
21	68	b746941ce1ae3777b92efb342de58e2a5a53fc27d98aa7a1e36c50e4cb7fb511
21	69	0b911b113ff7e5d1dc3e663752ead2624e66ff5060577e18462e2ab8e032a1cd
21	70	271b2c744c5535b7836368657c6c0cfe5ebf83846458cceef6ff104a71a81824
21	71	75d6520bd7621aabef8b656922be6e23dfc665a1a410a6675ac3a2c0735f50c5
21	72	ea4f4df97aa3baff24e490d08a245871e5bd2ded137265236645f453ad75a588
21	73	2af6a6e80bfc23d8748d436cccbf2501e398b826cb1cc45ed601edc13b3f8b28
21	74	996018f8f6cae2a31ae4832c99f1608164d59aa937637babfa0d03296d7a9fc9
21	75	5b299e0dd15ebbe875d2d76a9137cd248cb8f9df9bb13ca42824da2f8ed4488e
21	76	59e69a7587e0ab81d172a6853986d9ca5faeeeb329d40a5edb71f70211233b6d
21	77	38737667f494776664aa61858eea5c53a837e6f36c34af5d1a03c36e444186e9
21	78	ead5c2f06c040e9725abe85e4f8c5ed59d53f89268b6ebe0bc72736fc5e61743
21	79	5cb4fe7886f9d5597ef00b75e09ecd85727d9ba5d9b17b9c9b197284e6d8d1f1
21	80	cb5a5d8c6004fee9a25bd082adad81f84a116b09286bf405be846154048f5dd3
21	81	170456e9ee96f17743080f99eb7cdb8fa982fd1a056a6e4dd285841c70f70b44
21	82	3a3edfe42e3f7921952aacaa6c67368dc3ba276b432b9b357fdca436e1c7a154
21	83	035b12fa368c9060002377a1b48fffbe2d9ebd498b12a86ee04f65615caa7ed6
21	84	b92038489a3c3084d78442c0ad86046731f1067f0f47898a8746a61d543a3531
21	85	a5a5c434bb642cef97f73e50f396253b9f7f4d4d562215102070d6433870bb0c
21	86	e7536202fe9dd2557f32de60ca039357365344d064718661c2b4ae3c5d0565ba
21	87	79ff25d8d5ebf62fbfe6ac433aea97f8198d4b500ba83d556f1b3864842200e4
21	88	e8bce7907f380e4487973b773db3dc3b43c77238a360f6aa3b88b34668931efe
21	89	267f1bc1e8c5d44f8f3e7864fefc963b77193636968ce8029b47f92fa277e7a6
21	90	a823fd6dcdb1d02144d6254cdbca64c46ad77e3debfc47297750e8f449f6b7b3
21	91	63e7bd3bac575096f888bdac486e722c52f78d58dd12469cdf9aefa7e82493de
21	92	f7f81b453905474c80e39b242e6e4c058e9bf7e6deb2a2cbd13c714a0e8f569d
21	93	dc3ff0c03c728092e1c800023caec7e215aa3ae55363684c50bf3f5a45db7b8a
21	94	e1368832616d4a0cccc71963065b6cc2c7781278af1c3e165b9e04fe961baeaf
21	95	044e108add9d224c4176984bb368991518cd19b4e9a57c3ee90d4655dbe304c6
21	96	7ca5fa477d6af8de566daf3c53f182c39c8e24b8be250be96aaee1805fd88534
21	97	d1561b87c5eee0c723482f761894afc4eaaa3249707c091e7a1d35efe99f1717
21	98	866864289d06e9fb9479e997d59e0d46d4e4cb1e6448c0045568351156f20e4c
21	99	eb090b673dd6996c58dd1701c3a2486707bb0db4cc358e8836d6418496e9900f
21	100	e88d82b6b19fb7a818a2a7fe9a358387e1e04613f7a06ebb8082a8bc2f001542
21	101	12129c005612a0e1874ae67ee50080d701e345447bb5e1983947f1979bb2c02c
21	102	6a05e0e6383d94702f2ed820d42ff92c1a2ecb4efa54e3c8584af5952b3e139b
22	1	04c040a4f1fec8a03cfb08bba6ac89a638275b2482fe3217872f5da847822429
22	2	519445beddc63baae212d837cf64feba14b35c0fb5ab4f781bc19f6e2a4a8dfb
22	3	7d66924bc27388f0d5ff9a34308f3b20f4ab7ef6b49b99060c78cfdfeacf24ed
22	4	05c3441f5d9a6f10b7ceb144872855e6a145a77980401431fd90f52b9a6d8e46
22	5	a5e2f7fdf4ddc6912a78f5d498f8ef7714bef253d75b7fbb3b131acae7c414f3
22	6	161b0ce33df1ab7937fad4b87b62ffb466e241e1ed45a4de81ee3b196371facd
22	7	4925341235c9d91e8a9cee62ad60f5936b63b84c4e0801b49a6eb99beceb2389
22	8	0b5489bc3619dba6bcc95b839911f93b1aa456ec9498b259b14855af82a0d58b
22	9	ea19c2f4c99bae3c1f0704934199af7990b09b74eb54f7dc999e0ef5d6905c66
22	10	97a34486822c5741138d95c62cdb8922d235a471c1037b31c7fdebfe0b325b2c
22	11	9209e007b760d340490fa1a1c61f01c530892f81a73c32c16ccf744a836d41b7
22	12	e3f238f1384db11079be94b033fdac476643fd4b85fa2e5646cb063a67dd34bf
22	13	7c14e6e1a944f645a0a3a0943f7b53b5b8304ad03f4b0e03618810126a1bd112
22	14	25f84b8ff1f5a7c0b59b262743f9b91958d786a4a7ce6141b9b03e0ab5107c08
22	15	02ce7ad1ceb085b245e531f6fd40695b9c9f574681dae564eb834bfe881c4c19
22	16	4ac3d5bb9c4e65f9e141c93bfb54a7f168127595a359a617f51d5fb01f7ca94a
22	17	5f0aa1ce55fcb6dd9f80db0b431e11ea781903bd3775d9715310bcc96bd2827c
22	18	12457e2082ca3e1a6db51b17fc2fccc7a00b5c55ad09d3dbf941d17ff836bb44
22	19	7fc6eccf443a24aa1f9e267225f731ea15a34b6d897ee90e243116adfbc6c792
22	20	74623f7f486099e29f4c6cc7f8a7bcd8a86bfe9d0ffab3ad813bbfbbdf251a0e
22	21	b49fc8dfbcff3f5a2ef308ff6b885e290e97005bdedfc26f1f6f430ca8c0276a
22	22	365d89da251eb77fb3d3c7886f23510aada3836e7dc4c68f0cb5898cf1294ef9
22	23	9199bcfab75cf19d4b190314566f4a0fc305c35e07b31a4677044f01160f7513
22	24	7469281f51fe561c9fc21e20d04910625609bff0d39d8b5a581e34db05f4cd14
22	25	599833719be0830796a4b22716bf6a6e6bc5133d9cd0fba07047542bd832a735
22	26	7ef65913bd90f794eada9df73e869c34514c25b0b20e303b77552441ab896edb
22	27	bd5f19449dc5cadd5c0d100ce99f73460d5246b9ef05c68f6071670193dfd5f7
22	28	ffb5e3b95d18c7a33aaa01e59c6c839ab88800b4b23a273180b90ad845f00f19
22	29	45faddf3c0acfc062941e79f38544b9b80eb56a1bce7d7606a040f89e23acc0e
22	30	a4f5afaa28b591c32fc6f78ba2e6d6a5eaa7e5131111a4a895b4f33371d03093
22	31	2b2e649fd5574aaf94f684c2be78772115809057782641c106fd9bdc7ecf0891
22	32	c58820a8cb5406bbdf14506a0e8c5d4a6842dfafcb15f0ee77beedb4903754eb
22	33	e33585811db912ed094a9ec8ba8c202c4b33b83b72720db14d6917f999e8c32c
22	34	253b5d35867450521848f00ebea7e2c1b95ef9cd7a40e3341d8b62df22ae1790
22	35	26ccfd2b4376f1b3b3fdbde9321b642a2e6e6ae2b2ff2199ead079dbf95d5b9b
22	36	90e8a4058ac8ded2e4a419ca2fb755b4b36b703e5b732192f140f95a67ca3a7b
22	37	f61f731be720d91c47e796d9cccc700fe6fd9ab660e28661a530942e5a886a6d
22	38	019a4c0583d94acb83672d9490ffde1873e13e8b7204ca190732a6939c1f4cce
22	39	0d0f5d2454b1a5dfef19673ceaf2e5a37b07f0b8e7b2284aaaa2c44bc5c5f5d8
22	40	12be309c966eeb17b1f330ad954b9c6a502da5b7a6a07f482b389bbaf97516ba
22	41	1f59c4cb3adb983ee18ccb55d1ddc3cf306a115d60f8e78858547361e7165a6c
22	42	1cdb183a0f7883d383a200ed5febdf173cd475ba5462295665956f0e1e4eb770
22	43	d2db12143216c854829769b9e8c61081ef8cb7f17c12c5077d70e0217a2996bd
22	44	65a55f4b03cf3967ce8a3e6cbb3f8c2dd69512bc14d91d0ed5f1a09d4decbbf1
22	45	91a99d3e4ac1c79f21af06a7fff6e2375b300befcbcb322e9deb8b5c677625d1
22	46	a31cd278abe267e0cdfd6c9ee2d1b61ca47e40ed4bce173ea8f8251b972e0b66
22	47	4d7438a0e83dae2e0ac3a7906c9dc0a4a7229e85d3ed29c85bc9cd666465409f
22	48	e981c35a5e9955f28e61a3bdfd076c159d3f8fe36d98b90dc3802a59c769ac9b
22	49	91b64be55f0f53eebbb221fbb0370a90eadcb50548aa9b158810368d3370f8f1
22	50	5446f8f34d7e1afcb883cb34bb2b1a8dcba2cce3fb3c7d87d8c846925dec5d31
22	51	8c3ad90e11ddbc23da9d5797326595cfa6d3a8e29263a3ef962253b3bdbf71aa
22	52	17a7f8d01a44dc9d8f2b0046463ffa78cfc0c1837f1e28334c5960053b374e28
22	53	29d320758150248dcf919298e65129ae2490e52bc234bddc4444211d0d1d1e16
22	54	2d8bf76596bba4ddfc97d785a412578a73a91f67608124ecc10d35f368c02c29
22	55	abfbe024a5604766ea750ed6b09c9a68633133a2aced96bcf31dd3816dd7820d
22	56	086bc060881f8bfd2ff717bfa9a1f96f1eac6a9f4fb131897dc0b17a2ad4e294
22	57	dfb2aee37e71008b75d20bd010f591bb66935469070315e3fd80418279f65935
22	58	a9b6129bfdf0da5db46598b80c8d06c2e752e42cf8c0cade005fdb0ab2ca846c
22	59	9931baaed2df20d96c644fb82614b96fed2346ded00d22275c0297d98597fc75
22	60	59454a9912cb1a6b04d009634c63a0bfb5895fa7d30c2c9ded9ea7aa5f092db6
22	61	8d4e1473cd03793b10cde177ba697075a6fae508deb6f37173079e2b0bdd56f4
22	62	e5cc6669e8b2636b1f9878b1b1d11f001da02abc521ea9997146152298ec4951
22	63	d648ddc0804b6cbd786697602e8fa5e17dd52f5b12f581355f87bfd86cb0bb2f
22	64	5188a243337f7db91771984fbe24730d238af406a1e6ecc0595395b9b5e7a8b8
22	65	801f9545176b3472d662e31578c5f8bb1c0706f2bfd99821d7f5e76f71e2fd5e
22	66	074119b5f38762e209630bce665c4513c9007df1772e2df089ff0e2ef68617cf
22	67	408c323b71056ee53279f083a05b314db6e62dba6ea08f2503f449e0ad13744d
22	68	23e8f1f707bdeaa919cdf7a739186574fa0bad6a454024338c7aa83f608bee0c
22	69	72d1c469c2a167ff72ae45a00ba23f1d9395a9899079c24f4302c6858ab5b6d4
22	70	5109fcf3733fd81022152541adcece723bbf2afadc077982ff657a64b58aad49
22	71	cf1d6c3c131de6e3a19a61df51b892424cf9148f25de5ddbc7fc47dfccf695fe
22	72	746a48635202299cda84975650445285d2d1d463b3f3af80178c7490c9350a65
22	73	e19dc2923907cf5328068b2bfaebf8fa9b923e9ba868881af9193b06c658a39c
22	74	13115ed7cc25ffd1bd52a33cfb8023f8a2c9680e6053828f428aa198bc0ba557
22	75	7199bb25d80a9946a563b8e9853e1f0c50de35e872ac07e5a97d6395fada330a
22	76	9cc76504ffeadefe3651b4a82ef140f5b849175dbff46aeee45b05fc3cfdceb4
22	77	7e34fa89522145c3020cba59c56de566ab4574562a5d48b29b724ebb4620204b
22	78	4e885044f3212a3695a791f801f9633bab654c2bd9f31e9405dd9e2bf716f6dc
22	79	cc79c04b32d506bf72ffb4098a70e55523d8ceb1cf070175c6ee82d049602701
22	80	b3fd75fea6cdc1d8465f95c55eb8da9c0f08ba9258362ed0e8e950373660e118
22	81	b49fc8dfbcff3f5a2ef308ff6b885e290e97005bdedfc26f1f6f430ca8c0276a
22	82	c2a210d8c23233a0c17b990035a73cff499765466d707086f043f98bcf41bdc1
22	83	e14514fa365c5790575c1e835a411ca02135ddca0067059663c740e1b2ae3c9a
22	84	5f971713e472df6d2afef5d69808c006a1f6b2f0c119b1e6da363e3f783ffcf2
22	85	4171e1454642a70c0f0d2687be832bb9a3339ad6dc8f94b5b3f1279f57230d09
22	86	6a05e0e6383d94702f2ed820d42ff92c1a2ecb4efa54e3c8584af5952b3e139b
23	1	c698a6eede8a02dbde0c922f1dd58a2fbc0760f3cbffa32bf143beb380f34156
23	2	f2733ee78d0f327a8d440ae944e18660e6043ebeb8b4cf8998465387d7f64057
23	3	0a81c86f771f7a954efa61db138f1f81fe77497032a0e85a829212a94f5def72
23	4	5b179be34760ac26152bab19df882c0e496be88064f854a710d7848eb78f7c46
23	5	23b59c1ad60919baae212b84e26eb970fad3e18b65aaf24c61e98fd7f7982084
23	6	18d46e9dc017088d0f4b53a7d04d9fc02b4e131a0a1a683609360d8179979942
23	7	f3dbd008f1b6725c0ee0ba2e5da07a7f79d0e6fc1247dcab5698b86a88a0feb0
23	8	1985391f08784f2105d8a807641ab0ae8131fa869c9ac7b2f1d60a7bdbec3023
23	9	6a05e0e6383d94702f2ed820d42ff92c1a2ecb4efa54e3c8584af5952b3e139b
24	1	0b060bed865db443b44a580c87e6f3ed15277480f064fabcdd87c5936aa0e2a4
24	2	8bd1433f47ade8a3a22829168d260a0fb690e0a219e62f37c2052ac0f0c08f9c
24	3	6debd3c09fb24808db8f592047b8b289499562e40dc942590c0f71e09212dec5
24	4	f193807a3640aee603019c9990e3e4286db3c871cb3c3b98f2b8852d4ca0b01f
24	5	cc4cbec5176a06213e21b503dd0c1ec44db945a673e65fda32a191b73cd6b7bd
24	6	9731244c5976dc8e3bbbf3aa2d3c1b38206c07d4f6f95926edaacd5d8a81f4e2
24	7	8450e9afe719d4927752e2c838a422ae898c2da75956ef7ef4ca36dc981f911a
24	8	1dc0c46c807dd0c1eb7d7a5638c613f34239edb260a1e122bb51661a4476f306
24	9	e63db89fe96df08e4fecbddc667bd799c5210cf3ef7e8eb088192914178d6dc0
24	10	ebb4665a89bcc6a4c85e3d352bb9cc71d9dfca07d61483017a49d33c95995e37
24	11	85bdbf1ff5ecd05050dc4ba5390bf18a90689bd96f0783750db59a8e05e7adb3
24	12	c4c558378828e981b42e2b8a1b40453054fa1d1235c475af3831b7b01e47d35d
24	13	4942588522214fd31adaeefb3c4ed4794d58e23ad766878dd3ec5c45f0c6771b
24	14	5b4219d512f400750bb498ff756d190a15b052496661e4e7286711dec2f56e59
24	15	bc8d29d8378a3b11fc1d173e30a651c899890bee4349b3a06c5a02264834a6ff
24	16	8f1248fd027fdf89c230d5c351f746834940ab2f072eb76540d639123168cea1
24	17	3917af3de835fe8f8dd1eca227a1ee1d85f8e5976cd59eb0bc6766ba69530871
24	18	1eb146ca5190f0aab9627cc186350e8d11a6636ba9b00dd9dd9d670f0396bc77
24	19	28cf0e856f6ef2260445f9b52b9667887e6ac32e5b2e3a6d45234100ee3df33d
24	20	3d6b838db63de8ad5987c0d5ed598253aaa531eb367af88653550240873c3c54
24	21	9572910bb38cce39b47daee5e59ffff00c551067be98f2f6383bf3cd80da7be9
24	22	25e2afb88298110532fdfa3194d0631cf4caca27ca486ae219f222c06e9e4e30
24	23	1b79901aae87b2ff62e93bf20b7899df665b13fab48f9d871e5394c315eac421
24	24	241b325e6b646deae2e317671ddba8f907e4c4af80f7bab02929315092382623
24	25	6a05e0e6383d94702f2ed820d42ff92c1a2ecb4efa54e3c8584af5952b3e139b
25	1	58b39012092124a6f7a04bfcf27664bab480dd98e273f4e4b0247137951652ec
25	2	80754b8847adff4c045b7af19095b7c29813f4f1f6cc2ac35734ea78a2aba36b
25	3	4f636e2d22bbd16beda57139a2d9b1fd08eb0729e8992b7db49c9447650ea38f
25	4	e5452c1b040516c221ee4b7d8bc0e8d46d0f8d87abb4bd56108617005031ee1b
25	5	003c196285e416475a7e493221dfd43b22b6358cb7c348b47998122f160d69c1
25	6	9836be7d8f357f03ecd962dace0ed7c5992792692ce68db4a8c896f1ebf603d3
25	7	2c70f92f626b8cca0612da52999139b3a49ed8ec2236a47e9bfcac0b3ef80a60
25	8	ee12a031192a7645d7bc03e6fdec8e9aeb4fadad9c881d692cbbfdb875709dc0
25	9	dcd991a0fbe10102a4d381c929d9d6ccc9b4c22c3c961879c6b0b28753751688
25	10	8b1a2f5ab5578160b90603a0805a3058fd65ba8d4d128ae46f5ee4d0be304c08
25	11	db6bf1752b0d4f1ba2225f1a7417d1d8e2929e6616cdcc1a79b9f725fdc5c4a1
25	12	7954bd05480ea214fb605fa662516e2867f12700f67bed8f72567eccfa84fdcc
25	13	c82a9e667615c31baea36dcb5a5d153cca835bf8283fab90708afb3cb4f54605
25	14	fd0fab836715c60f11e8c0a58ce8038e02359883481c2caacb3abcaa9367a417
25	15	ee926d011cb0b9b3f4c42c8455bb4ac6fd78acb252107a925d3b0af5c7ba90a2
25	16	3fd14a06caa971ee775210d7759d38881673a12cdabc826ea4f9941259caf763
25	17	807a078126a7bd4757e3c55b623c324a59a50fdfcd17d743d01355b0978ef984
25	18	189e480af141f5a675b1c28c220504809573eefc5d3a26cc31e10ae5ddf198be
25	19	b1175a554698baf9563e454cebb8c7e9951877ba558b184149ea682e03fb0166
25	20	08e46b3d24783cf3e06a5476ffd43e002e467dca4db2546133e8f2e06a0cf00e
25	21	e2776bc99280d531f4b9ab68b388c34524a94695674c87b2cd55c1b2af6d07d1
25	22	bb3bd85f5ebba858fb6093d22bc1a9496d9a55b4440784f565d1181a15946dbf
25	23	ff367f122f2000daf745f2988168864a7e53a4f779fe22cc472684e8cfb9941f
25	24	bfb9ae01270e73cae83723f56daf348af938e4d0dcbfde2167e86753424a98e0
25	25	a0a12bfa3d805b187849617039419a574d59ccd32e415bb010d6dec327dc57c0
25	26	8cda517bdb6437c2cf89bc6597bf8aa935e185f5051be5291eda1c83cf615ace
25	27	7508ef2c58952d3dce4a8ced20d0edceeb0dd5ec860232e4f1fec04315417b8e
25	28	b2f0794848f9bc05d701ee242ecaebfb050302d071b238b905ca296c69e02117
25	29	58e2391d089c78b23bf6468c8acdac5d102a9d05ea48e2f6118fa093d83e09a4
25	30	041ffdfca6cbdbf0121577544f1d2e3af553e3f003c6cd255946ab55bbc99d86
25	31	a2956a985f1b8aa599635c6b36e0cb6fb55eb8e8e7267fe5983cd8f1b1c4b74b
25	32	63c0acb65d322a54dac70c2a8f1ad54b5a2f0a70aa68df33dddedb9a261afad6
25	33	6a05e0e6383d94702f2ed820d42ff92c1a2ecb4efa54e3c8584af5952b3e139b
25	34	a15b450582c1072ffd8ec4821426a0f5ed31fab86bcd70001dc3620b514bbe7a
25	35	4b69f62b1f4f613955ee09d968b462f01097693ca79a61816ab7abd6bb1b9a87
25	36	e22c5ad2d2f3555e51e85f4c641139381d25985ca7f95c6502c8d3f303d78190
25	37	66e6cc4ffe5081fcd08d3188662222f2a88f8567fbedba637b934f1a25e9188b
25	38	71b8b75750d39540525a24a24157f581941b9ecb843c24d3363c426deb115afd
25	39	9aef50b36e9f57776c781284c645ea271e6d60ecf949133373a8294e27229120
25	40	9572910bb38cce39b47daee5e59ffff00c551067be98f2f6383bf3cd80da7be9
25	41	ac6e70623ff57bee32fa20c8ccca69d225fca1531206883e4f68ebbf7af5745b
25	42	84a2995fd1ba688015896edd6c2eeb975ffcc24a57964875dd943b7b38057deb
25	43	6a05e0e6383d94702f2ed820d42ff92c1a2ecb4efa54e3c8584af5952b3e139b
26	1	ad9322d175790ce42b0ed4df981103638436feeea504b17430198389e78d4fed
26	2	1cac141695484c0da1a50099270c6f91bf416f94271a753bf4351d8e0db3a920
26	3	6c49b826c182b3a1d6b8e4467d92da8bcefa899f266ea3add093564a39e3f004
26	4	cb7d1012eac1fba50739dbc5f9ace037d3a546295b057319fcf0cb3627e01a21
26	5	838183337bd0a39875c2c9201c9c1035d8c2fc037f54ccd7f94e97b6b8febcae
26	6	e4a08a29b3985818b0e5330f5c975a2fd5ae3dad7be81490b159f541ac37fd27
26	7	626c281af1fda8c26cdd3688420a1c6f8898893f1671230935d9d6cd841bcbca
26	8	489dbd860b7f3541b2c26d2773997f387fc6ff8337e1c1698d63dee648b347ec
26	9	38977949d94df05255b4594c4ce0b3d5853c604d6bc91d3bdef142d767d16bad
26	10	1309ad9b45f6c8794e3e57795781940a7db9121a4e3e925ae07270398b92d26c
26	11	328aa121017837c1f76f34010f50ff71e2ab238a4e2ca8539d225815e53a1197
26	12	8995b251670a2ae552c8d32e4e1a48793f776fd195f3a5965ceed517d1bb354a
26	13	de50ed41b14bb61349f03a654b3d93e03c741fc484cca85084b94f03281e08d9
26	14	18e7744ceeaa4e9e901f7adba8d42e7da382cfc32b72d756970dc53ea28f54be
26	15	96b6292afe2650b726b4cc04918697dc889f26e33aa6def93a1b2dceaaa4f758
26	16	e0340f205b04fd1bb10ace8da5112430e8ad70d8de3c0ce8fbeff03ba5c9af85
26	17	d445aff7dc7733def580ffead2d0639c12a36e1a8640ce6f1f1ab97221f2fd0f
26	18	d335f5ecfc124827f50706cd309e539a67b26758097a0e40216fc7d5f57483ac
26	19	5d93d681e92d540715e6af897104cd6cdb5d77c7dee352024f5c862cb1cc0a9c
26	20	1feece547b6d16027af00e0d42389dbe3e17003e216ed4cf217fe0280afca8cd
26	21	aff961427aeb42c27b85896f0820ab42fd25091c261bbdd5c68436ae515ae4c1
26	22	4745ebf6619efe208476ac70b2f1f2a7927f89816638b7d01876f9e99eaf4f11
26	23	519acd73400ee21126437c5c4859676a25fb03a587ab2e06f9b6d7dd90ef4d54
26	24	370bbd982bb54bde27959aabd3fb6367b87cd498c88d454cc573b8ca48630bcd
26	25	adcfef4fa32916ec4ccf9d0838d3e9233dfd75ed9bd0d23401c2251bb7295165
26	26	355bc890807ebe699ae5aa208d6c6c870c8f5b5a5b78443a8659bfac4b45860e
26	27	1d2a8e996ee5ea64a839f79ed135ba1b7572214a07d48f406e377f02a8d8e9d5
26	28	da5c7880bbb1cee16cddf5780e76db71cb8295e5f3cd4fa1ac2f70ca233433fe
26	29	239f13c12330da7bac5ca2ac6411026c61c166d7164fbc7ca221a2dc543a280c
26	30	96b6292afe2650b726b4cc04918697dc889f26e33aa6def93a1b2dceaaa4f758
26	31	1ec8d64446f8bbbf55ec9550c4cf5ff3c8db88627164fe13fa73a23191c6a0b3
26	32	b52dd9fcffef2dd0a06475f71823a1692b0ec278940bd4bfd20e78875791c61e
26	33	f645a62b6ec0eb2b17429a8a330838774f9668ac3f1becdad07d82f46efd733f
26	34	1fea63417bfae6ecfe86649c2630b389fdac3c49ade2bfe52e8c2299b0081664
26	35	e9517e3fce79120526eebb7b3931deed505b22ca67888904217c9c412b266c8f
26	36	8214aa3c465e2f69e63b1db452806bd319402853123b2b90bbb92feb8e9aaa08
26	37	11d918d3feca7e98e874af7b10e326b08128c2ebbcf1d9f8d4d55b589655e0a3
26	38	ecfcc26759f5441d89259c253403de398cd819f856acf1ccc2a716ec530301dc
26	39	3a56d661f02694e5f89e0e42aa406ee470c698dd2139455a5f0efeff185e1e9c
26	40	f5483cf7746fa99e4614590d31a104d0a5b669440cac9d9d21ee7a20a7de56cf
26	41	d335f5ecfc124827f50706cd309e539a67b26758097a0e40216fc7d5f57483ac
26	42	37b9d6216e773eb401ae0a31ac37f50c3e76a8bc2dc824904613fb7bc5c6d1a4
26	43	8f209b3675b3f27b926f80aa1ee0419458218c466e9a468417488eaacfabf965
26	44	899724ed1f9000a2492b622376fa8565465f63064374ee6ed6f95531e0facd1d
26	45	a9f1d0ab5ec17fa969bd918d4c29ef2f62bb5c476e4a9cbe5b1d04808ae354a6
26	46	eb4905f92532b332efe386a3956d4293c788d276094dd0f4031ea9090d9438ab
26	47	d712247de8264948bfe355ba857687f26f31a06d414259a70042dc8c3f294b37
26	48	a444626c7a304e1ac600081fad9a5299edf43f055a37535a1536ffcfcf49d761
26	49	a581f3b00cee1d859f1d2f6fbdfda60a97f18bb27f38ff336ccd244e3ccc9e70
26	50	da711b0a4d57eb03b1d8f6e6f0593686df73486c366f341c72454f7759dead54
26	51	b77f7c65f88ac271e8b954ccc27b10fdd9f49aa39959dcea25e8149970f278fb
26	52	d79609ea4d790e3e90df2ef44bf718824f2f5dda37df9602753adec757a02560
26	53	fbcfe2a6faf408859764048703de301b0dd5bbe1d15afcdf36c3a302faad9569
26	54	90c54d5970b587b48e7adfe4693d4f2f009c636afd9dc30a1e589354dbe94692
26	55	bb5f06e2e5e24f13c54dddfb9889f38085cd0d365086054417cd63a8bfd5293a
26	56	909b0dbd15c33c43c2a9983b347f77dcb474d8f7314dc3cf8873aba5ed6431ff
26	57	18b4faee3851abd82e49e820a8276403d5ea7d4d3652e8239e141eae3bddd2ea
26	58	6a05e0e6383d94702f2ed820d42ff92c1a2ecb4efa54e3c8584af5952b3e139b
27	1	8a9fbf0eefdc8bebeaea184bd77f0d1832bb33d5c38197ca3f0d37d8c91d762b
27	2	95bba92e32870ca2345cb5df7b8a3a396440b32df1e5d89556ae4dc4f9a75fc7
27	3	f96edf2f79a36ba7b08a843eed3d4ec28ceb1bdc6877a436a5df28452cc043f1
27	4	3a0202af4b883654c993685545d010b077b19f382e8d487db19684444075d06e
27	5	59436666bf9664a8b7069d7c693d557b0c94bf26f4c359758ad58b08ce9be1f3
27	6	ecdce585de7ecfaf9c15ade557f743dc899c99048b44b162a307767b9fa76d58
27	7	a97abe43d133235eb016acb6786bc1482675b9776ffabb215b6b3a2d37172558
27	8	3d518b2ff20e0aaa96f2d043b46dcbd232da6c9d9b615b18366fcfc9686aa519
27	9	de18b6101e228332be12eaa65efa71fe8834e48e514e59b339f17df8b02f5ff5
27	10	c2e1cbc1fd9c286b82a7a70de85b7b505de953b417290b976d1d6b86738fbf46
27	11	b78828a5429bf52eee4bdacfa3ed3411c4f4b0aff4f33940a96b897d62fb75ee
27	12	b79b18065045c57b69b58705d8ed447b695822f0bcf88ed533d86e809ef50b37
27	13	90e8a4058ac8ded2e4a419ca2fb755b4b36b703e5b732192f140f95a67ca3a7b
27	14	56e6fff86388b38cfecfdbbde32e39373fb6fc8888b33c39ceda8bf046cc291f
27	15	7eabc6e44ce68d95e071d7889cf57de18dcc60a85832bfa0d4034bf79dfaab3f
27	16	3752ada3f5492f1958390c6f7b22d3c14c9491fad35e31e9315ab69322b15458
27	17	fd6ec6a26b02da56c1f01eb5c7fccc2eec683f1883f04aa8bc4a5555e786fd41
27	18	5e5fb7efd23b9dc86d752a0190ad89f8560682bc2a9ae0953f32e96c651a5276
27	19	47a76ca4828e9b44180d3568a8e3e02298e16aa3f7592a46ae7da388aea934f2
27	20	df6a77f62933ec9230decb8703f725d7bd5ced8855119a4ec6326925edeee098
27	21	39a08e4e66803d132477c073dfdb018358fb9da87eaad3d9b0f16c4a50a5d98d
27	22	87f97d408fb3c29f3319d303f595341466a8b1fed6a2c999cbe0b273aa4b52f3
27	23	651d3a8d077979e9d1f127405deebd23741475df0b2d5a26a7fbe3a7ba8441ae
27	24	c26f83bed37b7fd05861683dcfbac5eff66d989be50ed84f1076e5c29084c1bc
27	25	f224356da332b194f4fdb0605c1b229554d40bc75c757585ecfecc50473b56d3
27	26	e04a23b891b9f28f8fe3c93d6a374d29f67f71ffdbc420e712fe0eb22af0bb38
27	27	9dab325b6edde531c2f278c5c9e3bd6ab30cc2f9d8f00fffce458d73604bf73e
27	28	9c3e3c31c80d83d2937fa427b8379fc30424955ee2da64ef23ec2e195b31d501
27	29	0ff9d246a2e3ab745b1c4f163a4091f0386c1025baf2d53d1bc2dcf9da673b25
27	30	6a05e0e6383d94702f2ed820d42ff92c1a2ecb4efa54e3c8584af5952b3e139b
28	1	e618fe75cc9337c94b024942c0818ef26fd0476f0c74868ead4dcb938d2c1741
28	2	45561d2d3f038bc3a8761ed5964c7d0d134c61fd9c44c4b58ce4b33a346fae14
28	3	48936314bc9424bd8c1d75a7e19dc67bcf2e6eb0eb169fb285982328cb8404ae
28	4	c14c007d710e35fe3850df800fc896708bfb59359e6c7e951b73448c8b434039
28	5	6a05e0e6383d94702f2ed820d42ff92c1a2ecb4efa54e3c8584af5952b3e139b
29	1	1ac135fe77a42747a88162f97e8b44632f1aae1c8c8cc6578d97818ff882b3a0
29	2	4c76c64ba6599f9b2d3aecaaf09c3b435123d3d361bfb0e629750f87e7bfea1f
29	3	5e1966f309ee02d3972fbd4ba5933ae33894526bd7f0633511bf98db44580bb5
29	4	75cc3f60544b01deba8bc5e56638b3b5222a5d36ce2822e54aae0d539a4ac0b0
29	5	6ca046213481934f7b32a9398a0ddeb1777c0bfbdf9a8b4e44fe2e80f4fc58cc
29	6	cc5e92e7cfa964023f5cc7fbe6940501f09bae90ce262f0d366b8874e6c6a2fa
29	7	f956a542849912ac606726dbee904138705aaa9cbe812224766427317d07c9b9
29	8	9356a87d3bd8793bedb344760e5770ae1559570d0b4fb2888cc14221f0083793
29	9	1d6e03610bc3bdbd7feb9f064c989cb70a3c7687b711cf0e65c2b7b539eeb507
29	10	8b60ff53ea173b020b95e37991bdd86c46332cd34149b689a610b72dd9ac8a26
29	11	02b0e891ae901b9beb67ed27f3223a4f4ad3ade0bc5af70423e5f7908d66060e
29	12	c7d23b97e4daffef3d8594c237e8dd995512ea0a9d1d1d389eb3f063c7dedd96
29	13	1e6623c08577e18d16e746ccfd400dec4b2c4b587f737abbf52436e2117bf465
29	14	a2590f269e6f3e0afe50f8eb3e92f353f91c4902cc9de2ef21d9d6f9a2df55c2
29	15	97d5e81bbc1699de10ca84d6fe167bc6cbafd405ad55a76f37d17d7839ce48e9
29	16	7ca9aa91bad2b740bd2fc42c6471ae18dece3a2aa2cb0b7fc191ef64cc11eee7
29	17	df99e8846b669a4da1f30c5ee57cc5e5c12bac95be6c0900516d691ed4d3c460
29	18	d1e7ac47a2c9672de7fbb96c0c8ac878d3bfd92b24d6ebf20d6a3922765ffb8e
29	19	065931b6207e75f3f696072a6c668435d203fabdecf88f0f10dac2227955a68b
29	20	8f07890430968b520f814e505c2384e8eb323c633ea378acb7f0411e44aa76d5
29	21	e85cb9afa7e0fc87418356887ec428ba3f600f1906e35b8ce981e0ed697dfb67
29	22	9824b8c748fc74c9c9dc1e082ad3ad5f19f2908ef88dc4ad65ea96e6c2d18e40
29	23	79ddf940aa665cccb2a2f5bb4e07a2c0894a2a66a3bf51cbde08a2fe9b9905d1
29	24	70fdf194fccb027d2b0e0175cacc9831dc54bcbf3fc56ec9cee16069176102e7
29	25	2e75790aa126bf2dafbcc604f045a60e9b8c08922ed662736966477130c902d5
29	26	6262c7dc99d12ba1df962a5b4b450d3287a1f9191a8c2f06f2af87c34edee5d3
29	27	75a17d17d3310a8be9b74040ed717eac6cda9a65cc1b982aa8fc6a37acab1f55
29	28	2a4a876458653f7a0279279c07939ab7e74f3e51bd813316867fa12bb43a1786
29	29	0edcd0260ceb1ebb2233ebbae812f255187be9d57241cbdc00c0cd60f5c42d26
29	30	87fdc996d92121444c0f5e8f96fc0fd9cbf3b52fd3e0cbbc677a580cb456c7f9
29	31	41709d2f6446b4899acd35bce4bb54488b715be3c2532f890d987d74bb273ab1
29	32	d6d2b398b0237dc8682a4826216a9456129b83067545554b95311f28c4aec8cd
29	33	eb55c1b256783c6c0587742291425169613c34ba28d4bfbf64057a2ec37d65fc
29	34	5109b5082ca7ba7aa3ad7f3a74558c75af53790a84b8ac8e071b55f0bee8992d
29	35	0870a1245c9fbf601bd93bf151508ca799d9f75edaa7088e12230f30d207f9d2
29	36	9913b1010dbb813117074852519c1d33065e72eb96acb8aa1bb87f052704b545
29	37	01d38c47112fbdea34ef51619652d0b7dce6c6b2045c2e2a1579221075ea718c
29	38	4294eced13cfb1acfafa70dbdfc849634be7220c283f077dec45eb9a86528c0b
29	39	40c44dafab18e2230da4f4bc714ec431d164c9852f6417aa824139d47ebceba8
29	40	136b25a1cde2523c77d93bfb4278e1bcd4306faac4b49469381c5a912c89044d
29	41	310e6113d92583670300fe806bd05f52ac0a6ac2211a4c7ba2e629464908f9b9
29	42	52e8dbaf9632451e0bdba82d8d691e3a4782aad62aea60fd984d0664724e5846
29	43	8af65913154da83782f7f3d74560a0b65682ec1d2b24be0308c376662db96ad5
29	44	887a958e06b2b08ffb59a4cc146566b897a75e6c8fde5798f3948c181cebcf4d
29	45	bfc9edb61f88a8645de2d4891584efd6a69903510e3c39a2a84dde1a41df8186
29	46	d4ac66d30057f153501f1420b77b43444931fb8de81dc18c0e5294b3b2dcf5ec
29	47	891c811531905768af57acdb553741e3fe5567d38eaa2fd943318787f4cc77d2
29	48	bc6ea1847f52b6236573e976482c5de55ada872799789958265a566686c32f91
29	49	5f795abccf53c6aa8405b91c5ac22aa9d0400f85a752996af47f51641f95229c
29	50	49962089fe5b099beae87e222e1490d1a6efe565e66f3a103d48745efa6492db
29	51	c4a07d70fe887ab6bdad67a2316793d9354b01024b8170ce150bf25fee2a3283
29	52	9d4ffda11145cf7ad46a1221eb6207ecb1174c800c1473628d0ea575b8689375
29	53	5f388927315ec64e80a38e2c046e1eb2d302712d21244752f05e9cc3f354be60
29	54	2800a4b3810b8df8c993d52f4f829696e938928addda17078dd1846aaecb2ed0
29	55	5bb47360941cb23f84beecc3125bc052e428d330cf535eac79a4e05a9c685920
29	56	a22d3bfc79af03e815fff1c49b62c3de8c1c2587ba4af55a9089189bd22ab204
29	57	1733c8892356f917c593270160a2f013e46bc90db5d5ffe1dae605d3d95c6063
29	58	e7e8e8483fa7ca2fe5f7edc4640d8745cbbc5b3f935ef22c13e57e1d378fffcd
29	59	3bb408d2f47fac0cee1cec6bc8d4b8d0368a38d32cb650a63b1bf28d3a2b32c5
29	60	d8278350c6f9ba20652e2e2b7d1f926e4d0f836ae815d467d81324c4a0298c03
29	61	d5dde04e5d4e47eb4126be36979a4c4177976fcdecd87a7369ad38d146c7411b
