1.0	f8b194f16b332098
1.1	b8dcb6e19f2e4697
1.2	1692994cd24a6a15
1.3	ac2f96e30350e06d
1.4	6ccfe9a6fdd6749f
1.5	bb9d1eac4fb900c3
1.6	f3a498cca054576f
1.7	8b44bd1084f0ca33
2.0	6c517f560402c406
2.1	58efd0ce845d890b
2.2	80eb12323e039c60
2.3	db3e2b3894c9d499
2.4	fcacba2be0b9d720
2.5	e31ef27481b64773
2.6	f0b435256d67a173
2.7	a80591d8a2be5ffe
2.8	5adc70d5748acd04
2.9	145223cdd6e0221e
2.10	6609e1f04b8b0bb2
2.11	845a61d22c6b7a48
2.12	69a9efa1aec155d7
2.13	c014ab8ca8c70454
2.14	4e71e48be8b6b7c0
2.15	3325e46688bb3529
2.16	01b4187f7724d7ce
2.17	e1cd37d75239f940
2.18	90c9c3e4bc262ca9
3.0	02068d6815ef52ed
3.1	f5bd84f3678ed0a4
3.2	d16ed2f46725b08d
3.3	98bb34a8423e382a
3.4	1a6363554ae45033
3.5	8437bdc0059166e0
3.6	884c0e1f0a2ccf4f
3.7	6ca9f96fdff4068d
3.8	cbbbee51ee01ee93
3.9	29dd03afb3ceec17
3.10	d67e926096086eb4
3.11	59284360cdc8356f
3.12	cbbdf942bcb82fb6
3.13	57ff8dfac66e3955
4.0	e5839f35e64897ab
4.1	2bf56b2b44890bb2
4.2	dd4490aaf6e95a59
4.3	240110a20ba2c20b
4.4	43ce8a014202522d
4.5	e48e52cf8aead2fe
4.6	cc0e882dac16673e
4.7	d951c617eff85b13
4.8	241dbf6cb940b1ce
4.9	e1e591f0e28d93bb
4.10	e7566088d6cdcbe9
4.11	509d5ca050571e93
4.12	c02bca5e9c63f828
4.13	1f4310fa731cb786
4.14	356fc81583f2f2e3
4.15	b8505f1546ba17a6
4.16	5e4d985f184faa6e
4.17	0dfda691c5fb42a6
4.18	5f7034ad7f9e4771
4.19	6afc5753a95e5025
4.20	643f50456d4b3cd8
4.21	bb59bffac046e2e0
5.0	ad6119fd610847bf
5.1	3403f2525fa26fc9
5.2	2bb3a279782fb422
5.3	7632cdbb1b9a97fc
5.4	4d4d458c01b595d1
5.5	a70b25d65b2c6691
5.6	396d11fab95cca2e
5.7	fb7de49a89ca57e5
5.8	e77368780dafc465
5.9	e8df1d0cb0eaf793
5.10	89be2dee760c2259
5.11	c9cc8467a5838942
5.12	1c9d3820c74e6a8d
5.13	8e2a409fbab56f05
5.14	fb44e049feb3b8e7
5.15	16c59886fd84e40e
5.16	69cc2b0f2bf1d053
5.17	2d54bd0216984f51
5.18	809e1961e818bfba
5.19	4f0abe499e73b8cd
6.0	449327e6c9e61223
6.1	31f7b4036abeafe6
6.2	e06f9e68e63c525b
6.3	54a5c0b1507bc58a
6.4	ffb77be9f4e6c254
6.5	6b7284adfe7c6547
7.0	2b398e1822613277
7.1	253ecac3a0abab18
7.2	36f1da1cb66fcd58
7.3	3f175a282f9be64c
7.4	4295f4f0584b66d4
7.5	8e7ff7204206886d
7.6	95d74f0d204c2489
7.7	6698a69674053eec
7.8	2a5cca4419031c69
7.9	a20602cd4cbeaefd
7.10	4adcf210c951c79d
7.11	6cdc4db5f4852569
7.12	1ef80f378aa14bbe
7.13	df737225839d6fe7
7.14	b7112ae6f084099c
7.15	232f0328faa83201
7.16	9666156cdbe1b2d9
7.17	c2f2549060b31a63
7.18	5efd905867373799
7.19	64258c6ce3e21039
7.20	f60b0f23a9d593a4
8.0	a5083382317ed981
8.1	1f3066820939a91d
8.2	30a32e7f9cf51140
8.3	bdeb90e1f1a4cd65
8.4	bcea9c3e9419268a
8.5	e35f99f8c2c9419b
8.6	3a0367919974358f
8.7	05f6b67186b84d8d
8.8	3184bea86e7e2300
8.9	13c28bbd8406d514
9.0	fc16e14ee8fbc170
9.1	9c20106bd090469d
9.2	1641f4d3d7b878b0
9.3	b058b677cc8282b7
9.4	022d782dcb26c61a
9.5	df7f611a8fa1ef34
9.6	1ceb13ab2d299c12
9.7	703039172146d739
9.8	b821b92883fa88f3
9.9	65d1e2e4981f363f
9.10	f49917aaee7d5db9
9.11	2fa2802f8e61272c
9.12	22ab2fca51f33eed
9.13	1cf3bcb4c9bb9873
10.0	b1133ffaf6b5f3f8
10.1	6d4300e964818d49
10.2	52b65bd33d846b16
10.3	b121945cdcdd1be3
10.4	50465a1c45c0d3ae
10.5	39612545420534e1
10.6	bdf4e9680b65ff21
10.7	a77c27ec2ebde616
10.8	51cccf71be7ddac2
10.9	619124e98d1c7cfa
10.10	b0194269a1634914
10.11	9dca33a73ec26fc8
10.12	766c800686550d82
10.13	f354b2dede56932c
10.14	650e017ad370b7c3
10.15	f744b3de2eeb50b8
10.16	501a64c61dd522d0
11.0	a06c47412d722cbc
11.1	bc8d724285798d04
11.2	d525392dc861909f
11.3	b39b2be7e09a78fd
11.4	2969246cc05121d7
11.5	0c3581223c6bc5d2
11.6	d70e47d91a8d9523
12.0	b5af4b4eefb77498
12.1	c83a69007c69390b
12.2	3a90ad93316d2c84
12.3	18af973cd2f55b7e
12.4	4f16e01a2c1db973
12.5	489826bd09e12220
12.6	e16b46adef6c67dd
12.7	8211f71c045b0a32
12.8	db6fa4545a9506e7
12.9	a0e8ae78469ba83c
12.10	83feda96fa6b944d
12.11	d684bd7b4bb90048
12.12	fbc544b2e1d71002
12.13	75b8262690db5d86
12.14	7dab2c567cca5dd7
12.15	0935e418ac23b515
12.16	db4dd89304bdaa21
12.17	6b657eb52051acd1
13.0	cf92b90ed63f9be5
13.1	5ce022fe80b10ed5
13.2	ed387b6038acc026
13.3	a401be87ee3aa304
13.4	e301036a91ddd35a
13.5	3732b1f0cb667cfa
13.6	e68110b4f5d23459
13.7	717313bbdc791c93
13.8	85cec9b442b39738
13.9	16c1c5337217d516
13.10	2c79f1769cf4c71f
13.11	a0c30c1826753e87
13.12	2aeaf800f7d008d7
14.0	20fe23f7384c191f
14.1	63859cfb04bddfdd
14.2	c573c3613662e19e
14.3	3c61733bdb174975
14.4	41bcfa7679224ab8
14.5	946207eba9299ce3
14.6	ab38a9919d0962d0
14.7	6e9f020020ad8ea5
14.8	e728d16c61149f37
14.9	e5654aa8657098f3
14.10	de0ae615acad2e83
14.11	d732b58b50a71141
14.12	1f3ac5bbc778aac9
14.13	81c849a264ed5d99
14.14	8da32fd7d94f5e72
14.15	fbc5ca08ad6611c7
14.16	07b8ac8a2403cb40
14.17	237d2a8ca056b0e7
14.18	cb81c7e80709817a
14.19	8e98500817ba88aa
14.20	6b1bc9a910df4c5e
14.21	4ec9197dd1b2dc9c
14.22	f870d3d61770a1ca
14.23	3576515442c56b3e
14.24	8d64cae2709c5861
14.25	7dc0d37e98713e76
14.26	af0551cb3e21da41
14.27	df3df43f411328dd
14.28	8fb714f7f77f614d
14.29	84f1bd64e3dde83b
14.30	9420730fe7ef1f89
14.31	21557b4122e9e7e2
14.32	250cda7c64016783
14.33	f98aec355a52efec
15.0	a1faab2b716d6bb4
15.1	d0bd57915aa09e48
15.2	ae02cf8d1f367ce8
15.3	12548c24860f952a
15.4	635dd0e217ac2853
15.5	8d841dd0c029692a
15.6	9c27d1a488a2cfb1
15.7	9205220b75aaf423
15.8	c5818f026909243c
15.9	8b3ae97347d24216
15.10	c02409e3360b3b43
15.11	688d3d228ce4f091
15.12	71fba898cbe0d4f3
15.13	c7b950b4eb951972
15.14	c9b687e87e7f00bd
15.15	e880ab2357294daa
16.0	ee1f5a946423c160
16.1	9ce180cb65a01179
16.2	afa2e4e41d9db190
16.3	f146014eda8a9b2e
16.4	c885a3648165fa45
16.5	ca1144b87f1dfbfa
16.6	42a1ac77ebe560f6
16.7	acc64345306deab0
16.8	68cd58ae438f775e
16.9	58f34da356a6fc6f
16.10	bce2d347f27f3e4c
16.11	d04fe4b51d769d0e
16.12	3f0aa5ed469c59fa
16.13	9f105307b4574699
16.14	3fe6e43d2f004fc8
16.15	14efb3ce1c2a8cc6
16.16	b34a8f774ee87a01
16.17	0bc0907fb07a1b3e
16.18	0c25446f50ba421c
16.19	263f329241ce8e0b
16.20	a3d5f7812137e22e
16.21	615cf24ce30ae5e4
16.22	844a2bdc76195335
16.23	909765a9c793e888
17.0	c78c722020754db6
17.1	b0847c1d3e4241bb
17.2	2cfff3477c3b70c4
17.3	0344230121edda94
17.4	46f6869e4fbaecce
17.5	4fc335048ea23df7
17.6	b0bd0cc584c545aa
17.7	0f1b80666420b73d
17.8	2628259d8032fa7d
17.9	41eb425015659a6a
17.10	cf672c1371c2fbc1
17.11	550cc6858aa56d7f
17.12	8d68afc9cbc0d4c4
17.13	42fe1b9d195f7b76
17.14	2787fe0669b61264
17.15	298ec62be30f710d
17.16	9ce0d224ddb51e80
17.17	dcd8c818e7260391
17.18	e5cff4eff392167c
17.19	bf6ed5dfad9a4c09
17.20	62ffc09167061b0f
17.21	43290ef5e564156c
17.22	c30a98e1bce6eb4f
17.23	bff6b801a0a63ac3
18.0	3f0e600bc411746a
18.1	a08eb6281490576b
18.2	ca0e993be8e95f32
18.3	786e2a8db05df6e3
18.4	cedd5eafa1111f7f
18.5	86a28d88e586a71f
18.6	918056bd196fffd0
18.7	5fae3a8f1e408aa2
18.8	58b148e1c800f087
18.9	0befab8cbbbffddb
18.10	507f2f7453b81026
18.11	1a29f3c019caa4e8
18.12	49f9c21fa8a0beb2
18.13	dd1553b30dfa5a95
18.14	1b776baab331f7b0
18.15	35d715bbcc758bb7
18.16	92f2ca728622844b
18.17	28e64af14ce8b66e
18.18	5026fafdcdafa888
18.19	6ea2e2bb11622d09
18.20	5e7cc1ef7922d0bd
18.21	82072e8f505de1af
18.22	b71ab33746465f60
18.23	894c73a109a0687b
18.24	dc0eee95578ef47f
18.25	2c0e15d1062cc43e
18.26	accff0dc306adb70
18.27	160e5188abbfbff3
18.28	30894a94769e9f7a
18.29	a6172de602843774
18.30	248894896698285e
18.31	0e727983d12c96f0
18.32	a30f7593897e36c8
18.33	6784d6229afaa49f
18.34	aeb327045f52287c
18.35	dcdb447f009b9de7
18.36	54e36b760042e0dc
18.37	2bdbcd767bced356
18.38	3197b9dffb10eb8d
18.39	c7256af2198cc147
19.0	1d892725add34064
19.1	a51535932064962d
19.2	74711421f41a441a
19.3	068aa385de07cd3d
19.4	acd0fc3337d626b6
19.5	b0e079bb82720ad7
19.6	5d6e6c97d609d8b6
19.7	063e812480ae6c12
19.8	d420a77de0848e1f
19.9	9ebf9bc27d9014f3
19.10	4b8eb92dbe3e422d
19.11	ef1d31d696abcda4
19.12	c67645206a8991d5
19.13	d0dc3e67726c75f0
19.14	63be0b81536721ff
19.15	93b92a984dce4526
19.16	42723fd440ba80bc
19.17	83acba74701a1a23
19.18	708d705171885e5a
19.19	0ba5b7138e0aa76d
19.20	305945473e94dcdc
19.21	58bc4cee8b499901
19.22	7bcd73d56f4c65c9
19.23	efc732621401f1ce
19.24	a3f56865d50d50e3
19.25	4de00ba05336518a
19.26	7f550339cf1c6a14
19.27	7217e522f77bf075
19.28	cb2ab674632f95d9
19.29	c322d434a0246121
19.30	b1ef06236ae31b4d
19.31	c19d839f6bbcb462
19.32	31a3db8fe0117433
19.33	cf9d41c372bf37ea
19.34	e0676ffbd9671d19
19.35	f0267f2e731f3f30
19.36	f9322810ea02b8f6
20.0	943498b2dc205795
20.1	0b43d037aa6f228a
20.2	0a0dbb5357b559df
20.3	fb903b4f0bd08e6f
20.4	959ac6b547913b3a
20.5	8df6d2819a69e91e
20.6	abdc8c08dcbf3609
20.7	04390d743aabb055
20.8	88513d7466a7a391
20.9	a1143fe64c2d8dd6
20.10	9a8bc94bd1afde5e
20.11	be044d4fb014ff90
20.12	45521259ae882bb8
20.13	00d934a22ab4e53d
20.14	05041c2461e09098
20.15	95c658c8f152138d
20.16	4d39da7154cee3f6
20.17	db86db6413746ae2
20.18	90986aa92182d8eb
21.0	2ea66d5b6215476d
21.1	099184752202d247
21.2	d6bfae4332e45341
21.3	cdca0645a3804605
21.4	3bdcb610da7c6d1d
21.5	6144c9a3316573fd
21.6	109c6f7dd4e2877c
21.7	c1828b3747956fef
21.8	019a487b58cb8010
21.9	19f18d420f61dd3a
21.10	de8b05bc28114fc7
21.11	13729987756be6bd
21.12	2e817304b7decbfa
21.13	dfbb3d759c6b4d9e
21.14	a247c10b982bbc67
21.15	6b77c83c727c1f2c
21.16	93c1ff3a1f9d6068
21.17	854f1671349b4bd9
21.18	d67286c092ef02d5
22.0	17090562c56c7380
22.1	8a8159fe6840c8f4
22.2	52bddb1776982b57
22.3	825ea7bbef257fb1
22.4	dbe9e3cdf3e19f91
22.5	24d755eac7ecb5d6
22.6	bac5f45cdb8f4c59
22.7	0238b2c22244c9a4
22.8	649da63afde249e1
22.9	f0d8beff9b695cfc
22.10	68d9a1ba86a19e42
22.11	90fc5202874a930c
22.12	54d2f39283756b17
22.13	9dd954af77a2d907
22.14	19dcff625b2244e5
22.15	9107a3dd72b49c18
22.16	281040731d55b4c5
22.17	7bb1b62cbb403e5f
22.18	9cbbc674684b9e96
22.19	fe7811d03770df1f
22.20	6083d42d49f60f9a
22.21	9ab7432b9b0903e0
22.22	8915df96e71215b5
22.23	fd8d8edf938b3e05
22.24	e09b857e6ece7655
22.25	cfd7728e44b117f4
22.26	3ac95904a1b9946b
22.27	4e1cc3908aed4e60
22.28	9aa4b404c052d73e
22.29	4e49542d36cfcf94
22.30	a9c69a9588b08457
22.31	0712a41c6fa606ac
22.32	01f8ff4abe24b6f3
22.33	1f8f0bdecc29fcec
22.34	e977a5cf0d553ecb
22.35	c2ced27cf0daea64
22.36	ea62c8ec8fc947e8
22.37	2439910b3787ed00
22.38	8e0769a1025fffce
22.39	56ddc79869aa407f
22.40	8d88dee6d4b43953
22.41	9070b81d0a7accfc
22.42	0f2fdd066c527033
22.43	fecf3cf8ab268204
22.44	e3e0cdaff1a0763e
22.45	5d93cb47b452836a
22.46	9f10cfbf3b5626fb
22.47	69fa3309ecad8474
22.48	80f50c384e8aa0a1
22.49	0e652308fd602484
22.50	beaa1cd6c11451c6
22.51	0f831e6a733e4397
22.52	1394bf1d4d886c0b
22.53	1d910ae96d6b18cc
22.54	5b6a097fc50ed96e
22.55	c148cee546d5964e
22.56	87501b7482258263
22.57	28ed3f5203584a24
22.58	73aca4ba0c3457b7
22.59	426ab5d6e5642d66
22.60	a628be55739b6dde
22.61	6027e07cc7afc69a
22.62	f56bc6f243a3a2b4
22.63	91df1407a8f7bad8
22.64	24c8dcc4d4acc5c1
22.65	cd607c7a149d5194
22.66	504beb8715551d2b
22.67	86eb2d8ef25b9f22
22.68	d18e0eee1da42cd3
22.69	8c78cd9f5d5119f3
22.70	2e38d16e5250ab49
22.71	4ab2a292c99d4009
22.72	32884d913f6f3049
22.73	3b788fadaf5e943f
22.74	6ecebd6e42a824f5
22.75	9b10a9966a1e52bf
22.76	c538d6891a95875b
22.77	3ffe4c9a0b62175e
22.78	943ce8a220315808
22.79	8e93542f79a03e22
22.80	661f2dd6483fa32b
22.81	00a323e93c4e7d49
22.82	e586ebe9b19460ba
22.83	7ffd3f51c6e5b61d
22.84	13cedecc5824eeb9
22.85	933851f0f3241821
22.86	18f7b2cc0c6a0f03
22.87	a4d6093215ce6ec8
22.88	7be0d9dbf3b9b791
22.89	fb4a38f16fd792b4
22.90	bed232b2f9dbdade
22.91	d1ccc62c677de2f4
22.92	cd962a4abcf19f5a
22.93	36a7975dcecadc45
22.94	ad5a3ea77b459ecb
22.95	f23e369a634ef5b9
22.96	f4dcc05a803a4baa
23.0	c1cf5848fcf6de2a
23.1	fd368fc22b335a01
23.2	75a07576db017f9f
23.3	ec92e56c2bcdc762
23.4	8af7cccfec304086
23.5	f7a16029f6acbb5a
23.6	d662fd95a15b9634
23.7	4c170c87e3e93de1
23.8	835bd18c299aeb46
23.9	379961bc82516b3e
23.10	104cf5d640b516e3
23.11	bee45b9b47728bf1
23.12	92d87e5252bdd257
23.13	a708ddb191009558
24.0	ba08f84620ee8dd0
24.1	b1c900b24b873da7
24.2	4c881babff05865e
24.3	36f755fad8d3f82f
24.4	70ccceddb9b2611d
24.5	8593f0e2063740a5
24.6	067b65ea6f77e95e
24.7	51d957081976b0ed
24.8	49611fd9ca6b07b4
24.9	3f54fdf3b5f518c2
24.10	fab288b965e6cb70
24.11	265f4efaccb30f4d
24.12	7ee8a738b27d75e8
24.13	734d7d9e528e36cd
24.14	47e8196ca9814269
24.15	54974b177781dd1e
24.16	fbb7e76a1df2c3d1
24.17	f757418170e4ca5c
24.18	13db7e19ed9ae89b
24.19	eab6f398927d2778
24.20	6b48a03e8b46cd8b
24.21	006c3b324396603d
24.22	c6564810a351d113
24.23	109308006107cb9c
24.24	d2cc7aea5710fce0
24.25	45a2ba17b4330c92
24.26	d36b40cf974c1ba8
24.27	58ba7b89e56ee280
24.28	c0d19c66fec29630
24.29	ee060d8d4564ded5
24.30	c47e8a933d17ee6a
24.31	908f09e3c0d29aab
24.32	8d2d7148d23e2036
24.33	af354a636a977138
24.34	81b1ed910ea468a9
24.35	8820aa0bcf15ff53
25.0	ad16adf976e1f60a
25.1	61f562d58e709766
25.2	9f7d64dcf0fd04f8
25.3	c7eeb60bbd722b88
25.4	1bd67b0beacbee73
25.5	cc33052972264c83
25.6	1fd943b77d927921
25.7	df0dd752c7a98a5e
25.8	c7fdeebd6d06ce92
25.9	672a52193c2b0174
25.10	6989098510ce3076
25.11	64c2b942e50ad2ad
25.12	52f2756ee762d925
25.13	8e964b696b392147
25.14	48d4f478418b6053
25.15	bbc32ece2cdc1037
25.16	912b1d5cd62fc22b
25.17	179faf9a23c85719
25.18	916afccdfc2eb041
25.19	e93af075a6bde153
25.20	888e50e32ff2d57e
25.21	b35c2c670ad537d5
25.22	e9872040008deb2e
25.23	81f12fdf188b4f87
25.24	e1fb431ffbedd5f8
25.25	f891d12178dd236b
25.26	79eb175db590d0b1
25.27	cff2000f2696d764
25.28	6eaff12cff5192fa
25.29	0139d3b6c8b3f834
25.30	81febc5a9ded946e
25.31	60d97b551d3c58e3
25.32	b20a458482d2bd2d
25.33	fa09b954468d5b6f
25.34	7a0718b48a73dc47
25.35	d87775407b5f03b9
25.36	25ffc8e874b47646
25.37	afab9401879440ab
25.38	f83e32d5529fb081
25.39	7909bb32b2f5f127
26.0	150d3dbd39d48733
26.1	ab05afabe6a5faad
26.2	76503b2ccd310aa7
26.3	fe9a0b66be3cb3a2
26.4	90c0c0d3bd93c49c
26.5	ef63d4909e7688de
26.6	0550d426a4c22e75
26.7	b5a178c19684dc90
26.8	9965071064746fe3
26.9	5ba1628ca49fffb8
26.10	b52af8d7012b47a6
26.11	3eefb67fd5c80b3e
26.12	a97311dfa173ba97
26.13	adfba0861385e9ea
26.14	78cf5b88869ae26e
26.15	a9ecf8a673b34ec9
26.16	10d91e1d04eb26d8
26.17	d9d7e86b732e77cd
26.18	7c40f313844c2345
26.19	e0c224625017b2e9
26.20	727d751df49a5af5
26.21	dcb31bdffbcc643f
26.22	6f421a7d408f5d36
26.23	f18bf4522c6241b1
26.24	1f76ffac79b6c2c8
26.25	0a70630f3b77d812
26.26	da0363097bd8e3b4
26.27	3365bb3883ac5ba6
26.28	8e1db09f7d2518bc
26.29	74d1b3e5ba30453a
26.30	820279f66bd34025
26.31	01bdc77c5c3b6f4c
26.32	37b9633c9345efcf
26.33	f6d618e331a931a5
26.34	ab50c2fe483818bb
27.0	747772dcf5cd8990
27.1	7a783ec24220a090
27.2	bfd19a4844b454f4
27.3	1919544b9e4931b7
27.4	ba1b9262252ad0e8
27.5	f69bd0dc7017626a
27.6	90aec6c2c9539456
27.7	287f85ba81a21876
27.8	a4aa8709300a2366
27.9	beecee2520dd6c91
27.10	0da152acb3b32656
27.11	05dd3a27c7095404
27.12	f7b492265da1fe31
27.13	3e6d136ecbb01dcb
27.14	627eb378ab677e5b
27.15	dba708424706d813
27.16	c2836d179199ce20
27.17	b48e38f14cbd1f59
27.18	d5d740d94df99828
27.19	a100b79ddb56b15d
27.20	437cd27fbf8936a9
27.21	97632fb8ed3033af
27.22	047333537d5c3ff3
27.23	199c5ef3ed3375d5
27.24	7f006118f94ee597
27.25	dc6f467fa3e6bb3d
27.26	5850d56971d688d9
27.27	6364d8988d09b59b
27.28	0264ccdef0b51c6c
27.29	44a09a2de4bb3e65
27.30	abfca0b7ef2d94f3
27.31	d1cf0806aff4378e
27.32	f41d448c8299e681
27.33	c66d80499a9a91f0
27.34	9d8a7efc45deb0a6
27.35	4503e646e0cea46e
27.36	bbf3d78e1ddf5930
27.37	014c337641bececf
27.38	60a177f3a0df67ce
28.0	990877cc0f082579
28.1	c97f4b51a3b5cedd
28.2	aa6ec9bee14f992e
28.3	1d8c01cc11513064
28.4	a8a61d2f6a9fcde3
28.5	d834f62b8f456557
29.0	2db955e266f9fca5
29.1	3cfa799c89a29826
29.2	3aee686f42558dad
29.3	27a22ff2c8b42866
29.4	72fce5dcea5de9e2
29.5	308b1e3254eb882c
29.6	584dc4e6269394f1
30.0	ea4915fe0d5fedd5
30.1	bb6ed803d22854eb
30.2	2c12922d5c4724d5
30.3	ffd2154e12740ec2
30.4	eb275f90af45f5c0
30.5	fc75c0008d355bb2
30.6	3f672fe833e0c8ac
30.7	f1ddb79507c00cd7
30.8	2b2f399793499abc
30.9	45879c27f7372b2f
30.10	97d2e816062a9891
30.11	43d419d6dc1224e0
30.12	b576a2e28e48b531
30.13	a48802d1b5f65760
30.14	a4bc126bae372cbc
30.15	aeb4993bb1c31758
30.16	c2868cfaf248412d
30.17	9675d241bd794415
30.18	80456cb62691f9bc
30.19	c73592a5d545d301
30.20	9edcaee5ea37ad0a
30.21	699e53e2503f54e3
30.22	00b2bb3a9a0ed18c
30.23	deafa76ecdb74f00
30.24	b72f03a17e9ad3bc
30.25	a35b6cfe23dcd37e
30.26	40f15429ae2e868e
30.27	2e75040929d19fa9
30.28	dd5728ee69952422
30.29	350209d5521be490
30.30	5b3684ea3f3e46c4
30.31	1fc36c7fbb6bba7f
30.32	7a94034349f07fee
