coord	sha256_16
1.0	26c62170abd6e98a
1.1	fb0d316f226165c3
1.2	36eda031c762811b
1.3	faee0c22574b66fb
1.4	267bdf23b6b9b984
1.5	9868f36e7ce3cab5
1.6	7e793b45e94069ef
1.7	bbe4b08b57b26b75
1.8	8e9b00f9640c222a
1.9	28ecc393c6344116
1.10	2b8ef44d4719c189
1.11	838affb6cafc09fd
1.12	e7842dc21fbe7d6f
1.13	f6dbe6d41a510f4a
1.14	44dcdb21ebaab1fd
2.0	f76442b605eca06c
2.1	c07bfddb593318ce
2.2	8c7de1f721bbd2c3
2.3	043f909df777eaea
2.4	095006ee92e4cfc9
2.5	d317a3bd9971a3c5
2.6	e3f6e443549ebc55
2.7	792928d2eefa53ce
2.8	4e2b4e4e110a8bd4
2.9	ad29044401a2689f
2.10	863fb53320458ba3
2.11	8eb0a4ef1386734f
3.0	58211dc46dbcb24f
3.1	19ffaff04cc5725d
3.2	c65c18b7e4f0536d
3.3	8dc82061546c7c54
3.4	04da8716f626faa5
3.5	13efbb0bd2185c0c
3.6	6ca6fd8e2f7e86b2
3.7	c1d3b77c0614cf55
3.8	60f25ee59104145e
3.9	5a7c5c63d2e323dd
3.10	a3b944a1e97e14e5
3.11	7ac20bcbacbea07c
3.12	d833446744bf4f7a
3.13	615a08759800c755
3.14	23d25514d51c5a99
3.15	c1b5f69409a9d5c2
3.16	fd44a745a0d7f886
3.17	a4189d83c7ebc076
3.18	0c6abb82f4b599a1
3.19	bec4b9ad896293b8
3.20	2deedeec85002ae5
3.21	3319fcd24e0fd3e9
3.22	29db897ae7eb248d
3.23	38e71f4e2caaaa95
3.24	4ecd59d215d088c9
3.25	0a5af872d5619179
3.26	3ca3e55a5611369d
3.27	b04281661f9bd12b
3.28	ee96fa5da1c30048
3.29	fdf609125d3c40f6
3.30	6c0c80282adc914b
3.31	de527e34ea7d9e53
3.32	1ef823c08726a4cb
3.33	40c07d8c5f6cee90
3.34	7c37637e8ad0003b
3.35	c2d990740cfe19b4
3.36	e74ed40fdb10117c
3.37	3aca3b1e0da82205
3.38	8ecc42159cffadf2
3.39	60dfcb3939b80cf7
3.40	e1430b45825ac370
3.41	a2e984e91c05ab2d
3.42	39332962c23076a3
3.43	d689acdadebf8a1e
3.44	ef3a0bf245d142f7
3.45	b4f0c91e6da7e79e
3.46	a5afcc7920eb9c56
3.47	1c6ae38650a616b9
3.48	fe8945511499e376
3.49	5c7ec27c2b63dc77
3.50	3d7d244b6187555e
3.51	817d4c0d2a5dfb7a
3.52	b148dedca8d31174
3.53	77c0796c85f10593
3.54	32c1f86ae3a1eecc
3.55	83091f095dc66b7b
3.56	922910dec491db4f
3.57	29510689e29f4c49
3.58	a5024abc6e3fa4a9
3.59	0639a87d9928cd81
3.60	5ee1a76b3e078379
3.61	28d76dcbacf80ce8
3.62	7a12b4a50ff7d11e
3.63	26a156bff0b2be3b
3.64	dc12b39a9821f1d6
3.65	1332d217c0288d6c
3.66	5579fb139e9cd665
3.67	1ded7133c14ead90
3.68	0a3c7251fca6f7ef
3.69	f83a3091585aae72
3.70	1668d6a57b863b4f
3.71	bb7262ebb587b7a8
3.72	b8965faeb0470aed
3.73	6182c9792a410d8a
4.0	5d242d2bfdc0a32a
4.1	18361c26677797d4
4.2	eb4147a0a8ec0965
4.3	9f643b77540d487b
4.4	baa1c0567260981b
4.5	ae3317a9ceedf8cb
4.6	bb72b60c654654d6
5.0	154dfcdb41138de9
5.1	c1f75e4039faeb9f
5.2	d1d2b1b4f21f2b16
5.3	f93d46911e6442d4
5.4	cf694f6b1abbae93
5.5	019d91ecfe4e7d36
5.6	4510f4c894056135
5.7	e1002980d0b878ef
5.8	35624cccc0d62ae6
6.0	cf31d38891cccfe2
6.1	96de139bbafbab7f
6.2	72d5c69897fcf931
6.3	940354a1d4c70fc0
6.4	01e9f194b52c09f8
6.5	96767a18f5f07a70
6.6	708361d112727e25
6.7	53746aea24898a18
6.8	89ad4105c6f48373
7.0	632b54b8c7ae4a14
7.1	9ed915ef943f286f
7.2	2f17b9064fa8e6be
7.3	a1d9b9132c89edd5
7.4	d1682d1c083f2a36
7.5	b3142aedf737ba00
7.6	af8a626764380e73
7.7	d1ba3850ff36d010
7.8	3950c9931176fc5e
7.9	196de8b7e69d1245
8.0	9d8475c81fc0cc82
8.1	669a89590dba327a
8.2	5729c7bb8f60ce81
8.3	2a4f01a60e88c908
8.4	694c57ca5032a161
8.5	d262c0451d6dcf69
8.6	5fe8957768d2d04c
9.0	62336875219f698c
9.1	a9a0c05a2b192cb3
9.2	8eb629c122d6b41b
9.3	13ecfaaba20cf0f2
9.4	bae0fe3f644a14ca
9.5	3af88a871aad25f6
9.6	0fef5be122c86210
9.7	afa10a5c450f7f7b
9.8	05dd0cc66b78bb31
9.9	12c4e283e3cbd07e
9.10	5f45569875abca34
9.11	794c8b8b339890ad
9.12	ef96dfaf4fd51c6a
9.13	1cb1529e57304f37
9.14	969c5a218b19b30f
9.15	af2a1aff94521976
9.16	43c53710ae60af31
9.17	e4ad1910bee002a5
9.18	1fd4d82678cc2387
9.19	b97f31a37d8c3ee6
9.20	46a1fe2ae917b09e
9.21	b4b9734652ff548a
9.22	535db91ab2df3c1f
9.23	8065c6a0d86a38e8
9.24	b9f97b227c85b83b
9.25	04aa3f3c28de3461
9.26	73067245b1159ce8
10.0	1b43ab05d6db7d7c
10.1	95787e6fadddf43c
10.2	08050c307ef98edc
10.3	3913483e164c8505
10.4	a60dc91452ad5aac
10.5	73ec7b14b94f9c83
10.6	2e4ba66e04d0fd2d
10.7	eb573ad1659f750f
10.8	41b1d07ff42b7ad3
10.9	da496832a5596924
11.0	6abafb1a7232e0cd
11.1	37ab960433fcfc4e
11.2	f7d99d6cb3687412
11.3	009c963dc3d13885
12.0	1a7055f57187f35b
12.1	856fc5f5aebbbf9b
12.2	44aeb56f9ea0c4a4
12.3	31a183b0a9a2d03b
12.4	647e69c537910f0d
12.5	1c9ade631039dc34
12.6	1f228f031dd47df3
12.7	40d266c00605a478
13.0	4562ca721307fcc7
13.1	f552e0312ad82a72
13.2	160751fc861b2bd3
13.3	62b9d0da3107bd36
13.4	5a03bbfa56f69ca0
13.5	db6bca22bdd2161e
13.6	67f45a90460dc002
13.7	98c347d41ffe466e
13.8	7ecf0dbbb9603042
13.9	047a2b6099311de0
13.10	b0cd6bc7d30fe6b4
13.11	b3474e4dfc4d91b5
13.12	da2eb40c861b4d24
13.13	9dee6e8cd0269df0
13.14	834c8e84dc5e5121
14.0	bcf916a0d68a38e1
14.1	033c003a2af66ecc
14.2	beb16652bac9ad76
14.3	007ecfdfcbf243b0
14.4	cb172029dd929edd
15.0	eceb115c330d4e86
15.1	cc06cfffe3dc5646
15.2	7ce346f9d078ea18
15.3	fe54d36b073afc2c
15.4	0acd3534c42638fd
15.5	f6f55f95813064a6
15.6	a1e0a5afa263f1eb
15.7	91106076d929d067
15.8	94d0c01b76320878
15.9	e4ca081e9e540249
15.10	23c613a339adb78c
15.11	422034774b87148a
15.12	978821b1948bda6e
15.13	26d51e1c42cc4f31
15.14	130e2e9822abb141
15.15	4a33fe9e275a52ce
16.0	09e49936b4655dda
16.1	f8f337e033a722da
16.2	ca92d7bdcefefa54
16.3	b99e423d1e379c6d
16.4	8b4f044a46f8395e
16.5	224919912439c46c
16.6	dd8ea2a9f7f94964
16.7	afb124e210c0c78c
16.8	74f2f7d274b2582f
16.9	e98e2dbea6447486
16.10	6c91f392ce391b18
16.11	5a3bad54442baaf2
16.12	575fdc3767315c61
16.13	9bdb04a01ba2ed2b
16.14	17a4d4072b9be3be
16.15	b54e5e843fe2fc93
16.16	79d03c07a3d16015
16.17	c57b4181415b5bf6
16.18	0b64ffae13f8e945
16.19	47397d648109a5b7
16.20	b37d92822ecd3718
16.21	910eb493a2278dbf
16.22	a50b79a2c9160f84
16.23	dcd4972c8348090e
16.24	fd3958bd46a12d4b
16.25	5230d43d3a07d65b
16.26	4b023703bfdd7612
16.27	70900caf5624f6d9
16.28	6496a5230003930a
16.29	88b0f29e972208f4
16.30	772395d35f7cfe0e
16.31	d49c543dec079d08
16.32	0c690a766d889a7e
16.33	e0e9ac2e67f602e1
16.34	7a1e8e6a37ec3eab
16.35	4079469e7ce1f0a3
16.36	7979d0200784a2af
16.37	e5566ec4ea53c2ba
16.38	4b98c4d3522feb78
16.39	4c4980d65aee5e3d
16.40	f1695fc2985c2f3f
16.41	97a42834d181f743
16.42	6a382ce79c4fdb62
16.43	d675f8d75310f379
16.44	8ddb1c73bbfb2784
16.45	39f2be061ee37375
16.46	2e3b50e4efd16882
16.47	7a249b97b30579c9
16.48	64674c3d56ac16c8
16.49	27bad15662a7f5eb
16.50	001b1a8a649a5524
16.51	88762e660b75eaa3
16.52	d2a5761e278c0104
16.53	23ee7f5fe3bada48
16.54	8c82f282b9a6b383
16.55	7f0bbcd0d89a3966
16.56	f2e5dce8652023c0
16.57	f6e31f926242456d
16.58	89754d7c6145ff44
16.59	f20ca0d36dccfe30
16.60	44a1bc1f27a57c1b
16.61	75def81eb9d0157c
16.62	8b489d5335387b61
16.63	8c28225d8142e926
16.64	d27cd1b3404666dc
16.65	2ed33bd813485fe4
16.66	2464e155e965a71a
16.67	5b5ed1ed913aec31
16.68	15514e2b77e00792
16.69	a036064bc95830c1
16.70	57fbac743ac2b8af
16.71	2ea6aacbf8093e0d
16.72	deb520fb441bca68
16.73	9f6634531f1c2738
16.74	418c64845c4094f9
16.75	39c1f0eedf0f02ea
16.76	9a6873f2d91e57ae
16.77	514c4284efe1923f
16.78	fb864d6a765bfaef
16.79	3d3c2e2e0038cd35
16.80	f9462379cdb8f074
16.81	6420b511a0917fef
17.0	4be6aeb924816590
17.1	7937e7d9d00635df
17.2	ab977f5385c6d9d9
17.3	5aafd5d6f038de8d
17.4	211e6c6c8a74ef73
17.5	57297267eaf4b75b
17.6	301079b192bdd84a
17.7	b1f15ab98e20a81d
17.8	8eb3dc811068c3c6
17.9	be0b18571e91c8bc
17.10	510e583053944871
17.11	755d5f96621eb422
17.12	86112d12e43f4eaa
17.13	0f2f6c595336b1e8
17.14	40f28e2ad5b0b5ed
17.15	d2aecc257e56a27f
17.16	6100c0baaa021f95
17.17	8f2d85bba5ce0a30
17.18	789b257e8c5aef70
17.19	f24c6ec73a37a008
17.20	1cf317dbe5484aa1
17.21	a9ce0a7a5b613a51
17.22	6cbdba0d40f803ad
17.23	e09d77922f4293c4
17.24	5bb7bfedf52f10fc
17.25	53936b0754c2162e
17.26	6c19535700224d5e
17.27	e3d636cc41d2ecb1
17.28	47b26ac5f65b639d
17.29	8ecd1f27c7a959e6
18.0	413e9aa84ad09987
18.1	d94f154e2013d597
18.2	9ee71485b26a41e8
18.3	13e4e9c6529dd6d4
18.4	514aef0928d3753a
18.5	61aa8aa6fdf703ec
18.6	ff5d4be4a03033b5
18.7	5e301b7ee27a73e7
18.8	d237503363c007ec
18.9	b08aae946225ad51
18.10	e0a47f2b8f712bfe
18.11	0c111b1ed3634cbe
18.12	17e615442ab03575
18.13	730c6904335cb400
18.14	8fcdf54f02e19cce
18.15	4e6dc345ca399d23
18.16	d2b0476fb19af570
18.17	4a1c805d9dd8c3fa
18.18	6acabce84d60eaea
18.19	f8ab762a9f256104
18.20	bffdbec8c0e41306
18.21	c531009bfd081020
18.22	adfbf48e3009caca
18.23	34f2ea0e06de82cc
18.24	21b36310b7824bde
18.25	feafcc7db24d50d7
18.26	a976cf1c5a546cdb
19.0	d794cf08114b8201
19.1	dcbdb1a229e8b907
19.2	7020a4ef3703f6bc
19.3	ae1e325ef815ffc1
19.4	6eb824118b296cd5
19.5	0a0ab45402073fd0
19.6	34d2a40f4051164e
19.7	c6717a1f4dfd68da
19.8	819dc528c85b4678
19.9	8b81efc9ddd2ae75
19.10	64e7bc65de521efe
19.11	c0baab15f30cb2c8
19.12	f76f32d62f7147ec
19.13	323b013737647a62
19.14	87b0a2b5a0f51cd4
19.15	88c37e299e8dfd91
19.16	dd5295e87535357c
19.17	eea7ab4789cad18f
19.18	111f8bc8a36357d7
19.19	2b8ac60323a98f2e
19.20	130647dae894e86c
19.21	524b7607d260393b
19.22	1a1b566386c0a489
19.23	832e70e198ef1e15
19.24	7e93c6cdb924aac0
19.25	69b465ba90902334
19.26	58b163720ce84124
19.27	db010ef798eaa470
19.28	ae33547f4dadac00
19.29	23cbab9037719d2c
19.30	69aecd02e45ce961
19.31	84fe1d862a2e93aa
19.32	3e0c9ba765998dc4
19.33	117a6c9ed6963e2c
19.34	c4d5f4aebcae7e5f
20.0	6f33cfeace680eb2
20.1	a20e235bfad06951
20.2	de539e4bb4ab75e5
20.3	cdc1d8abfda83123
20.4	b6c467f8d506fa67
20.5	a629c686938460c8
20.6	d52118ae04bbdc7a
20.7	297d6c5fa6e14067
21.0	f5c6edafc2ca911a
21.1	0c516067df3fddf9
21.2	3fc9a6fab22c57fb
21.3	189d20cf7b248138
21.4	b08697103df8b50a
21.5	54717a7fe11db9e3
21.6	d16786466e34646b
21.7	378ccdf092f75b10
21.8	6e233e5081a35063
21.9	2f06a6bef761eb05
21.10	40d93baf030e73a3
21.11	5ea9719db7f3308f
21.12	bbe9c016284e77b4
21.13	a61c6e47abd83bfe
21.14	29bb6fb4f5431277
21.15	a5654c536a20498f
21.16	4b0b9b6b21b9bd25
21.17	d415533abc1fe6c9
21.18	239be3e0e662b446
21.19	a2a8a35a28c80431
21.20	94375b69fe7d695f
21.21	516f1e31a5cc02a6
21.22	d52b9f7b3a16c7a2
21.23	359a032be4319c49
21.24	fb256c220f9f5743
21.25	977104568195b500
21.26	661d189d9a66354a
21.27	015bb3b948a4e6c4
21.28	3b345c9371bcbaf1
21.29	83bbcb51dc90f5c4
21.30	ace5f54a0e8ca226
21.31	3b4dc8bef16993e5
21.32	ce9495f95c6adb54
21.33	8efca0c233348e27
21.34	3182e2d14d76d407
21.35	28ab9e2ce22703ad
21.36	3a75ccedde98475c
21.37	a00e9eee90f0a7c2
22.0	f8f3c02ff8c3c7c2
22.1	202f4f503d79a83f
22.2	158d6488f767bd67
22.3	4559e8b1b7fa91cd
22.4	75c8b893860bb37b
22.5	2c36dd770d7919e2
22.6	d3e734c110b7fa8c
22.7	440bbc1f0b5bb31f
22.8	045bb4017e9c7b33
22.9	41d48d518affaa3f
22.10	cd34ed8d77d7c77d
22.11	927b9fbf6070e255
22.12	919ad45f7001c608
22.13	2591f867d166823c
22.14	566f8896b98437b9
22.15	6ee6f18f4b3c26a7
22.16	a2a1c297b1dec3e7
22.17	f603219d4080a950
22.18	6c6495b4362bac73
22.19	e0ce66b1ad798342
22.20	712ff7d3ac39e9dc
22.21	4b1abcabad595003
23.0	96cd924fec2bf13d
23.1	55f4ca90847fcb1a
23.2	49e765488c36e2e1
23.3	8890917a73893ce8
24.0	fffdfc0ca22be555
24.1	9d85b603012650ba
24.2	ecf0fdea667f1c6e
24.3	ba61b413f79e0629
24.4	01619435d8b8e866
24.5	aebd2e01f229e0cc
24.6	056d360296fbef0e
24.7	ece2af13c0edba75
24.8	e3b929eb6162a3f8
24.9	3954236c0ea9b8e6
24.10	21f1325ba8029ac5
24.11	5f273e5a5faa0c15
24.12	68b79f70ddcb914a
24.13	102f2bf99f75837f
24.14	050f818ecd22c687
24.15	6fc33b68f184a947
24.16	7b73e9148644e413
24.17	dd0705f007d960a4
24.18	5233d374b3ab6df0
24.19	b10b68c84b89ce5b
24.20	92648bbcdc5106a1
24.21	3dccb343264dcd7f
24.22	b833757494f019f5
25.0	4cb41e94d4970a38
25.1	d6a6ebf249802be1
25.2	f12b6d0c0c2ae1e6
25.3	08e82e09a3c2a8e4
26.0	a433936a80978a8d
26.1	73c30c98c0ab5672
26.2	3fbfaeb6ef9ccfac
26.3	786d1e2b084914af
26.4	d01b900437cf1af0
26.5	29a8e2b95ddd9a19
27.0	c4deaa657aa23322
27.1	235fdb3398139c3d
27.2	79f5d99c22c5672c
27.3	cb8c2ba5cb9c1aef
27.4	5d02013ac0c4b61a
27.5	0e9f9b5f0496ca01
27.6	9e40aa185b8a54cd
27.7	b3515ebf8cd0d3ea
27.8	020bd76e4b020096
28.0	c10ac04fea24a4dc
28.1	c7eb47410643359b
28.2	13277fcc69c54265
28.3	9f8c305ac62cb00a
28.4	2d85d44fdd678449
28.5	cc834ab427f1ed91
28.6	495ad50e4538a7bf
29.0	d3c4ce2de148668c
29.1	8e54c0721d6597ee
29.2	de626311927acf5e
29.3	cae27801f591dc8c
29.4	0df413276c4f25bf
29.5	0c0a6e570f180a69
29.6	3dfb31c3204ad4bd
29.7	ce587cf20f273149
29.8	649254b9c808bf59
29.9	917f9b07d72a2063
30.0	cef1d0e33b600644
30.1	aadfaecc54a31c61
30.2	8c4dfdd68f64cbcc
30.3	969c80b28108c70e
31.0	434e4ea60e7e8842
31.1	ee4babe5a1e376f2
31.2	a5d5cac7ea56c0e7
31.3	1816291b8b17c8f8
31.4	93f2b16358243aca
31.5	c2ccf0717d631670
31.6	30d77da36921ae21
32.0	e9846b0900a46dfa
32.1	5690ab5dd14ee7f9
32.2	76b64fb85a30f411
32.3	e2368a7b6059f15b
32.4	ae0bac260a0ae3ca
32.5	6a0c4e442d599820
32.6	26e7b855aa9f28b0
32.7	d43c1a4f783f5e51
32.8	81f768fb1ab0c7da
32.9	7d10b820f76fe48c
32.10	48829d794e56b01a
32.11	d2718e84b5e04f92
32.12	4a2ae6858a7cd7d7
32.13	180c32c51416e696
32.14	4c5d6b9ab32770ec
32.15	0855ad692d7f28ad
32.16	684dc8850d40f771
32.17	551e9cf7e85654ca
32.18	2cb1e7ac95ba221a
32.19	f61cb78d51046029
32.20	d4bc24ad45efe35d
32.21	0bce9dd727ba324b
32.22	28a13c0518175fa9
32.23	930b8234d6174305
32.24	a22a18b6c9bd3b1f
32.25	da82a2d653f64bde
32.26	21a3a3677a8a88a1
32.27	d422aabfcdd848c6
32.28	5b7c4690a62c06b3
32.29	8fcea70dce1709fe
32.30	76f378f464f8a8ea
32.31	7350b2e04d14d847
32.32	5f19ebb015486cff
32.33	dbcf5f39ebbc6a4c
32.34	0d31d3a1caab4756
32.35	72f98667b65b4af2
32.36	f8d08893680198e9
32.37	9c26b5721a14063b
32.38	b8ce2953d864ce24
32.39	5f5d4e97d0d606fa
32.40	434f37c07068556a
32.41	3426f26e1b0500a6
32.42	6510c32369857e41
32.43	201ea4a6d24c2493
32.44	14e74e58e46b35d4
32.45	b15cb0fe3a9cc418
32.46	12a45d293f068a93
33.0	c6e42ddb70d57a99
33.1	ccb78a1e7f2abb56
33.2	21c2050d8634f6e0
33.3	cfe2eda18b68b063
33.4	e1403f6bc9cbf21b
33.5	5ddb0b408ed2468a
33.6	316055dca42387a1
34.0	32a65a8f30dd368b
34.1	1990927d83776030
34.2	844c2de51dfcdb00
34.3	fc227ddbdb95786a
34.4	b938efef8ae473db
34.5	b746982392dd79c7
34.6	ecf65827ecfba646
34.7	a9c1a50172084854
34.8	7d518b7c0a44b063
34.9	62fcecd5f5ab7e4b
34.10	7498342320950f15
35.0	1167dc27cda16830
35.1	81b50322f4fd0bbb
35.2	6a99758056492152
35.3	809d3553c7a6f0f2
35.4	22472ca87497817e
35.5	f55f52e18c950b68
35.6	e3a33686dc8a923f
35.7	672d97a844946628
35.8	66617d3cd90a5a92
35.9	48dbbbe68b137fd3
35.10	74e52a5209917e67
35.11	4be4878ae3c9a432
35.12	9baefaac062e754d
36.0	12ff52da72509a41
36.1	ca34e05ae6019993
36.2	c47af7e8842f539c
36.3	48829928a9243627
36.4	33ce9ccd03f5b20b
36.5	e81e5901b12858ff
36.6	1f8fda7805c034bf
36.7	c10d1daa66f74350
36.8	f18078ec55090c81
36.9	b7d4c9e37fbf3f09
36.10	a7441bc6e5bd1492
36.11	7e4ab22058f89d08
36.12	608beee9f6547b89
36.13	c2699bf17ad0cc95
36.14	9ec8862cf8271b93
36.15	dec6cf543efe3183
36.16	884ea9954bb1857f
36.17	9c36246136f3e9ca
36.18	a8a05113da773071
36.19	f9ec46bce1d7d97d
36.20	f4387a99a453a329
36.21	0b633620bf3b7f3b
36.22	8cb7a36f3554ce42
36.23	69971b52fc67e9cd
36.24	7597b5ba10bf9061
36.25	9223f12e6ec6c357
36.26	9a26a735baf5fb11
36.27	56feed975a8a8f42
36.28	76e4d3b2082399a9
36.29	3491a6974cb133bd
36.30	ecbf2f0aff331c8c
36.31	e09e5ab03b32462b
36.32	e3b59eb1ab384bd5
36.33	7714a5facb5439ca
36.34	02e84fd05f8cea68
36.35	e870f7292e291c2a
36.36	864fbc710808e90d
36.37	8f391ad1975683f4
36.38	0890b5024d5f01c5
36.39	ce3b9b283d14a386
36.40	1291316acd52952f
36.41	0ccaad8d008d4268
36.42	17795e7897bb9255
36.43	fdde496b1317131c
36.44	611640ac524761ce
36.45	8603ebbc23663666
36.46	005aa62c0e4a2b83
36.47	4e654bedbf507b2c
36.48	6f07c465937dd17d
36.49	e6a6d048b7e8331f
36.50	a27f68f4d41f887d
37.0	925ede8cf8b39102
37.1	955426eb8b989668
37.2	bf8d25c6f7eb7100
37.3	06838a5da785fb9e
37.4	0cb4c4a1c1e5d2df
38.0	68ad6feb25da4209
38.1	af964555dfabc513
38.2	63d7ccc7a4833f5e
38.3	c5b1128f0531def9
39.0	b4661894758529eb
39.1	6c1b056490d3febc
39.2	feec1074ec453eac
39.3	a36c62daa4abb7eb
39.4	70344a8b16fdc464
40.0	158f09284b0163de
40.1	b3031e199f0a50b8
40.2	1adbbe4f52e46a2a
40.3	564844375ce9a8ac
40.4	1fdbb5dd4c7c734b
40.5	8a837bdc90cf257b
40.6	d4e105e6558f99b1
40.7	94202959036142de
40.8	2790c5657e277802
40.9	e2330b5e0ad63e8e
40.10	cc0fe31390065c47
40.11	81a7a9cc8950110b
40.12	601f51997fef8d81
40.13	f1053c6a877fb803
40.14	8985c585b1ce6888
40.15	8da7dabae7df1b3f
40.16	4df180532f167343
40.17	eaf994ca0fb8f229
40.18	011bf38d50d0a799
40.19	a1a46285c773d0e9
40.20	b1995c2d23558242
40.21	2af9590356976331
40.22	74490b5a806ba828
40.23	e05e40be94e24cec
40.24	702dd65435033ec4
40.25	9a85665675e47f00
40.26	c62efc14f9fdf709
40.27	32569dd86f9cffc2
40.28	4d7eaf537d483743
40.29	001a1d4e32c9bdbd
40.30	9d18aa3787bf846a
40.31	a3de53ab5b9f2f00
40.32	6c8b4477b70e631f
40.33	8251053b53c42347
40.34	e540191505ff5838
40.35	9c30413ab1ea2da4
40.36	49a38c777729d5d3
40.37	9970d11742f8bffe
40.38	25773574ac51dbe8
40.39	4dbd48d7ff5d4b06
40.40	43fb22125cc9a697
40.41	b8f19823db69cb43
40.42	5289ee93fc09d3c3
40.43	c5e49291299c3254
40.44	e934e82265e7795d
40.45	a1d0abeb6767477c
40.46	9c2a654f32fc8e9f
40.47	18c2b06d1f96d13f
40.48	ab02668dd7540dee
40.49	ac4e3b31ccbd2a67
40.50	a72389ec5a76e77c
41.0	4f78c41bb8394637
41.1	a18ff8841464615a
41.2	b93d25b1bc3e242f
41.3	5753eff730f92a1f
41.4	1f867422b643d4b3
41.5	86cff91767996a8f
41.6	23e6d3085a90c79a
41.7	ff5a865d26a50065
41.8	c7dd9a45dff910c0
41.9	38dc06628a3190a4
41.10	85e8c35ff897ffe9
41.11	51e6df5b9c10c17e
41.12	e7af8ff007e67b38
41.13	0814cccde1d538e3
41.14	459cc5c12850636c
41.15	62d9c9bf2521df91
41.16	770cafe759c395ab
41.17	5447dbc6fb48376a
41.18	8212ee4fcba48cc4
41.19	54d8bd691c6fcd8d
41.20	b846797b971a0fce
41.21	d94e1a94d731d322
41.22	ed7da2d0026f1b9c
41.23	4706cd51f8750908
42.0	573e3bf2d54073f1
42.1	f9b7f261f1831e8c
42.2	f7079613ea8d41ca
42.3	a1f698196c3a75d9
42.4	75eb8b9ca350d913
42.5	2f70d500f238add9
42.6	cfe4dd5a4d7de01c
42.7	35c94224873649b4
42.8	9dfed452f57938c9
42.9	26e5ff59ca9d8311
42.10	1bc2ebdf7beac743
42.11	a287c7eec872fc38
42.12	0954e677a3801e55
42.13	c9aeddd4736c4fe5
42.14	c65ac6da4b5f9821
42.15	31217f7e7ca43753
42.16	a6aa590784750251
42.17	a553a8fe7287f678
42.18	9c11b154634bab35
42.19	1de2fcce2a6ed2e7
42.20	a70c74ba2d9d2548
42.21	15cc8fd880aa330b
42.22	1be16aa5aa23f6d5
42.23	f702254061c629ab
42.24	9e1a390889e2cfa8
42.25	14eaac734cbf0fac
42.26	bc6b4aef2bb242f9
42.27	c101a0430b6445a6
42.28	36b1e750921f35c3
42.29	71fb99b6d241b626
42.30	d6497e42c397409c
43.0	71af0656a6208a42
43.1	04d27745f00feaa2
43.2	284ff26053b71251
43.3	6e755ee297eca142
43.4	1f99ed7490d43298
43.5	3f21d6015bda8902
43.6	6c34831addd98cdb
43.7	23eb3c430e3732d1
43.8	6ee4cffc0a60c3e4
43.9	e891d78c177ea8ae
43.10	069c5924c6f1a32a
43.11	dc5d9f392c14ba42
43.12	e0042f0fc342e3b7
44.0	c6a05c55df883b90
44.1	61861ae2202f83e7
44.2	0399580ebd1f3793
44.3	5e46fbaee2e7917e
44.4	6883da832f74b8ed
44.5	6a35b8389936135c
44.6	372f0adb69bfe29a
44.7	5384960b3ec44854
44.8	8f0c362ff006c72f
44.9	5c141e4b2ee81c95
44.10	d48dcbdad0d3a67d
44.11	0be7f35b06e633e7
45.0	0585e339f18de258
45.1	c06795f752e38a0b
45.2	cfdf62b71212250e
45.3	85cec46d6e831e0a
45.4	b28cda7dbe6ef44c
45.5	c2ab987853821025
45.6	f9bb54bf2d076dc2
45.7	250dfaf24e1fe69f
45.8	1fdfc4dd82319782
45.9	25a7211eed7970c9
45.10	e43584724ed8bb04
45.11	4b241b2ef2220ddf
45.12	cadb62a405d67fad
45.13	8a3a3b5b60aa637a
45.14	9979dcd8b3a8fdeb
45.15	00d08d05c9f87539
45.16	0a4a2913146b7701
45.17	a24ccf1c28867a44
45.18	4042f3358d82c9b8
45.19	dfc559d841ec9820
45.20	2b9860ed23f06d49
45.21	7f11ddef3b25e5ac
45.22	c9e3a580c8671cc4
45.23	c49f309f26f143bf
45.24	b6fc63e3a72961f5
46.0	49cd288a94f0d53a
46.1	d8ce955d14549366
46.2	eaf50f14d0a0a316
46.3	53a2041d69f73276
46.4	3e29164a191fc100
46.5	1e07ba08222f7302
47.0	e8050b66a2094d1a
47.1	21e8383cdfc5b69e
47.2	155f38830f36e4d6
47.3	61f1a34a17f2f521
47.4	67e781cdddab6405
47.5	7cd01b4536e2edaa
47.6	e98bbe647764d632
47.7	5f7ed5b8e37ee224
47.8	9febca2fa5d87051
47.9	ddeb9fbdf535ebea
47.10	bc9841bdb1e51ae9
47.11	a1d9be9706a0f45f
47.12	714e847ed187c3f9
47.13	7cd1293a128f2f22
48.0	87d3fa9f33936161
48.1	1d8eba740a00f187
48.2	891767615a84773c
48.3	4e54e02155a4bcc9
48.4	3c2b430d6975f9fd
48.5	532b9e56d65a5451
48.6	cbd94368ae9ea04b
48.7	e2756853fcc1a499
48.8	0b53faf684005083
48.9	14ea50b27d6fd851
48.10	f76d44d8520b4f36
48.11	221bd4bbfd95c9d4
48.12	8fce8154c53321e9
48.13	0d28b28300395e70
48.14	02645eac9f32a9db
48.15	393182ddd66cb23c
48.16	b5b9a1afe55fb441
48.17	68f299b5bd732c30
48.18	49aee8ca1b6ce76a
48.19	fbde23c520dbc536
48.20	c6dbff6fb2f374e6
48.21	acf7a543f1000d35
48.22	acc5f81b2032c777
48.23	17bbc7eabfb8dfec
48.24	a10b647dea097417
48.25	10e51b953c9052e5
48.26	534f50a6cd0daa96
48.27	ca4486e1fb896fcc
48.28	0660f00fc7fbfa79
48.29	06d86a07768d66de
48.30	38fc7294a1832ad0
48.31	52d8c36949188aa3
48.32	1af806c55ebb3a01
48.33	7b34860c7d4d85ac
48.34	64526f1f04cc20c8
48.35	f2dd8ce435a83f7c
48.36	44f8b935ea4b8764
48.37	a8bdf18bd7ca3d2b
48.38	28e41ba00a4e1ca0
48.39	a07dbcad47db6fe1
48.40	937badb1c61952d7
48.41	83866cb05e17b5b0
48.42	5a0a6897823cefa3
48.43	bdba24c530bacb97
48.44	217301d9fd4b4751
48.45	900ff54f6671fb5f
48.46	63654eecd537cda3
48.47	1c9dcee87cfc91dd
48.48	c457dd9e14b5c43a
48.49	8cccf064222af201
48.50	0ab0872a4b8181cb
49.0	b093906ff1c7ca63
49.1	de4f81b8496c131d
49.2	6243927442634d03
49.3	14afdb1202f611ad
49.4	b8a5f5f47aa877a2
49.5	15ea957a647d2b84
49.6	c9428fa2e9c4e77e
49.7	f6af748f24bc1c59
49.8	9c089a2834070b60
50.0	df1c497ea426e1c9
50.1	1b40197e0a027590
50.2	edec33eda5dccf8d
50.3	744d77707631cdd0
50.4	47e8427215cd29e6
50.5	bff3118d14e9ab81
50.6	ea74d0b830832d91
50.7	cf32f1fbd510395b
51.0	ac4ab6b78c174da2
51.1	c7feb4ea8947e4b5
51.2	5793b3e8d0de33e8
51.3	83bc1a977ed87f2b
51.4	b07c36f80de1d467
51.5	6d262baaa9f13b68
51.6	f2491e2b6b7faddd
51.7	f42c1c1496a0c2f1
51.8	01f31e7acc4759a3
51.9	0b5c92a8caf85637
51.10	301faa01fa4979ad
51.11	6655791894ebc79a
52.0	83ce4b12fdd287b4
52.1	5266d75dddf3028e
52.2	5c8fb0376ffa7689
52.3	2ea9be9993a111ad
52.4	2af8e889b53b9e1a
52.5	de8a021c01a1110c
52.6	e4d1ba00091e27a9
52.7	cfb9b963b012c5d6
53.0	2a81557aa7a84231
53.1	9f86ce28f24aa278
53.2	605c5bca7193ee33
53.3	afadbfce9465a8ac
53.4	ca69e734334fb016
53.5	0267c178074bdaa9
53.6	b0474132bbc1f6a3
53.7	d8ae57f170278e1b
53.8	c3ad306a53d5de70
54.0	7351c37fb98c4087
54.1	a7e6ac2eca696867
54.2	90bdae87c83d5e74
54.3	6e6cd9aaa9042af6
54.4	1f4bbb644a9c3c05
54.5	bb73b0a9a33450b1
54.6	1aaef172823fa1bf
54.7	159883f13c826258
54.8	05de03b040d64533
54.9	a482ce987dfe9278
54.10	d223afa68498dcc3
54.11	b3dfcdd1898d0882
54.12	b5406bcf391b492b
54.13	61d18cfb18d0b9f1
54.14	ec8bbf0dd6da41be
54.15	015d65fe54a84a62
54.16	e6bc8d9436105f58
54.17	b24af3d63dcbc978
54.18	e62c4d0c6378b560
54.19	34d793f7c3f1df5d
54.20	5b59b0e03e737548
54.21	a209c76cbcb066b1
54.22	cbd44d810d204145
54.23	dc4079136b7bb098
54.24	423991e639db1266
54.25	3b4386dbef578e33
54.26	dca9d64bf2fc5249
54.27	5f991a7608650075
54.28	e74d565a37fbde4e
54.29	5e1fd2f1735d1000
54.30	8ea8aede0885a1bb
54.31	11e5ee786c6189b1
54.32	65bc39a3ed848f79
54.33	a9e7eda9acbfee6d
54.34	fd473caab0ea8278
54.35	78b40261b6228f2f
54.36	56f2ef3ef1143ef3
54.37	aa6b0723f0de8f2e
54.38	d12250e0196b0155
54.39	fce52dca0706bb04
54.40	8fa73edd1c18d843
54.41	9eeaeb9473ef5ef4
54.42	c31c3a6c066d699c
54.43	35a84faf99cf90b3
54.44	71ac2dab03d501cd
54.45	b2c655c22d5fe723
54.46	26a618ec5a78834b
54.47	507273742d670f44
54.48	da3bb137ffc91e06
54.49	512a8470437d352d
54.50	c7d2f844280e0a85
54.51	5291a6f806c11606
54.52	12098061d578c478
54.53	5e200f57bf58a9e8
54.54	e69d480c19413e3b
54.55	48702ff9ac436886
54.56	8113b36309289ea3
54.57	798838a90639e0a0
54.58	e9934eb91b6a5f87
54.59	62f917fc51df1e6e
54.60	fc598599e31c66fa
54.61	609938139fae75fe
54.62	ad474d41cae60927
54.63	66b9c17b45f7f78a
54.64	e51eecde3be50137
54.65	eb544423bbc058b2
54.66	6e634f1834d9e7fe
54.67	36c3981517fc96d6
54.68	1b5abd2f989171be
54.69	cb92c30ea21c5142
54.70	214efbcf4f29a363
54.71	72cce32bf4b00193
54.72	4fb60b86432f3cba
54.73	4011e4fe39de8f3d
54.74	2eee523aa070fd9e
54.75	51724b5142524809
54.76	83df1869a742ed44
54.77	c35e1c55a0e52399
54.78	4c493f35a20f0689
54.79	006495f063843cfb
54.80	a402fb6daf581505
54.81	12def04303bcace7
54.82	e0e7c8799bd7101d
54.83	ff97e4db9d215742
54.84	e0a23b116c260f10
54.85	4cc0ca8a93c609e0
54.86	6c84b5d4e4ca2640
54.87	26d59dcb5a7ed48a
54.88	66159a801fbf36da
54.89	1e944dff6c5bbffa
54.90	9d7ed0d89f67f932
54.91	d8465acbcbd916c7
54.92	cf4ec7e52f01bb65
54.93	1e8ff47ee16fb869
54.94	a9e737725501d593
54.95	ad48a0b25ba95e32
54.96	38da5db5a8786b12
54.97	4a0b260f1fc05673
54.98	6ef598cd9b9b3223
54.99	e8a822d8ee9593a8
54.100	59c3d3b79db4ba1e
54.101	19164f3a4a99b23b
54.102	c0e279104044a374
54.103	da781382dd9970d7
54.104	287a39e65b6d539f
54.105	6468c65e6a2c7679
54.106	0febe3314d3c175b
54.107	e785a0a5b42b43d9
54.108	14e74e58e46b35d4
54.109	9867767c6f7bba8a
54.110	8a5e39f26f7f861e
54.111	b6eb470e9ffc6b52
55.0	4499774acd089314
55.1	82242d74a6fbc56d
55.2	fa9f680205b18872
55.3	8aee240fb0dad6a2
55.4	f82c48dd4114c4a0
55.5	1986b04d43b6316d
55.6	865861240617902f
55.7	fd4e2964157bff58
55.8	578a1b9a79879f43
55.9	2afaada01516a797
55.10	2231976d56152c4a
55.11	5d7d895df8b0c50b
55.12	967e322f1546a80b
55.13	b72966ebe6d05294
56.0	59be00e51d6c2a66
56.1	97fec6013518bb4a
56.2	8d24ae14caaa332b
56.3	ac708180fc6ffbeb
56.4	8200a968bd3fc300
56.5	7dc2704f194c850e
56.6	6e2c1b61204b9616
56.7	82888bc27fc2ffe3
56.8	cf6505d64898b809
57.0	6119d9767ec24a2a
57.1	06daddf89503abb0
57.2	cba96cfff2a4badb
57.3	67144bcc798250d2
57.4	849d3956c2324654
57.5	7990de72ce7215ac
57.6	14458032ef3f6d38
57.7	2751979fced8ae64
57.8	7887de22cbec76c5
57.9	a3c42536ac171bd0
57.10	705df4043a22222a
57.11	be62f3770e7be134
58.0	112d7d520cab9a38
58.1	e0e43ba12af34994
58.2	4bdfc986fda36266
58.3	56a0f25d1ee13285
58.4	bbef2c8506aa84e5
58.5	d366263043dcd4e7
58.6	47cbff5919ba2b70
58.7	96ba8df697312384
58.8	300a728ca5450111
58.9	601f9bc6c442c09a
58.10	2fb55da49e55d20b
58.11	c69ad5ec0ed365d2
59.0	e06af9c4246a88a6
59.1	5fc87bc9759f1cae
59.2	f3d21f341f91396a
59.3	d0e2cdae1f8ae615
59.4	fe7c583dfbb9eec8
59.5	471e4e99d8e1fe30
59.6	bc8fc6a2578c8408
59.7	6620d23c3b3abbb6
59.8	6ac5b263e5ae5e09
59.9	b53fecc62cda0216
59.10	06318e65d650e972
59.11	cd026c9ff214a2ea
59.12	35eb18fe4629a761
60.0	957eb5b27815e890
60.1	fe59fea2657e6c3f
60.2	8187adb5e56a9fd6
60.3	bf696b3ca8cf6b90
60.4	0d6cc240e9815309
60.5	a049b8f870fb2beb
60.6	c83797dfd0a2a458
60.7	51d65442e4f7f56d
60.8	0275fc3c00f87e26
60.9	271c0a7341885d43
61.0	a8fd9877b59af98e
61.1	3c3f4b2908e60468
61.2	a987d281b93c906d
61.3	75e0a03c2d63e2c1
61.4	570131804dd7e805
61.5	cae14ce04a372cd6
61.6	ea82f3835dbefa42
61.7	cface071a60ae863
61.8	0069eeaeb4bc2038
61.9	2f51530b2c76a908
61.10	583425d57e1fab3d
61.11	66f17cadad81235e
61.12	e28226f17716ea90
61.13	a5ce4ebf9f01b263
61.14	e713e01be12164f2
61.15	e93614756097a9ec
61.16	d2cd9aa514f638d5
61.17	567db4ec35ac404d
61.18	468c5f0bdd2e2969
61.19	82226b063db803b7
61.20	c81891934bcc37e4
61.21	d3e36ed61c0aef8c
61.22	674b2938bb55f5b7
61.23	68ce4c83b9b219b6
62.0	785c14ce86364ede
62.1	c890ce7560f37021
62.2	57476306523de0ef
62.3	b7308cb21f766a38
62.4	068893901fd9ced1
63.0	0ee604ac2518154e
63.1	74c065035748eece
63.2	0870fc188297ea97
63.3	4edad0770837382f
63.4	3d031d7a6fe8ec70
64.0	7cc5e0cdfe6bf244
64.1	92b0440ac1b058ef
64.2	7bd2ecfbea4022fd
64.3	f8a23595f0892f4c
64.4	22640e3c9009b9af
64.5	5bdc91a23e246a92
64.6	2f776a0269bbb5da
64.7	791e6e3bb29ecb4d
64.8	43ebdedf72f23865
64.9	78f742d9e7de7bd8
64.10	d853b61100c175bd
64.11	fbfc49b166738f71
64.12	bdd897d33ccbe425
64.13	bc00b7beda121726
64.14	e7eb8ef7dcd2d50f
64.15	275765c01309952a
64.16	ac07286abf74275b
64.17	0767dbdafddaa1f3
64.18	040175e538028747
64.19	dfc2fccaca9c704e
64.20	5900f5583730e4b2
64.21	e04173bbe18c4973
64.22	57db565a9454637c
64.23	e0f15cd1b9e4d302
64.24	ab38281a280eee3f
64.25	cabfe1787da44fc8
64.26	49e7d5a38cd2dbc3
64.27	6d19f7e69fa97d2f
64.28	1799fc4ecbc61956
64.29	8c47c98f5fc507d4
64.30	af79f6cec9ec425c
64.31	d62e646fcc0df225
64.32	0be8a37f1199fb89
64.33	e1228e20208dccfc
64.34	68310b5561065a8f
64.35	fbc8eee8658422df
64.36	8f5adc293eb2df99
64.37	c693abd6b43226a9
64.38	cd8efbf3088fe88a
64.39	3f8655197cb2f188
64.40	1c1d674d72305b3e
64.41	6de1e52e3d92e4d5
64.42	83b7115690fe4c4f
64.43	560c7f82390da8b0
64.44	169bacf4e96855e3
64.45	120540eda7019c60
64.46	7d88057ac585f3c0
64.47	07cd24c3b8b3b530
64.48	205334469638d577
64.49	bf0808e3f7c6f2f6
64.50	1bf958581a0861de
64.51	559e0e8b2ca4d888
64.52	0afa33964470cabd
64.53	7a1c06e4870e8673
64.54	0e142cbf3980e648
64.55	31c5e9cfe8478755
64.56	bdbacbd30edbca19
64.57	fd07178581e21466
64.58	3f283e2c343db528
65.0	df13c73e87986c84
65.1	b871ce2dd703fb04
65.2	1e091a86196d7bc3
65.3	6e8ec3c9ce6525bc
65.4	f7e25c96afa5b3b2
65.5	4f09705e1d9ce026
65.6	a61e228623d1955e
66.0	706489faf8b2b4b7
66.1	ccf0e65561f05a5f
66.2	09d6957bc791894b
66.3	7d874741ca0e3c15
66.4	9e187f8aa85b3854
67.0	036f75dcd3dd72a7
67.1	02f762d51e6c307f
67.2	e357d8874baef9e4
68.0	1b64b0b814365417
68.1	5a12861ed4132a92
68.2	ff5a7097368313af
68.3	b593aa58fe690048
68.4	23b270028648c40f
68.5	dd1ea94dd82547f6
68.6	877d499ecfc710ad
68.7	a331da7f5d638a49
69.0	a1d6706c32353ba5
69.1	1085d36d1c53e6e3
69.2	9eae594e9a0eece1
69.3	043fe2c0cd702a11
69.4	e12b41f38338d298
69.5	a6c963e48db3649d
70.0	28471262b37baa38
70.1	27e23f9722ab9614
70.2	a13c8a4f79dc22f2
70.3	7b9801964f48300d
70.4	d589fd3bd9426757
70.5	67b1d21e82d83894
70.6	6d0cb8f73e7e2d45
70.7	07dd2659dc84afbe
70.8	f5a5986fe9dae52b
70.9	99ecad11646afce4
70.10	f11a2bd8967ca8cb
71.0	f7d48b0efbf75b8d
71.1	fff7912f1f494056
71.2	b5d2543168e1b5dc
71.3	564c3c2c1133b4cb
71.4	995f22a34e32fde4
71.5	89b0b883585114b2
71.6	dde1cec50f3b5e85
71.7	6b251014f88632eb
71.8	f586e91ea37c7a8a
71.9	342daf8367485de2
71.10	dfe0b87caeb9becf
71.11	ab8544db9b108a41
71.12	8d648215eb6e1b75
71.13	6ee51875bbf8f416
71.14	2bb3a03b25fc3bd2
71.15	239f443cd6c4bc54
71.16	2a5ca78f11d3d29f
71.17	b2ebaa43661be179
71.18	47811bbe51d00e88
71.19	e6b52cab5b4ed45d
71.20	cd2892f98b26d971
71.21	e736a22dce84f9ce
71.22	314d3d93cb1b265b
71.23	85a4a5dc1df083c7
71.24	d2f7f9cb925d46cd
71.25	562dfb36f288d9f4
71.26	9652b39dd961c7d2
71.27	258ef1ab3b828362
71.28	4dc9199cf3115a2b
72.0	1db3f3b6b0566598
72.1	cc37460efd3483db
72.2	8d0134d74b4077a6
72.3	8b899697fc8b6718
72.4	4b2c3dc00a4d8a0e
72.5	8b176908b666837a
72.6	f49a40956dee4119
72.7	219abb4d340c35c5
72.8	3f8315d3400b1f79
72.9	393b06d152980de5
72.10	a618c2a1244a22cf
72.11	1071ca7764c92a28
72.12	3aa6c3f708a0ed85
72.13	ed2121214e766ab6
72.14	e1184b94ed352c0f
72.15	bf0a8daea9373bec
72.16	052bb5ebc15100a6
72.17	7bb132710e3d45a6
72.18	65452fa37b949dbc
72.19	3673891c5f6f139d
73.0	344667324e5ef42e
73.1	3d5c185e12764e38
73.2	c3f4f2d6165f4e91
73.3	39a13a08208b613a
73.4	45996a23c7830c15
73.5	16c6e10d148f0e89
73.6	9e305f95e18579b6
73.7	8cbd883576a702e4
73.8	2dfb152c6975050d
73.9	e4ba1b99fb4425bd
73.10	4d3a618a452245c2
73.11	38ea16ab0b1d1737
73.12	a36dc43cec0b7c99
73.13	63ce8d8d68683aec
73.14	c593a44379a4ac7f
73.15	59a53915d4dd4db5
73.16	7ce795b8668dfe2a
73.17	9fd0c9c35baa00b8
73.18	e6c93d0a86bfaffd
73.19	be8fe5b38d890f65
73.20	3317c67d5a2f1b91
73.21	cded665a1dc571a2
73.22	c88ecd702c94e9f3
73.23	bb94d402aa6befe7
73.24	39c89ddf47fb4eb4
73.25	dd97031864c245c3
73.26	99b3a47378f10e36
73.27	0bb4d76dfe2a8117
73.28	e2b482e0bade3c16
73.29	57daf8a707c75370
73.30	1e167ee2b7dc8d63
73.31	0dcaff76bb0a1e9e
73.32	4b5bd4a7fab401c0
73.33	9812c80a4d9a71a9
73.34	1c071554826ca428
73.35	cb6256bf028a0eb7
73.36	a6cca90e071c18a3
73.37	927344ec69719b37
73.38	27fd56e5a981b661
73.39	a970f1349f63b33e
73.40	426665858889de46
73.41	c301b9368ce9ce84
73.42	e443f4285358d2e5
74.0	eacb96231e853988
74.1	ac0ae459ca94e80d
74.2	6a06b7629227f864
74.3	f0a083b561b4b308
74.4	93846f53405d817d
74.5	ffdecce3fb970ab4
74.6	77cf5b8ab4b243a6
74.7	fc543b1291903d48
74.8	9b903139317f25f1
74.9	c5c64c96e6bca199
74.10	2231dd820367a7af
74.11	7c201dabb4b3a7e0
74.12	cffcbbd8d5b768ba
74.13	be75724282c901db
75.0	a5d469adbc94325a
75.1	9cd7cc5aa13ab4c3
75.2	e18d5000a1519abd
75.3	56fb5db075803c61
75.4	e5b74e1c9a160825
75.5	b40ddb7d51e82917
75.6	024f29fd84be4aca
75.7	19b3f39d25cbfd05
75.8	ae7e159c934f8a28
75.9	bda59e41acf4b116
75.10	299f814dbd4d70ec
76.0	5c6f3afe6f0cdec9
76.1	20d8e3bdea0db64e
76.2	e12749cd83de9556
76.3	ee2c4c89de0d3345
77.0	6f7b3f81939e3f18
77.1	4b5ad2112d9805a6
77.2	3aa39cced934a98d
77.3	e0f9ada13b4191dc
77.4	7858d1bc198ef2b6
77.5	04422eaa6391186e
77.6	ee8562f2bde09703
77.7	f7a701bd73367fb1
78.0	264154345eef1111
78.1	92e22ad25e763505
78.2	171405690b654951
78.3	3647382f2d34303d
78.4	4f615d4381cfb949
78.5	cde59d1ac63d4b10
78.6	fc9c91e8608bd949
78.7	8b09ee13959db101
78.8	f8ea1c6c1efbc0fa
78.9	c4a763c0fb123cab
78.10	342ac47344121831
78.11	4c02d9d8cb878dbf
78.12	69944bca645b100b
78.13	00cac4d7182fd749
78.14	5aaf5caac21addfc
79.0	aac8dc6ccb20cf96
79.1	6f1eedb22cc4bbdc
79.2	52b760fbc7b8f108
79.3	fc2c1a9376485952
79.4	d3aaaf2daa05c028
79.5	45566cef1f26b66f
80.0	5f17e6dc0f4deb65
80.1	11b011f97035c6ef
80.2	85ca028c5fa8a635
80.3	1efa65403493768f
80.4	ade25afa62877b65
80.5	7482e1d54fb1e6b6
80.6	90f58038df26f0d9
81.0	d62903ead2deb78e
81.1	cb8a7e86f39ae3b2
81.2	a39d07355975999d
81.3	8dd1671923a37b6e
81.4	5e5ba57ea19e7d20
81.5	047a9022e699686c
81.6	fa3ffd67eb78706a
81.7	65acd4bfd9c4bd50
81.8	2f302b15e81daa2e
81.9	eb93a4f71ff70f4e
81.10	c9ec6cc20c3e8e6d
81.11	b30edf0572471ecc
81.12	ec2c688b2e990531
81.13	fea2d9d139f1cc71
81.14	6f275dbf0c9cb1a4
81.15	b56d1ab7d757685d
81.16	35807a26fcb72c34
81.17	70b1249c2a6195d8
81.18	0573d6c58056adec
81.19	82c10b7560da7873
81.20	c9d107bd4feba039
81.21	4678770764a200bc
81.22	aa1beeb899a312bb
81.23	930f3e47d2858447
81.24	b449bdb9e8932ae4
81.25	e9d57e73121c0d2b
81.26	7f7b4d75a652c14d
81.27	7aebd695b023fb40
81.28	3836b5ea9d7fceca
81.29	52a8cfaa2543136d
81.30	ae57286d13da7ccc
81.31	c289db864c79bb2d
81.32	44f6b2fe9b660824
81.33	745430215263b2f7
81.34	eaedde265de9117f
81.35	84b57ea4da7f3a12
81.36	50c900a62e536997
81.37	46844fb4f2d8f2e0
81.38	2aa13cd7deb36410
81.39	d066980fd7470013
81.40	5ca1f30317648b2f
81.41	6af90ba1e31c88dc
81.42	b5f42452983e786e
81.43	e153b76e47592b4b
81.44	6c5df259cfc45b03
81.45	37d1bd366577e744
81.46	bbc33710b4e2dba2
81.47	63a87e0cb7c50010
82.0	30d80769b653efc1
82.1	c51e6e1d120b2c22
82.2	f6d862e5149e7398
82.3	1d828e1454678e6c
82.4	b64485355210e263
82.5	d5832f875a0e1489
82.6	aad0e544a769c060
82.7	99e0e58d0791acf9
82.8	0cad230644112302
83.0	8518486f531f219a
83.1	28ca81d471b6853b
83.2	db5860c5ab9fdd29
83.3	0e95792bc78f1542
83.4	5b6b886d7b8844bd
84.0	a8ee790f7ceea8da
84.1	6f329db9303ee94b
84.2	78906d97d1b10ff6
84.3	b3f70410b5e6dd98
84.4	c6b128567e821e99
84.5	cd2616b38c6efb05
84.6	3d241ff9ae377035
84.7	6aef231a5ba21346
85.0	d2c12eaedda9d0b1
85.1	07ae3aa0f1e641ec
85.2	48ec6871910a0f02
85.3	8a77954a677a9e67
85.4	0badd17a1f5f507e
85.5	d451d99b189ff4d2
85.6	1e7f1d4af883ba68
85.7	d8b9c20c4173429e
85.8	1de31d93ec46732f
85.9	2ee652a9fc582b62
85.10	46447b4bd0e318a4
85.11	254a576379935832
86.0	9b74196add023c6a
86.1	a78b7fdddf11cc4c
86.2	0b5f85cf899426d7
86.3	635b022ac1480a47
86.4	091b1dbbaa688435
86.5	533b3d5cb0a5505d
86.6	8a3046d0110f753e
86.7	dce15768487523ea
86.8	b63cbb724f977532
86.9	25491e45114b5a2a
86.10	8c1b06576982ee6a
86.11	4faac09610dc6e70
86.12	d10e1196f463e16a
86.13	31a390d6dee94967
86.14	1d33205d164a2328
87.0	dde422d2c2969dbd
87.1	9c26699690cc8e35
87.2	42ac26e29ca7285d
87.3	62bcb68498f76961
87.4	e490a3447d605813
87.5	61dc776edf120015
87.6	f8564018ef265507
87.7	81ac0eeec7d20eea
87.8	9e93039bd0a4db9e
87.9	d3ac57dcd35785a6
87.10	d8bbb2e14fca1fb6
87.11	984f755292a60c54
87.12	4b51c8566a293f99
87.13	429f19f3b8309d68
87.14	313fb5728bda1b41
87.15	e17936e8d14572c2
87.16	e58a239873203635
87.17	23b463c958470ad7
87.18	157f5e37ef2a401b
87.19	6910e383e2ffc403
87.20	516e265dc666f1b9
87.21	ad659c45f7828913
87.22	28f3eae8d88652ec
87.23	8f6d1248f2069557
87.24	b6dcd0a944babbdb
87.25	20f78a5e83d1ee9b
87.26	fdfbd9047f4ecb81
87.27	3ff323311e2af129
87.28	0209d3633acdec43
87.29	6c1c7100517799b1
87.30	7f1efac8eb949a1d
87.31	eb9dfc612e9a2eb4
87.32	e3d08fb4d3e6cb18
87.33	72415dc277e12ec1
87.34	c24b3d875673d635
88.0	4acb0b1c613b2b66
88.1	653101bb9d79aa5d
88.2	74e23b39f8683761
88.3	ec9ce05d658e4377
88.4	35381eddb2ea28db
88.5	cb59c3b186b621ac
88.6	2d2e3f2707e44ff5
88.7	3736412103e6fb33
88.8	3783bc5dfd2cd276
88.9	77bfa53ccaf0987d
88.10	47f1191f4438dd64
89.0	b702eb97823480e9
89.1	6a2c9e97092f6a7e
89.2	c82183f5ef9b6cdf
89.3	89970ae704f42a9c
89.4	afb3690a06085a0f
89.5	0d52066097028903
89.6	b989ecc5ac28a108
89.7	36126d01e03bfc8e
89.8	056d114730ef3837
89.9	b43ebcb2a3cd3293
89.10	260ea043e6ff31dc
89.11	3c28cb040837f881
89.12	93838a6ca4d40f60
89.13	3b76786ab35a7f04
89.14	fe8539b17c97ce89
89.15	1b7124daae122aa0
89.16	395673d1db0301a1
90.0	60c0682d0561a641
90.1	7a624536689c5381
90.2	6097fc1815cffaa8
90.3	cd484dadaa8e6827
90.4	7d67ad8433a75b9f
90.5	0899c82704c90028
90.6	dee94640ea509c32
90.7	81fabefa9c0ac8d0
90.8	3141030be56ba05b
90.9	81fabefa9c0ac8d0
90.10	c57c57478349fd03
90.11	81fabefa9c0ac8d0
90.12	304ca42381304f1a
90.13	81fabefa9c0ac8d0
90.14	0acb282a1fea807b
90.15	81fabefa9c0ac8d0
90.16	24b67dd016ccde28
90.17	3dc3338657df9a3f
90.18	276238a6305048e8
90.19	64f67d5d55a94c26
90.20	289e06e406ca3a81
91.0	0f1cb7b45cb43b6a
91.1	70edfb00cb3d8f3c
91.2	c579be0877a47e8c
91.3	3e27f8742dcc51e8
91.4	c9fcae892e963f93
91.5	621fedcd887d27f6
91.6	e8377c26cd8aecca
91.7	51918d8f9438e82e
91.8	038ec0ef01ed5ab8
91.9	ada0dd129d5f316a
91.10	ef8c6898d976c50d
91.11	53d23e37b6dd0eff
91.12	c8811017898c6b01
91.13	4012ff15c1ac458c
91.14	53f6cfab1de9f8b1
91.15	4a8068f7c155b871
91.16	c1e98a302133fe18
91.17	1e10c2d753b9562b
91.18	0f4b1ff7beb169b0
91.19	4ec322c80fe53d8c
91.20	e17279ab0051da5e
91.21	65be3a31e898d5d9
91.22	21ea0480396a2f26
91.23	1c668d289b9786f1
91.24	1a7536360b61e627
91.25	6c7b7e19200ddd8d
91.26	25e1172cad5f0401
91.27	528434a17b2905c3
91.28	e450823e0e307ec2
91.29	32b95c1cf64f0967
91.30	85ea41772dbe6f4d
91.31	6d5d3d62ea9a3241
91.32	d7f79a2ba3dc8a18
91.33	9ae3b6143f800679
91.34	fd4caf6f8df756b2
91.35	06131f28d4b48e2e
91.36	3beb0bcb320353ed
91.37	c74602e157c630a7
91.38	801093e28b76e732
91.39	e4df8e0a5b0c394e
91.40	6cba74c8c3d85953
91.41	56e9456325f777ef
91.42	f3efbcb8aa61bce1
91.43	4573b32c0abd9576
91.44	b9ac6df74a76aaa4
91.45	0435950c9b5b2606
91.46	30e14b6fb37abb55
91.47	2d8627378876bd1e
91.48	e88a462116a98d70
91.49	2d6491e340e2a5df
92.0	298eaafe4b914e74
92.1	f5965a0ff3e362f6
92.2	076158cda7d068b1
92.3	a1e38ebb3614e081
92.4	a61b4287c553c6d2
92.5	06808fd1bf830cca
92.6	b8f0feecc638b385
93.0	add006fca7e5354d
93.1	422d08cf7e83167a
93.2	d3e162c0daab5134
93.3	c99cd2b7f2078e78
93.4	bc417497f8ab6193
93.5	12c03968f8f99699
93.6	bcbed1e60384393c
93.7	e37aab3ca733386c
93.8	c41e207a443d8c77
93.9	bc45d50b250788ce
93.10	53e7e461cad53df5
93.11	4e556d439551f234
93.12	ccf029852ef42405
93.13	238afde4fc9d207f
94.0	f0eb50381febfcde
94.1	6748eb56d6b58f63
94.2	74dac10fc7643dde
94.3	fca17ba1262513b9
94.4	f05867f4cd107efe
94.5	6f4963c1aa406f4f
94.6	90fc0aa9a0ed367b
94.7	dd092c0698b950fc
94.8	a4ad35c78aa46010
94.9	42bd5c556653c026
94.10	5a3ea6162d64195c
94.11	b628481e4764fa00
94.12	1dc4f62fcfac2331
95.0	27dcf19f8331e9b7
95.1	4aa9ec74b46a55c3
95.2	86dab848e52f48b2
95.3	043cb551e13c93f3
96.0	9c30b8c8a7806ea2
96.1	a4932fda2821af66
96.2	f4232ef922ce3a9e
96.3	0282b76de8f8c3dd
96.4	6bbea2ce13d912a5
96.5	ddb6da7d8d7188f6
96.6	2d6b478e6b2219e4
96.7	2f7201e49e677470
96.8	ca2750e4b40382c5
96.9	8ed4e1322a24bf5c
96.10	0bef40bbd13ffd64
96.11	df16468832cdec79
97.0	d547b09ae14b8e75
97.1	dc6623ebd18cb89d
97.2	1b43a7083fab015b
98.0	1c9cc143fbbc4f79
98.1	4cd8b38caa80d26f
98.2	842526a274ccc43d
98.3	7cea346748d95590
98.4	1a74cdb05dc86bff
98.5	7460fa6069de8eee
98.6	e2665f21550c78f8
98.7	08b990e7ac852a37
99.0	f6e1b2d5b973176c
99.1	0197252110714e34
99.2	f2818f8c65fc4867
99.3	405221de1007d5fc
99.4	d7a2c93c7a51217f
99.5	66e1004e5b61a871
99.6	320e38fef25ad8d3
99.7	e789be7ef1f64b40
99.8	448beb2f6101ad19
99.9	98cc2aff27b90836
99.10	3f5947ab3a8879ac
99.11	fcd91805b6a84fff
99.12	4a9980765f6bf883
99.13	1ea5f1aaec3fcb43
99.14	e92778bac2fac2f9
99.15	1ea5f1aaec3fcb43
99.16	3550125ff592c0a9
99.17	1ea5f1aaec3fcb43
99.18	a2edd40fcb27232f
99.19	a75456462e9dfa52
99.20	f5c9cf3b0ce0201e
99.21	b1436b148ae0429c
100.0	983b93486729b591
100.1	b5c2f3c52455ede2
100.2	244d43142eafb2a6
100.3	f82c288df014371b
100.4	ac26dab2b9014e02
100.5	c431d9c5b6ba187a
100.6	85007f46970aa3aa
100.7	1ce3ec8a14023c77
100.8	e44b794bb797c0cf
100.9	98b9c5c77fc2a215
100.10	fa5aa608cc32ea97
100.11	2f7c45e5072308cd
100.12	53186df9401c1603
100.13	50fcb45d0d15f2e4
100.14	6ed6c15dd443c652
100.15	c69fae8303e09de4
100.16	cf150cfa92eaf913
100.17	dcbd6ef26bc14a5a
100.18	57f6808ea369d8f7
100.19	b66da2373720bc91
100.20	0a74aca4d331dfae
100.21	f2678fcd3c9629c2
100.22	2170740c8690e931
100.23	685cac04f7d7b53b
100.24	68e88eed933aebfe
100.25	688449fee00db900
100.26	792c9e260fca4332
100.27	71b9806d1622cd2e
100.28	61e637b35d3991f9
100.29	77f5b6927c92ed26
100.30	9fd37eb6e915633e
100.31	f6f1c08c91c17afa
100.32	f086d1fed6fec08d
100.33	4d9af6f2f8d9e4ef
100.34	c2b26be26df4e3a2
100.35	e9640694ed6af006
100.36	2642a5e184f8c388
100.37	b0aad997f99ec933
100.38	a8f02c4788411f28
100.39	41ab7d0bb2d0205f
100.40	87dfb3e15614d039
100.41	f1e60d753d70f501
100.42	ad487258baa440ad
101.0	4e031e2a5e05c706
101.1	f6a83512e5f7b3c6
101.2	96d540c7958422f9
101.3	f76c93b753bd4cd5
101.4	eade01b11caf84b6
101.5	c65c9c841cb8c04f
101.6	26a646322f649889
101.7	24208073448fb34a
101.8	b128926bd158f911
101.9	1a4c87642137b6a0
101.10	3d5487c79e16ea79
101.11	36b26099393cbf7e
101.12	aa15e49db27f8307
102.0	d6215de57c0c380b
102.1	1df7b3e85d0a7767
102.2	35a61bacca03cb05
102.3	cfff48ed3d7bf30b
102.4	dcaed9e4076a041b
102.5	cb66e29d033eb9c4
102.6	3449a5d27639c7b6
102.7	ce2fe5e92df5769a
102.8	9bba174cee26a02e
102.9	ba558045476a5fcc
102.10	49074a411b9c258b
102.11	2c2505a023544104
102.12	b69e2a5298804ec6
102.13	e54d7966fd925e43
103.0	ceb9e77bda6d93aa
103.1	b8a41b2e56dbfcb0
103.2	5939f9cc308ed702
103.3	cccbd21b5eb936ad
103.4	ffee206489b4cbd7
103.5	0fc200f17a5ebd1b
103.6	095fed0e507100d7
103.7	5761338ddc45db2d
103.8	eacb13b59f863091
103.9	dd35172277c8725d
103.10	6bbb14f6229b76af
104.0	3d6c621edac1c533
104.1	d8b8525dffe36d1e
104.2	c55f83ee30713f39
104.3	a5b1826b40b42e00
104.4	c4203fa052370979
104.5	a1d9081e86e159c5
104.6	f74d918bfc8086e5
104.7	3a6c427e565ae0ee
104.8	b7d65f833b1013d4
104.9	c8fe9cff6795738c
104.10	023f9ce226812ae7
105.0	d9e152773a6270ca
105.1	02f6cbcfdb72dd3a
105.2	cdefbea5d44c0da3
105.3	2beaaa860c920df3
105.4	1a0d8025e0b5978b
105.5	8469422c7fcc6f42
105.6	ff38cf713d17d998
105.7	9da1764f3d4889e4
105.8	85220fa645730cca
105.9	598b88dba987c7ba
105.10	82cb114294c0e585
105.11	683f4280a96f01ac
105.12	360711c7af2f101c
105.13	7039bd72005ebea1
105.14	b06c259f9cd33b43
106.0	8e7011522f76343c
106.1	180c537b7bca7df9
106.2	16012a1f50e68155
106.3	fd2b534ca28ac731
106.4	81fb870e44db5687
106.5	1f1ea213b32bb581
107.0	ac070e6503f84c69
107.1	cb23f2e1eba79133
107.2	1ec1e4b449d6721d
107.3	bd953e37139c8f41
107.4	eaf67dc5ad12f200
107.5	bd54f3b163aeb4b5
108.0	c2187c97601ae5bf
108.1	da8e6805834d3b76
108.2	c9dd7a53374f78aa
108.3	14ad560a083db846
108.4	51a4fbd61b44edc0
108.5	7bad893de673d294
108.6	fecbee88bc873083
108.7	ec989e64b782505e
108.8	bbbff913e7177c56
108.9	7c498a08439ca36a
108.10	d4fea33483d05eb8
108.11	bbb345df45f55b5d
108.12	4d0e3041ac51c5a3
108.13	e8a577b709fa8470
108.14	96ec58005a36b1ac
108.15	c445dc167c707671
108.16	c0b11c4be254bb29
108.17	a39dbdec5e36d8fe
108.18	b97dc62ad457861d
108.19	2247e1824d7e1c81
108.20	86edf65877d01c7e
108.21	d29432442696f793
108.22	6d00b01adaa5a853
108.23	c72e4258e97b6c34
108.24	1426b6c6e8197d43
108.25	13d775693d94a70f
108.26	345f8ef0a8057714
108.27	d9e6e3b075b732cd
108.28	f9653f0ee25b6490
108.29	9160e14d637de1fc
108.30	5a9552abedbd2c0f
108.31	03271c9fa3c37f31
108.32	ad4fa53e58e9b436
108.33	66c949f77f39bd2f
108.34	e86db737b28c692e
108.35	421164f6d291dcf9
108.36	db2851d487c70cce
109.0	68f8a09a66817aa6
109.1	4b90b5c6c4678905
109.2	4c0535ac066606f9
109.3	4892a0b671a6b833
109.4	c2bdfff4743bd1e9
109.5	eb1a6b141a69fa06
109.6	c30559fac477c4fd
109.7	235c8cd9345d4ac0
109.8	05c6b9c1e9eb515c
109.9	9ee64d205d00fa7d
109.10	a009719b98d76d16
109.11	d6070389e457e8e0
109.12	c355ce8b47e0beba
109.13	b9007fb24d908d25
109.14	8ac892b8ab63af82
109.15	15643483ee6c4c5b
109.16	55d7b377866ac010
109.17	9b7508f872037dcb
109.18	cd0f164b97e266e0
109.19	4caa7c7c2226887d
110.0	97bae016463ff594
110.1	e6152768b0c2d374
110.2	6a26fa626f206e37
110.3	bb61a54fa31fb2fb
110.4	3b5d03b556d32fcd
110.5	76662635d74a73e0
110.6	6c4a1561cad5b38e
110.7	d4f235c51ad5074d
110.8	5b226758ec1945e9
110.9	980add556919b748
110.10	78e2ecb0c9e05807
110.11	c9ff4036783af4ac
110.12	a0798c9590e4c4d3
110.13	4f1479f9e1c12d44
110.14	e934c19b2d976ef1
110.15	8b36f2e007c2f92e
110.16	e778dfd84e7fd9d8
110.17	246bf1075dd01638
110.18	b988612763b797ae
111.0	82d9dba96f8dde4e
111.1	f753cc1e483ec3b1
111.2	31a5350d50af67bc
111.3	b383cd8423534252
112.0	3f8b848fc5e9ebca
112.1	119181f93d9cb191
112.2	dd0f7d04a6863f17
112.3	02fe0af88e3eb7b2
112.4	b9ff0227f4a5dedb
112.5	c887229c2e257181
112.6	b4938491fd7ef9c7
112.7	78f109f20bddf493
113.0	6ea34d1f59be68ff
113.1	5057441f22af1783
113.2	df8c23678b665e62
113.3	2b628f1c430f0763
113.4	1d23154422cde73d
113.5	2cf69cacae5e0ed0
113.6	b0f209334badad25
113.7	5b071fdcc99b085d
113.8	0cdcf96faf889965
113.9	842faf3b9c223a08
113.10	677594eccc1e3bb0
113.11	b51a04e828aab73d
113.12	dea8d2fe5e0a9560
113.13	e38b79cb0399c322
113.14	a3ff6be06667cca3
113.15	39ba5c3b2bceb601
113.16	f7b7f874dab3c191
113.17	3e55b2b40dba77f1
113.18	2bdcac9d6d42778e
113.19	669103b0d7087465
113.20	31f89f19db6f181a
113.21	b7e798a57c23a551
113.22	1c9e8a9065876bc3
113.23	da37a93a6f019a52
113.24	14fbb613b8bc6bc3
113.25	b3de975b350c86f2
113.26	93a5a9a681965c5d
113.27	a5a6b30affc8f239
114.0	b8e05bb137667fda
114.1	ccb6095810e10b15
114.2	10260bed8385b006
114.3	635c075b93e4966d
114.4	f3b2a2079f6d2915
114.5	b6c3586711bb5bf1
114.6	c949b5d35116bf0f
114.7	1aa4d6a674d90c54
114.8	395b45ce6e77ae11
114.9	0922bb16493035a8
115.0	6119a7ec5f4d6b6e
115.1	60f083a44988e925
115.2	c14a034108b355a0
115.3	7c4bd5b74f3369e9
115.4	45315414047da255
115.5	39caf14e92cd16c6
115.6	81ac5bc2e8ca9501
115.7	5c84dcd7e261b492
115.8	2287f4286cfdf4b4
115.9	b722e1c08f12a5ce
115.10	b8e59bfc11950c4c
115.11	e378bd76a1c31f54
115.12	34478897857716f8
115.13	c6bab7c683f1cac3
116.0	cd80dc5192019e2f
116.1	bc3b9ba3ac7dda6f
116.2	4145362f5a5f5dea
116.3	9954d217be941375
116.4	25625614612045aa
116.5	7dd4a084b9a7f57d
116.6	b3d99dec41c40908
117.0	453e0ebf095a681b
117.1	e7f3467eb6c625a8
117.2	50cb6dca8454547a
117.3	3f012348aaefbaec
117.4	757ea7d59d6e9300
117.5	281ec90c3f3573c6
117.6	d2b380304c993bbe
117.7	ad4215c8b2ff85b9
117.8	4b2734e53e2aa765
117.9	2fe849536a18367e
117.10	fc46d40c890ab951
117.11	2d6c3e853ef8538d
117.12	b482f3175929f6fa
117.13	1220cd066bd055dc
117.14	1b9f1d5135f8cb3f
118.0	952cc0cf4a8b0113
118.1	f130d381e5b96955
118.2	fbea0e00a24c380b
118.3	69c0f01ece6edf7e
118.4	833582698b65837b
118.5	7a5a377b8848d61e
118.6	4f52088a00bf8da7
118.7	00f36153f1388f33
119.0	1bf7ba854c67870a
119.1	ae33a9ff7782b3dc
119.2	8254bbfe23c5ada3
119.3	b755f9e20c42f48b
119.4	99d641f8f8da307a
119.5	f95b9ceb2b2c0384
119.6	f6e91880cb7fccb4
119.7	59e263dc2b62882a
119.8	66b08a065f9e228a
119.9	fe00c91e29b8ed4e
119.10	b0f429c91310d8c9
119.11	c19d731a81a98307
119.12	aac91389992e00f1
119.13	0fc0ef90832ea76b
119.14	c632ffe9ef021b34
119.15	10daa3640b4faca4
119.16	1e1d771b6a889c6d
119.17	bd0fa37869c33611
119.18	84b41eca9368a854
119.19	fdd81cce879e5c67
119.20	30a6b55f04526342
119.21	bb0911bd8cd4b210
119.22	680b286b89ed882b
119.23	f71610ca35895135
119.24	cc018932234a3ca6
119.25	5a02789598146036
119.26	1af36e48b894ee69
119.27	482e317c0c39d63d
119.28	07a0d9068cf8dc24
119.29	f8690fe80a740a7d
119.30	508d00f03dd00768
119.31	30c9c213168bdd93
119.32	db70036bdba48771
119.33	b5c13c7acfed0102
119.34	f93fc0bae0a5c206
119.35	2ad52d4357d95cd9
119.36	f3e9bf3b9132efd1
119.37	c286d1e96e5d4735
119.38	0ef61e8a18082933
119.39	2d99f3fe61fdaa31
120.0	3d0e8bb9c170dfc7
120.1	7295da1b809afc91
120.2	1de75658f3e001a4
120.3	2b651fb6229b9abb
120.4	543ee1547a00c7fb
120.5	ddef278feb00d5de
120.6	c4650a6aab51ffd1
121.0	7c3035665ebf7b8a
121.1	d1948355f66201e7
121.2	f1fde0d182656922
121.3	824a1bf850f80360
121.4	59a45fdfc951e652
122.0	57707479b617c522
122.1	0593837ac6efe212
123.0	647e5c265cce579f
123.1	9ef586302502cf96
123.2	a6844b2c39ccce7d
123.3	5e7382d61cbbe196
123.4	7d8e13e4bbd25612
123.5	bebab419b859263d
123.6	5fb11ed41be9cac4
123.7	fa90d9f014cd12f2
123.8	e0bf7ff0b028c8e9
123.9	90a70a6d15b39497
123.10	629df806b2a0c6d1
123.11	e9573c624a5f5469
123.12	5ade45e96c49bc24
124.0	7b7f8f676a1f1ac7
124.1	e1c29c0dcb347b4e
124.2	78bc694eed23721c
124.3	4f6d35092c9cad6f
124.4	1bca4f9ecfdf9a34
124.5	b5033f3e75a46589
124.6	a85f6bc3dbd42071
124.7	a0fdbe1deed57d25
124.8	4de1eb55e0663b07
124.9	718b89a260cfb7ba
124.10	d520fa79f12dc637
124.11	02d25ad23ac9486d
124.12	3327c04856e6d89b
124.13	7c1179635f706075
124.14	0e963a65ccb604a3
124.15	d8785679ea641337
124.16	d97f9be79593d597
124.17	05f1bba18b5d29da
124.18	a6fb8cba651877e8
124.19	bd5bce727eebe53c
124.20	e6cdfd35876a28f3
125.0	f6565591aed5047b
125.1	2bcae500712808e5
125.2	879e1d68b91c9058
125.3	7da6ca0fd576c267
125.4	8e7c15bbe057b2d7
125.5	bfddc784171db113
125.6	9010b6c596ea512e
125.7	16814e934eb51942
125.8	440211c93d0f4f47
125.9	c908a47ca179e096
125.10	816cddba4a93f2d3
125.11	b2ab98c6329525ec
125.12	2c250525a44e6cf7
125.13	eda723ccd927c0c7
125.14	65f846afb3574ca1
125.15	539dbf69341540b3
125.16	364ca096e955fb5b
125.17	b8bcb894750a3d6b
125.18	f2437a86e4236886
125.19	652a9ba0fd01299a
125.20	34fd3439cf931f19
125.21	95a87f86ef6dc7b7
125.22	443429e0b153151a
125.23	97515175c2a682b8
125.24	ee6516305ef6d709
125.25	c14b4baf23ef8ca0
125.26	d4deaa3400cad4a3
125.27	028bc0afdb7cd783
125.28	fa9dc968f2c2d587
126.0	c24076d74a1364ff
126.1	5a0de73ffead73c9
126.2	a229b97896568453
126.3	1e8bd83ca371cdb5
126.4	f3159b22bb2b56e4
126.5	dfc9d3cb3a66a672
126.6	7ae51869df3361b0
126.7	e99bcfb77d227b57
126.8	68d2b3c624bb180d
126.9	743a930e3534e966
126.10	c4e95cf870d5f396
126.11	ebe01e2cd5950a9f
126.12	6876a93cafbf0e13
126.13	6124f1825b134cf7
126.14	10bcbf8aa5792bf1
126.15	6124f1825b134cf7
126.16	aefbacb9e16e7627
126.17	ed0803a89a62fc2a
126.18	1e3253c0cb9758e6
127.0	10c193180fa78006
127.1	cac6f9added2b814
127.2	41be4ae0b0256d01
127.3	61cf0de1e34e6920
127.4	38bb107797de7764
127.5	f7f733075f399896
127.6	2ff2b9188cb54bb1
127.7	83a6fd79594a14ae
127.8	5e5d30bb1e8bf36c
127.9	bc1b5a3feb36f92b
127.10	aa514fa6f408b0eb
127.11	939aa29a2cf0f578
127.12	726e2c4db71c665b
127.13	465d2bdac9b053be
127.14	0c9de0a635bcc1b8
127.15	9b76b03930fa08c0
127.16	571bcc95b7f9523a
127.17	e97985e4d352409a
127.18	a7ac14133ff47711
127.19	c180eb1460c422d0
127.20	70dff5a61cb956ac
127.21	588bc61b34ebbc34
127.22	f79fb0d4effb3429
128.0	1eb4b0c8898ac461
128.1	a7652b3c4540de1c
128.2	f82c288df014371b
128.3	c6c639c22be8bff7
128.4	bed66c1a55a2938b
128.5	0db9b06a690ade9d
128.6	61e61a4bada3ce20
128.7	fe7a4147f4c3a470
128.8	dad18864ab5f13fb
128.9	19f8652d12205a8a
128.10	031c0a3d052c649d
128.11	b1b23e5dc54a34b0
128.12	3acffdf759c90ae9
128.13	d30903099b72250d
128.14	c7230b932e54b9ae
128.15	e4dc00c10e36c16f
128.16	d00e32fc20e4a2d0
128.17	6c47e89d10497075
128.18	cec9d1e0ccd5781a
129.0	04c81d32e793dae3
129.1	b3444760c8267af5
129.2	c8167f42e75b0e3e
129.3	60035a0031be9c62
129.4	f13cad6047015eaf
129.5	36c4a61e338ff863
129.6	bd73d0ce189c92b0
129.7	25b24cb95dddc2eb
129.8	1c8012069b0fd855
129.9	4d0d1fe17cae5308
130.0	e5cf7a21ee9f21ce
130.1	b9d3e03e7e398b49
130.2	a27e3f784ecb6d7b
130.3	5d24955c2a64c766
130.4	ece5f862c79f6653
130.5	860fce2dacaaa14f
130.6	147d5684733acf7b
130.7	849fda51bf1100ae
130.8	cad8c9cafe7aeb30
130.9	00b71a103b651bf0
130.10	c149bfdb5bb532e2
130.11	0829035f60efef3a
130.12	5e5408259862fb69
130.13	5d9a04a3eee24462
130.14	2d01bb21ffdbdf94
131.0	7f3cc0b2588af96a
131.1	8fd329ed8c58ff1e
131.2	f82c288df014371b
131.3	f4b0214e624ea79a
131.4	5a7012d8b2b0a6cf
131.5	3e32798a725be5e4
131.6	6eae694ecd0b7185
131.7	8ba0830ef7b83b39
131.8	c7a7f6719f8efee8
131.9	742d9260b3c79f55
131.10	3622de5258bf6f19
131.11	0ded003da8186538
132.0	7b6db4764f85dd74
132.1	fb97a9c39d1b0c77
132.2	84e193e4f1e7dc05
132.3	5206346d9a1dbaed
132.4	9c582c31618c1128
132.5	7ba06a32b034c9b7
132.6	ebe2e71a6591b0bc
132.7	646a5bad8956387a
132.8	61cf172f74821545
132.9	40d9b1daa432e5a2
132.10	a52bf74e8f2667b4
132.11	c619a8c8c2bd5f46
132.12	efb14ca24d028e0f
132.13	7a30f82e6b9b2e6f
132.14	882df85b32c52781
132.15	a8511c8905b3c625
132.16	971f133612fd95ea
132.17	aa89ff879922fcf5
132.18	e6992d8d6e3b4329
133.0	d5ae07007b215278
133.1	3b180716693f9f62
133.2	bdea367b95e6a9a2
133.3	c0e016f78b38b654
133.4	1f7e2332aaa48896
133.5	58942ad8e827374f
133.6	6a6b8a3693649115
133.7	81f566ab0b03f8d3
133.8	5266f18b119b4159
133.9	c2d8202cac963733
133.10	7e35fa018bdebed8
133.11	2a0eb09a5a81662a
133.12	3c943da3e0832e56
133.13	a0d24b731b19a49b
133.14	ef843a8cc6206448
133.15	7d61ef58d6e067c2
133.16	1a432fe026390168
133.17	38df4eb415b0688d
133.18	cdd9871748692306
133.19	120724ee9700dd65
133.20	386377577e6b35ca
133.21	ed848f1db8a49cb7
133.22	6f7b41bfd406d2e9
133.23	4268abf6a1585fc4
133.24	847c9dc35da49e92
133.25	4f891fedbee7a716
133.26	5b4dc882999f3efb
133.27	fd613434f3774d6d
133.28	edd23db5a4734b2e
133.29	17f4c80018cde09b
133.30	f71ec78a91e7d348
133.31	afc023bdd0f20cb3
133.32	9ed059f967e0c6f9
133.33	e92b578cd36cb2ee
133.34	953977ba46812dd8
133.35	a19888890526d904
133.36	219ec08fee0f7426
133.37	c160c7640d141438
133.38	c875cbea914b3605
133.39	b24311127d1723d3
133.40	301876c2fd50394a
133.41	fa4e20b6ec61e3fd
133.42	64ef4895a73e15a7
133.43	484d5a98919a83cc
133.44	60d50dc944189007
133.45	9b57d993e5065fab
133.46	67572c34daf7fc4c
133.47	49312734a1942c8d
133.48	3c88d5ddd9f5853f
133.49	d9effbc991f06657
133.50	f75ec9bd77872040
134.0	32798b45cbf5e3b4
134.1	5c081d200cc5d26e
134.2	05b99bd86fc4a71f
134.3	a67213797f0ffaa5
134.4	f44462040c2d052f
134.5	18dc0a494858a0ba
134.6	851bcea98ed1eca2
134.7	10f69bf09c9180d7
134.8	7bb1cc8b6837ad13
134.9	5c00e9433485c980
134.10	5cda21d716f814c5
134.11	526628ef3dde362d
134.12	f0296accad576695
134.13	74380442df66fd99
134.14	7fe104380d7e0721
134.15	c042f25ba266939a
134.16	080d251ff64516fd
134.17	3c112b274c4405ef
134.18	9df35327fd3e8a0e
134.19	01a78866449199ac
134.20	15e8435471fd491b
134.21	c3ee78c6099dcfc5
134.22	dd81033e2ee13896
134.23	0118fb87c88bc5d7
134.24	01fcb24fe48875bc
134.25	f5aa05c6fe3b1de5
134.26	e3be97833b8a7a2a
134.27	975421e595c2b44a
134.28	35da7a35a85609a7
134.29	6e3eebef692924fc
134.30	6aea0351f6d87d9a
134.31	6ef8d2390d2bb325
134.32	20a6e9adc5b1780f
134.33	4b09124f05c32fc5
134.34	ccf724e8d205514d
134.35	b90eaad751dbcd6a
134.36	7dc47f53e1ffd10c
134.37	2d4e80cb36f5a82b
134.38	7f81d438971ab65e
134.39	110dd8203e707722
134.40	1de702c1666ec161
134.41	153033cb7e97e25c
134.42	2c8a6d6a5db986f5
134.43	b18e976fa467569e
134.44	351054a02d36248f
134.45	230745f2865da87e
134.46	994f73142ab2d731
135.0	b7e201016691f877
135.1	60be21b3aa29d919
135.2	ea7dd594bbb7cd16
135.3	e9ddd893eb42734f
135.4	2bf979b574fd7b91
135.5	deadce7e44959248
135.6	1489b4f5248f0c2d
135.7	de11f8b52abdc77c
135.8	6be8ad83366c69ab
135.9	1de231c9b1c54a9d
135.10	9ac03dbb7e45dbf0
135.11	7f86a367ba6e3b8b
135.12	cf4dac670f913060
135.13	40d9b1daa432e5a2
135.14	4b09124f05c32fc5
135.15	5da2297db0abd4f6
135.16	44a4a98c6f1c61cc
135.17	1d149a86766c31f6
135.18	36f534497b923a91
135.19	31f1d24b7efc88d5
135.20	34e416effec7343a
135.21	94d3da7eb334c833
135.22	89f1ab2011643982
135.23	def88cb777a3d8e4
135.24	162454ee15754ce5
135.25	aad6ba2673a5c838
135.26	fe1001d173816494
135.27	b2ac0873b4d949a7
135.28	9fc623880091fff2
135.29	162f97265f424446
135.30	777f012be530125b
135.31	e9d93ba5789855a3
135.32	8066a959df63c9c0
135.33	7c9a9156f2324925
135.34	8cea9d071ba8041c
135.35	1d6d825a51649ef8
135.36	2890d78603904553
135.37	e6a34418dfa72378
135.38	d0274a4321f6aad0
135.39	d0297a28883dbb00
135.40	e134411c8c891a3a
135.41	eadc9aff8630a81f
135.42	9a5ff5d7d3d4b7cf
135.43	e56c3f36419ec2f3
135.44	6b50e817ee2ccd0b
135.45	14f9c0c68c0352e6
135.46	a8166c02b3611b1b
135.47	17974acd9e549a80
135.48	01793099da781bb7
135.49	b6e940286896b799
135.50	c3e1abb014a49a71
135.51	d5611b49f6ce3ec5
135.52	ade7c37dcc4ad960
135.53	ec60ebe61936df20
135.54	8631cf2ed368386b
135.55	b4374db3ea82de6f
135.56	ddbe0671e5f2ca47
135.57	08e766b9e6ac17f1
135.58	baa1168228051a22
135.59	08bebd3b6d1308de
135.60	c9e0753c21aa3c18
135.61	6f1609b2b48187f4
136.0	3d4e154c03fbdef5
136.1	541039e41503fd6a
136.2	792b12c7ec8330f6
