1.0	eb7a436c57048fc9
1.1	933806fd213fc021
1.2	7d093f33ffd607c6
2.0	e10ffbd2119d4c48
2.1	d1076099396ad207
2.2	bead0ec6e4e2708f
2.3	6db32f12d9fbae7a
2.4	4d35b459641b0137
2.5	dfe1aa8464df7962
2.6	935e57f6fb6ebde4
2.7	70a81a053723100d
2.8	88b977e28de2d976
3.0	88b977e28de2d976
3.1	8d9dc0d19c6d5fd8
3.2	db080589a9cde727
3.3	9a8ecc32a2993015
3.4	23b1db7567c58fa7
3.5	5f6331be9d3ae63e
3.6	59e03ffb962dd238
3.7	fe1f282765eed6e3
3.8	2c56fe27244633dc
3.9	9580e92212add9e8
3.10	9cc7ce2c4f718b46
3.11	cd667300cc3278e3
3.12	3a9ae92c69c07043
3.13	0ac62c70871fb2d0
3.14	87af83016d9ce84a
3.15	78f2bfde29c1b6db
3.16	bdc68229bb5091d9
3.17	479ddf7ea6a54a00
3.18	16b1d2cff1e8832c
3.19	a3c9f9ec7c25c593
3.20	7dc606a365822117
3.21	7dd2ac4f2346b911
3.22	2853a263cd0ffd69
3.23	7e4705dacdeed746
3.24	3d857e7ae9195257
3.25	29f672abe04237f0
4.0	4f289eeeeeed1a5d
4.1	4b91322458177ab5
4.2	95f2b9f0cbb662ac
4.3	5892c377ca379926
5.0	e782c13bfc288cf5
5.1	b021d6bd7b282446
5.2	1158675b01f6855b
5.3	828ed4c6d2053551
5.4	cf3572aef7358993
5.5	4aeaf9fae637e5ad
5.6	2879360836dc7f4a
5.7	eae169ea4f48a68d
5.8	69d0d202810fec72
5.9	75d4c19ea5cad25a
5.10	8957687fadfa66ce
5.11	02e4b8042efda691
5.12	4db695c45fdad57b
5.13	c3b1b3b058ac96dc
5.14	42b583d5618bd575
5.15	fff2a8498784be34
5.16	6e8e43bc236e8ea6
5.17	325f6e6f262a531f
5.18	0e1830c20769ad37
5.19	0a30bf4ecde67bd0
5.20	e865074ab5ed33e2
5.21	b8eb490ee3388d01
5.22	3f3592f59be421bf
5.23	775140494df8afa3
5.24	176428e70312fcbe
5.25	f117e51ac91be310
5.26	4aadfc42c1c2ecc7
5.27	4b002a9b08a7b5a1
5.28	fbde10126fb0d09d
5.29	d188aeb97afb689a
5.30	badd29f26879f492
5.31	0b28414c120a0468
5.32	cc70a466d90b127b
5.33	538f6cc15f278bd2
5.34	9ad8718ce35bcd78
5.35	23b86696762e89c9
5.36	86f855a422ed2378
5.37	51d2902e67c24f81
5.38	819ba95e7cc2d535
5.39	f1104e3bfd8bde00
5.40	a28d342614fed2bf
5.41	65fd34ccd4068fa6
5.42	985a4693ccf7e610
5.43	ba4a55aa67358d72
5.44	3fdeede1b070a05e
5.45	313da2b299daa5b8
5.46	81c4629558d6f00b
5.47	d8a99763f19e1bfd
5.48	117176a2869855c7
5.49	747cdf82815a8b4a
5.50	3af8fe98f8ba9ca6
5.51	ca01038627dccc8d
5.52	6d2ef54302c959fd
6.0	1f4b8a9b49028761
6.1	cf38818628cdb26d
6.2	209034a1616dbdbf
6.3	e9e35ac89455eb4f
6.4	dd0de0c06c8f708e
6.5	ce827974e9ab09e2
6.6	14408a69b1bb5299
6.7	953ebf3d7c6514dd
6.8	d108c3ff0985ca55
6.9	28bb4b812d8e4a9c
6.10	570ec20501fb9c71
6.11	8fe4c9e6f515c2e9
6.12	29f426d8aca20272
6.13	8567e4368751e84d
6.14	347a4b05aa64192b
6.15	77973bdfabb7126a
6.16	1f066fb9689c7c49
6.17	a9727a2e04a28bb9
6.18	f828a6736821c8ec
7.0	a05ee29dddeeb3db
7.1	7485d98f27c453a9
7.2	dedd4cb4accaa013
7.3	aa02df5ccccde118
7.4	021b986eef55c889
7.5	5f422c935e15007f
7.6	a24b6ae1af4c4969
7.7	8433628aec614937
7.8	cbd3f14dd77ddb8a
7.9	5da711299de3d1d0
7.10	e085a0b2449dc815
7.11	ba84d039b86f3f6f
7.12	dfa2674bd065a175
7.13	0c488cf0c3f8d8e9
7.14	fd9245d5907a0b27
7.15	5cfa852d8a6cfb2e
7.16	d3f0b358e8bd83ab
7.17	f46a17d867800265
7.18	e1772daacd5bac56
7.19	00393aa3f2389c0b
7.20	c683e32c09de5f77
7.21	8b97ed4c7af9282f
7.22	2270c6092bd53ec6
7.23	87a8fa31630d0c1c
7.24	3760941f220be36c
7.25	1121c78025b1b676
7.26	f1bc475ac5d38ac4
7.27	08970926a2b3a06d
7.28	e94dfda361a534d2
7.29	e0599d1c4fa0ebf1
7.30	413618813ba4b08a
7.31	fa2ce223c11925f7
7.32	d8d6f17fe56248dc
7.33	5594bfe234f48358
7.34	bb57b52e80a7e58c
7.35	40df9c33ee61be48
7.36	8c9f92f7fd649f68
7.37	78921e8e11759dac
7.38	b3027d149a804273
7.39	327be206febb160c
7.40	d95b183c945822b3
7.41	92d5edfa11502e3b
7.42	af19c1e81132b5f8
7.43	5ac3aa8580fade44
7.44	18d210e0131861d1
7.45	b86ef87eab2f52dc
7.46	73cdcb379e2a5681
7.47	bcb7349f8718460c
7.48	5338aac8681f9542
7.49	ee9e0a810cdea811
7.50	27d23f2e77bf6c63
7.51	d7e7935d461c70e1
7.52	64498ec8aeb05a9b
7.53	76b249a8e89c4911
7.54	9ee36ef88c1c9cc0
7.55	ea176ec96a89b6b1
7.56	4fb0774fa4032f8f
7.57	17cf140489c79653
7.58	7b8e991921922f50
7.59	b2a1b4aa8f9c6205
7.60	e6f125aec025698f
7.61	a35a09b42b9af962
7.62	bed052c0696138bf
7.63	e5242376f133e213
7.64	44174591301e935f
7.65	d5ecfcf06856aeb6
7.66	f151c72d72aedcf8
7.67	9aaa89ea83f101e9
7.68	7642e03916b66447
8.0	1fd9861646cfdafc
8.1	bfc902638bead943
8.2	d6115b599ccccb72
8.3	bf70ae6aaac0ca2c
9.0	360d32ffa3f0f728
9.1	10c7c3f838b600c9
9.2	7b844f527a5504b2
9.3	4cd642cee81f96a7
9.4	04728ac8779ff4f3
9.5	2b7a61e76e182073
9.6	dbe6890b14d0aa52
9.7	ec714ee208943d31
9.8	b8607764e04e18d5
9.9	9ca87455ff9f3d85
9.10	8a5d0a4157ab7ece
9.11	ddd4cb14d9e92287
9.12	d4d3a7c820835fee
9.13	6d455aaadd0bb738
9.14	5a9edb98e587c50b
9.15	9abfde55c3d9c99f
9.16	f255b04bf0ec1d44
9.17	3bcfa2e3ea3e9a77
9.18	e3bef77bda5ea664
9.19	5baa45b9d4c3fb96
9.20	04c07002df092042
9.21	02e495984b507424
9.22	43041f149d06c54a
9.23	081414133543c55a
9.24	b2df0d8f4fff41a5
9.25	18be7aba331b5881
9.26	77450837b7c7e2a2
9.27	a79c8873dfb031d1
9.28	07a8606481777b24
9.29	13f563fa59138feb
10.0	5c528bea7d56d781
10.1	9313b81159c74143
10.2	46c8aeb6ea71b318
10.3	6ee771373f37cbc6
10.4	a2a7566b8edb035e
10.5	46c8aeb6ea71b318
10.6	f19f79f04e390b7c
10.7	a03c628d67078082
11.0	7a5d9fd929af6eaa
11.1	10f31a747aca8a29
11.2	347658013cb7cdb2
11.3	48b35e277347d1a5
11.4	52de6515a593b53a
11.5	d1e0fedb381731a3
11.6	2a0425d66699e436
11.7	9fc94591f5298352
11.8	9e2625b289f259f7
11.9	bb9734d56089a222
11.10	9b87377355df3967
11.11	19400b6e9d7d16b2
11.12	e50a346f048c2655
11.13	48f99ab95aaed96b
11.14	d9431d53e4540cfa
11.15	bbb6b3609699ae0e
11.16	407ea6b0f5dfd26f
11.17	b70acec749d7c0ac
11.18	a667967a34a7c0cc
11.19	8035a725a6f8c290
11.20	25917faac8ec20d9
11.21	fd1119281e22bb73
11.22	135cff5d7f6c3fe0
11.23	caed26c35b417c13
11.24	a7a7bf8780ecb629
11.25	bb3ff880eec9b5fc
11.26	406798186f45da26
11.27	7088956c17801799
11.28	29d76040331571f1
11.29	1e2b39aa8fadb158
11.30	fe518111cd843d78
11.31	2595322f46178cd7
11.32	1c5ebc4a29c05038
11.33	e97a5b4137a24d00
11.34	ebac509c9a655de7
11.35	7ccf81366d62747a
11.36	607b34cc6cb1a640
11.37	2fcb28bf541b85de
11.38	1a95b3ffa72b6f2b
11.39	5281dd64096760a1
11.40	62c97f228c696bef
11.41	e8f8e4b9ab3c0cd7
11.42	018675d3105e131f
11.43	b7839009cef963eb
11.44	28bcc175e19b0ed9
11.45	3903c69aeeb406b4
11.46	6e275db51a0babae
11.47	c5ecc7aa4f4c4846
11.48	12d03e931fd5537e
11.49	7be1a1809505140f
11.50	c78677ef8416e33a
11.51	d953298c79bc01f0
11.52	113c54c5016336ee
11.53	e7c93896ef3658f8
11.54	b1f472782c805f7e
11.55	997cc8e00a5fa358
11.56	876ec07d7d577ba1
11.57	76b0bf09be5d2cd3
11.58	6884316201fd6a3f
11.59	b8da18896972c25e
11.60	c0fb9169a60f41ee
11.61	c01c53aa96158430
11.62	7668f82a64791cfc
11.63	cbaa39224b8b316e
11.64	64a35a5c31e1aa8c
11.65	b886c4eabe2324af
11.66	b16fac63d7841760
11.67	cf06630533f02752
11.68	c4d5d28d6f271b63
11.69	c33b384bda345c45
11.70	824c4af58b7ea94b
11.71	b47fb65cb333a858
11.72	f395633ce027c67a
11.73	2e39b2ccfd1e08c6
11.74	3209025c7a36288e
11.75	c04ce9b70a4d39f2
11.76	fdf6e5f5910d2e8b
11.77	24a5a08660583b76
11.78	50ae66e42328a559
11.79	970c92d33e3af168
11.80	94297fee9a6744d1
11.81	8102cfcee5dc9d10
11.82	d49ef3d197b34889
11.83	35dd33cc0c35ed4a
11.84	9dd34c9099c75dcd
11.85	3aa0e119b8c29b8f
11.86	2a9666fcf60b9dff
11.87	b7778de84c347c13
11.88	e3916e73926dc6f7
11.89	b07e5db1b1c08a8d
11.90	1cb8230e9038c2bd
11.91	3ad702c79c458ebe
11.92	71e37ef9b74a0811
11.93	2a0aafabd1f7010c
11.94	52a05c5d436ad087
11.95	ac89496a2a8ac411
11.96	fd58b6f876908f1c
11.97	770d5dd137fbc2d5
11.98	0c4631937b1b308f
11.99	d3f8553ab1fc25e8
11.100	84c7d6a7417737ae
11.101	800effad8748b677
11.102	4007b73903b61073
11.103	73032028786ebf82
11.104	676266cc83eb0af5
11.105	81171d4a113b21b2
11.106	f63832f62736b9ec
11.107	8df8eb5d4fe1297e
11.108	ae1e7bcab4ca9301
11.109	d25dccc9e7075d32
11.110	6fb1b64621e7a257
