# Paragraphs inserted by this repair (no old coordinate). Source index = paragraph of the PG #1600 dialogue, counting from "Concerning the things..." as 0.
new_chapter	new_index	source_index	sha256_original_en	words_original_en	utf16_original_en	sha256_modern_en	words_modern_en	utf16_modern_en	opening_original_en
1	0	0	91b4e9641d6803e752a9a95861f75cea5019a7acbe3d0a3fa45f487ac29e4d9a	177	949	ab383055a73a3235b5f38aaf58fb092152e8eacc4d20df142c645dc3625c90da	156	829	Concerning the things about which you ask to be informed I b
1	1	1	fe61be31b6448ce16053c550ce6ad07b9d37b7520efeee9978de19737e645496	28	156	d408be46351e13b874b162d1607b54f9e5ac66f9afe5e36c4e9da0c6004236b6	29	158	Your informant, Glaucon, I said, must have been very indisti
1	2	2	656d25916b55a7625830cc9c302471823703b70e9adc842d0c1043c7def1dcf7	7	35	a6812fa0e68e0845dc65619900a71cd4bcef50376f8030eba6d5d4aca36476b3	8	42	Why, yes, he replied, I thought so.
1	3	3	0d557a23652edd2e69e97b6f1c7945f07ff0726fbaf639c9967dc7008a0b0a58	86	455	7c74abc689842a9fa0ab6eb09cf78f219c4c24eadb30c436223740325580b8e7	86	454	Impossible: I said. Are you ignorant that for many years Aga
1	4	4	f8ec30e715fffd1f1e7ef1c988d2929e5d7991c8fe2d99144c8b66dca3593e6e	11	64	ba403254bb0493e206df4540e9a0e0060ad68a489d8662f549e47cc90060d4c2	12	72	Well, he said, jesting apart, tell me when the meeting occur
1	5	5	bcde0df6266de542dcae865ef1242cbbd9aca5c7b877a0ef411a77dd5fe0faaf	30	160	24f4a89d91b5bee31448c41e64dc6dbcf79d65d974ad962ed4efb2fbd3bade81	29	160	In our boyhood, I replied, when Agathon won the prize with h
1	6	6	f75095194a19573d57738182bf03d51a02fb1cdc69f498acf5ce08397ec382b6	16	81	24731c50eb63020c332bec143d74777269b03ba95c64c67af0a98e0ab45803bc	19	88	Then it must have been a long while ago, he said; and who to
1	7	7	33e311e2aa8fc0d1ca006f49cea43e932f6377f53a936c1591b0824df593717e	227	1231	a91a5fdce3d590e8daa28ea0e753f0e9019b39edd7b660b2fb241ebcf253aa4b	219	1181	No indeed, I replied, but the same person who told Phoenix;-
1	8	8	e58a22e2c1a9db757a032360701614c8621380ae3223780847308fb6213949d4	66	389	3365abdee8fd00b744d48ba4e266b0d0fea2b3009a317097229090d05b833b26	69	391	COMPANION: I see, Apollodorus, that you are just the same--a
