# Passage coverage: every paragraph of the Jowett dialogue in PG #1600 (TXT form; the HTML is identical except that it prints -- as an em-dash).
# source_index 0 = "Concerning the things..."; PERSONS OF THE DIALOGUE and SCENE lines are dialogue front matter, not reading text (see COVERAGE.md).
# Section labels are descriptive navigation aids for this record, not Plato's divisions and not the reader's chapter titles.
source_index	section	sha256_txt	sha256_html	words	baseline_coordinates	candidate_coordinates	status	opening
0	Prologue: Apollodorus recalls meeting Glaucon; the companion replies	91b4e9641d6803e752a9a95861f75cea5019a7acbe3d0a3fa45f487ac29e4d9a	91b4e9641d6803e752a9a95861f75cea5019a7acbe3d0a3fa45f487ac29e4d9a	177	MISSING	1.0	RESTORED verbatim (missing from baseline)	Concerning the things about which you ask to be informed I believe tha
1	Prologue: Apollodorus recalls meeting Glaucon; the companion replies	fe61be31b6448ce16053c550ce6ad07b9d37b7520efeee9978de19737e645496	fe61be31b6448ce16053c550ce6ad07b9d37b7520efeee9978de19737e645496	28	MISSING	1.1	RESTORED verbatim (missing from baseline)	Your informant, Glaucon, I said, must have been very indistinct indeed
2	Prologue: Apollodorus recalls meeting Glaucon; the companion replies	656d25916b55a7625830cc9c302471823703b70e9adc842d0c1043c7def1dcf7	656d25916b55a7625830cc9c302471823703b70e9adc842d0c1043c7def1dcf7	7	MISSING	1.2	RESTORED verbatim (missing from baseline)	Why, yes, he replied, I thought so.
3	Prologue: Apollodorus recalls meeting Glaucon; the companion replies	0d557a23652edd2e69e97b6f1c7945f07ff0726fbaf639c9967dc7008a0b0a58	0d557a23652edd2e69e97b6f1c7945f07ff0726fbaf639c9967dc7008a0b0a58	86	MISSING	1.3	RESTORED verbatim (missing from baseline)	Impossible: I said. Are you ignorant that for many years Agathon has n
4	Prologue: Apollodorus recalls meeting Glaucon; the companion replies	f8ec30e715fffd1f1e7ef1c988d2929e5d7991c8fe2d99144c8b66dca3593e6e	f8ec30e715fffd1f1e7ef1c988d2929e5d7991c8fe2d99144c8b66dca3593e6e	11	MISSING	1.4	RESTORED verbatim (missing from baseline)	Well, he said, jesting apart, tell me when the meeting occurred.
5	Prologue: Apollodorus recalls meeting Glaucon; the companion replies	bcde0df6266de542dcae865ef1242cbbd9aca5c7b877a0ef411a77dd5fe0faaf	bcde0df6266de542dcae865ef1242cbbd9aca5c7b877a0ef411a77dd5fe0faaf	30	MISSING	1.5	RESTORED verbatim (missing from baseline)	In our boyhood, I replied, when Agathon won the prize with his first t
6	Prologue: Apollodorus recalls meeting Glaucon; the companion replies	f75095194a19573d57738182bf03d51a02fb1cdc69f498acf5ce08397ec382b6	92acca246bef8364312990439d601f4626aad4cf524ec44cb47b44227ee1bcef	16	MISSING	1.6	RESTORED verbatim (missing from baseline)	Then it must have been a long while ago, he said; and who told you--di
7	Prologue: Apollodorus recalls meeting Glaucon; the companion replies	33e311e2aa8fc0d1ca006f49cea43e932f6377f53a936c1591b0824df593717e	b65d9eb6f64a5c775c38fcb968e4df2252ad1cb954388e097afed9a1d47301e2	227	MISSING	1.7	RESTORED verbatim (missing from baseline)	No indeed, I replied, but the same person who told Phoenix;--he was a 
8	Prologue: Apollodorus recalls meeting Glaucon; the companion replies	e58a22e2c1a9db757a032360701614c8621380ae3223780847308fb6213949d4	ad9452d286411d873419af1076e8aee9e5ac9949a8d6495d80ec460a033cd4de	66	MISSING	1.8	RESTORED verbatim (missing from baseline)	COMPANION: I see, Apollodorus, that you are just the same--always spea
9	Apollodorus agrees to repeat Aristodemus's account	236ff24ad3a77068e339e1199f4c34440ec2bcf551384efeb4713e70a455e772	236ff24ad3a77068e339e1199f4c34440ec2bcf551384efeb4713e70a455e772	34	1.0	1.9	present verbatim	APOLLODORUS: Yes, friend, and the reason why I am said to be mad, and 
10	Apollodorus agrees to repeat Aristodemus's account	8b0d7ba8c7f76839371500ebba39a781f4c05355a86a78fbf96230b15e431058	8b0d7ba8c7f76839371500ebba39a781f4c05355a86a78fbf96230b15e431058	18	1.1	1.10	present verbatim	COMPANION: No more of that, Apollodorus; but let me renew my request t
11	Apollodorus agrees to repeat Aristodemus's account	dc9c61412ffbd388359d16d56d51d8312eef4027af8ae8897640ff92b25013f5	287b81a7081d377ed955927b751eb4d4ce5afdc1c9b8c6b370c6b0ccfa146b6d	28	1.2	1.11	present verbatim	APOLLODORUS: Well, the tale of love was on this wise:--But perhaps I h
12	Aristodemus's narrative: Socrates, the arrival at Agathon's, supper, the proposal to praise Love	a21fc118ea43e55173d8ffcf4fae449720e3e33a84548b3b71f555378a54efb7	4a129dd47e82c982904c22ac9b520cda441bfb81873a994b2dab0a77b297eedb	37	1.3	1.12	present verbatim	He said that he met Socrates fresh from the bath and sandalled; and as
13	Aristodemus's narrative: Socrates, the arrival at Agathon's, supper, the proposal to praise Love	510a4fc546de39c1c0d86dc11e294bd501f07545189d667e489ec91f4be922fd	510a4fc546de39c1c0d86dc11e294bd501f07545189d667e489ec91f4be922fd	51	1.4	1.13	present verbatim	To a banquet at Agathon's, he replied, whose invitation to his sacrifi
14	Aristodemus's narrative: Socrates, the arrival at Agathon's, supper, the proposal to praise Love	81f936cffa5421ac0ed2afebe1969954ec8839e2ae19b0abbea21732436b7b4b	81f936cffa5421ac0ed2afebe1969954ec8839e2ae19b0abbea21732436b7b4b	9	1.5	1.14	present verbatim	I will do as you bid me, I replied.
15	Aristodemus's narrative: Socrates, the arrival at Agathon's, supper, the proposal to praise Love	6d899c965a3dd9318d3c653ad96136d1735bb5feb295abc9cfad10dbe55d7806	28e12f7c2f2e8d19177167540314c088c0afc06d3d0ca1e14233f38205a12f46	10	1.6	1.15	present verbatim	Follow then, he said, and let us demolish the proverb:--
16	Aristodemus's narrative: Socrates, the arrival at Agathon's, supper, the proposal to praise Love	0f58ae27aa1b93cd80fb30adf79730216bcd5cffd4eb9878619d5376c32f5830	0f58ae27aa1b93cd80fb30adf79730216bcd5cffd4eb9878619d5376c32f5830	10	1.7	1.16	present verbatim	'To the feasts of inferior men the good unbidden go;'
17	Aristodemus's narrative: Socrates, the arrival at Agathon's, supper, the proposal to praise Love	09518b4b85984f2a8d620907f97dd2320f4141df2914dad525c638078c2f389d	f2276991e27bb05d20824fc8096ddec65bdf3a97faf1bc49272d4c103b6546ab	7	1.8	1.17	present verbatim	instead of which our proverb will run:--
18	Aristodemus's narrative: Socrates, the arrival at Agathon's, supper, the proposal to praise Love	c3363670fcff1907a54e3b7d21ced0b2970c95028e5f65719c30591fad70ae81	c3363670fcff1907a54e3b7d21ced0b2970c95028e5f65719c30591fad70ae81	10	1.9	1.18	present verbatim	'To the feasts of the good the good unbidden go;'
19	Aristodemus's narrative: Socrates, the arrival at Agathon's, supper, the proposal to praise Love	f7fcdc7f5dced5405384d160b514c4b2548ddfab25a35535bb1cc833d280b981	f7fcdc7f5dced5405384d160b514c4b2548ddfab25a35535bb1cc833d280b981	66	1.10	1.19	present verbatim	and this alteration may be supported by the authority of Homer himself
20	Aristodemus's narrative: Socrates, the arrival at Agathon's, supper, the proposal to praise Love	2b95e8990e0c13f48b34a26ce703f022a4c3a98523b66eaa946718fbead4c151	2b95e8990e0c13f48b34a26ce703f022a4c3a98523b66eaa946718fbead4c151	26	1.11	1.20	present verbatim	I rather fear, Socrates, said Aristodemus, lest this may still be my c
21	Aristodemus's narrative: Socrates, the arrival at Agathon's, supper, the proposal to praise Love	1e06c286ec38fc1b0bd8cd3f5ce6a46d4341a730536087d7b529ab6b3c9685a8	1e06c286ec38fc1b0bd8cd3f5ce6a46d4341a730536087d7b529ab6b3c9685a8	8	1.12	1.21	present verbatim	'To the feasts of the wise unbidden goes.'
22	Aristodemus's narrative: Socrates, the arrival at Agathon's, supper, the proposal to praise Love	e0eda5aac31fe652bddda84e047c2ca3c48317a3d86b099a57306d72324adb69	e0eda5aac31fe652bddda84e047c2ca3c48317a3d86b099a57306d72324adb69	19	1.13	1.22	present verbatim	But I shall say that I was bidden of you, and then you will have to ma
23	Aristodemus's narrative: Socrates, the arrival at Agathon's, supper, the proposal to praise Love	b6e40de1ea5c8f11dff1b358123e6f679b52dea448483d2ea46490ee067b2f29	b6e40de1ea5c8f11dff1b358123e6f679b52dea448483d2ea46490ee067b2f29	3	1.14	1.23	present verbatim	'Two going together,'
24	Aristodemus's narrative: Socrates, the arrival at Agathon's, supper, the proposal to praise Love	3abf8bb5ed6edc8490066a7adc38197d9572a920b6521440e7a400595a8fa789	3abf8bb5ed6edc8490066a7adc38197d9572a920b6521440e7a400595a8fa789	18	1.15	1.24	present verbatim	he replied, in Homeric fashion, one or other of them may invent an exc
25	Aristodemus's narrative: Socrates, the arrival at Agathon's, supper, the proposal to praise Love	71c0e58c577a6072a66edd44242a0bd5e079b3e29d802ed8d407a934478129e9	dde5fc8a6013cb09c88bdf210a308af02ff093f8b682a07b892c06fa8da4929c	133	1.16	1.25	present verbatim	This was the style of their conversation as they went along. Socrates 
26	Aristodemus's narrative: Socrates, the arrival at Agathon's, supper, the proposal to praise Love	cbfd1b01dcb0e000258fcb15a1179a0c417eee269a8a2af40217bd8eeda287f8	cbfd1b01dcb0e000258fcb15a1179a0c417eee269a8a2af40217bd8eeda287f8	34	1.17	1.26	present verbatim	I turned round, but Socrates was nowhere to be seen; and I had to expl
27	Aristodemus's narrative: Socrates, the arrival at Agathon's, supper, the proposal to praise Love	8111ccfaf3caa2bffc28e5d4fef2bb96f17f4c6077ceb5dbeaa52aa5ecd6225f	8111ccfaf3caa2bffc28e5d4fef2bb96f17f4c6077ceb5dbeaa52aa5ecd6225f	13	1.18	1.27	present verbatim	You were quite right in coming, said Agathon; but where is he himself?
28	Aristodemus's narrative: Socrates, the arrival at Agathon's, supper, the proposal to praise Love	fc06f8d83aede60ed3f00260434236d875b18b24719f47f4cab5752610884fa0	fc06f8d83aede60ed3f00260434236d875b18b24719f47f4cab5752610884fa0	20	1.19	1.28	present verbatim	He was behind me just now, as I entered, he said, and I cannot think w
29	Aristodemus's narrative: Socrates, the arrival at Agathon's, supper, the proposal to praise Love	81c8385119a2c5194e31263467b1f6e291d87ce34a86c3149412b6892160a5f4	81c8385119a2c5194e31263467b1f6e291d87ce34a86c3149412b6892160a5f4	22	1.20	1.29	present verbatim	Go and look for him, boy, said Agathon, and bring him in; and do you, 
30	Aristodemus's narrative: Socrates, the arrival at Agathon's, supper, the proposal to praise Love	91086d92996e7b301dd38b99fcf7d46ec4084003afd8e7b9ab59a4a72d83a73a	91086d92996e7b301dd38b99fcf7d46ec4084003afd8e7b9ab59a4a72d83a73a	48	1.21	1.30	present verbatim	The servant then assisted him to wash, and he lay down, and presently 
31	Aristodemus's narrative: Socrates, the arrival at Agathon's, supper, the proposal to praise Love	3971b74cd29e27b2c703a2ca29cd7e5c1f046f623f3a90ff3c7b31701ed6391d	3971b74cd29e27b2c703a2ca29cd7e5c1f046f623f3a90ff3c7b31701ed6391d	14	1.22	1.31	present verbatim	How strange, said Agathon; then you must call him again, and keep call
32	Aristodemus's narrative: Socrates, the arrival at Agathon's, supper, the proposal to praise Love	61771ed5f000ca999426c118e1df6769cbd5ed3760fa539ef5a35712f1511d5e	61771ed5f000ca999426c118e1df6769cbd5ed3760fa539ef5a35712f1511d5e	31	1.23	1.32	present verbatim	Let him alone, said my informant; he has a way of stopping anywhere an
33	Aristodemus's narrative: Socrates, the arrival at Agathon's, supper, the proposal to praise Love	abffc65c023640e4fe97568c81d803727828150799f2be453cd71f3927363094	8716a20acca223a0656bcc10b41c64818f28c21425adc9d2d3fb01e78750c34f	191	1.24	1.33	present verbatim	Well, if you think so, I will leave him, said Agathon. And then, turni
34	Aristodemus's narrative: Socrates, the arrival at Agathon's, supper, the proposal to praise Love	c9772e4cbb276e0079209fb0781d059acb8c2e9bc771108f2e3d3d5239fd57a8	c9772e4cbb276e0079209fb0781d059acb8c2e9bc771108f2e3d3d5239fd57a8	119	1.25	1.34	present verbatim	How I wish, said Socrates, taking his place as he was desired, that wi
35	Aristodemus's narrative: Socrates, the arrival at Agathon's, supper, the proposal to praise Love	f859f3ff7dd8a01f5f1f8a79f2949c2d24eb43db370b97eac2b3645f156b46ea	e5e3053f89c9593e66b7cf121e480b33c75893b48c35e75ddf4cbd2d0e63f28e	38	1.26	1.35	present verbatim	You are mocking, Socrates, said Agathon, and ere long you and I will h
36	Aristodemus's narrative: Socrates, the arrival at Agathon's, supper, the proposal to praise Love	6ab053ad46e6583be1698a356bc3bc22f431418050bf79939cdc57842fd664b1	6ab053ad46e6583be1698a356bc3bc22f431418050bf79939cdc57842fd664b1	103	1.27	1.36	present verbatim	Socrates took his place on the couch, and supped with the rest; and th
37	Aristodemus's narrative: Socrates, the arrival at Agathon's, supper, the proposal to praise Love	d0284e02b7e3170ef0474398e779e46890c8fcffebd1241ebbab80797540b57c	d0284e02b7e3170ef0474398e779e46890c8fcffebd1241ebbab80797540b57c	27	1.28	1.37	present verbatim	I entirely agree, said Aristophanes, that we should, by all means, avo
38	Aristodemus's narrative: Socrates, the arrival at Agathon's, supper, the proposal to praise Love	3d76230681faacd2dd55b65c6e14d6fffa6f64a8cbf49f2b561cb18e469c2caf	3d76230681faacd2dd55b65c6e14d6fffa6f64a8cbf49f2b561cb18e469c2caf	29	1.29	1.38	present verbatim	I think that you are right, said Eryximachus, the son of Acumenus; but
39	Aristodemus's narrative: Socrates, the arrival at Agathon's, supper, the proposal to praise Love	fe015d32d35145fe447051a7b5b4e8fc6471d77df3c4a0fc16def90342ef7f70	fe015d32d35145fe447051a7b5b4e8fc6471d77df3c4a0fc16def90342ef7f70	8	1.30	1.39	present verbatim	I am not equal to it, said Agathon.
40	Aristodemus's narrative: Socrates, the arrival at Agathon's, supper, the proposal to praise Love	f8cf08cda86087c7812a537880032cd83d2cb496b7000c40befe52152dffdb66	f8cf08cda86087c7812a537880032cd83d2cb496b7000c40befe52152dffdb66	108	1.31	1.40	present verbatim	Then, said Eryximachus, the weak heads like myself, Aristodemus, Phaed
41	Aristodemus's narrative: Socrates, the arrival at Agathon's, supper, the proposal to praise Love	a2caaf8ec85292a2f182482d9c13dd9b1e58762e4820049f0d941a82270932ef	a2caaf8ec85292a2f182482d9c13dd9b1e58762e4820049f0d941a82270932ef	32	1.32	1.41	present verbatim	I always do what you advise, and especially what you prescribe as a ph
42	Aristodemus's narrative: Socrates, the arrival at Agathon's, supper, the proposal to praise Love	b2007aefaffd90a689a4167809652010faff1a93e43fddb02b4ab5fb354d212d	b2007aefaffd90a689a4167809652010faff1a93e43fddb02b4ab5fb354d212d	27	1.33	1.42	present verbatim	It was agreed that drinking was not to be the order of the day, but th
43	Aristodemus's narrative: Socrates, the arrival at Agathon's, supper, the proposal to praise Love	4876b22310cf7c09ee3e974fabf09665ba1efaa93551b8d9040f0e51e6c142c1	de1179538948fc74a788babe6aed7b79f802dacd1f74f668661b2b6878df0752	87	1.34	1.43	present verbatim	Then, said Eryximachus, as you are all agreed that drinking is to be v
44	Aristodemus's narrative: Socrates, the arrival at Agathon's, supper, the proposal to praise Love	9d16b9b2c2bad041c16e5cffd1a5dd026730ecb61897b2c3ab6b1a3b09717792	9d16b9b2c2bad041c16e5cffd1a5dd026730ecb61897b2c3ab6b1a3b09717792	12	1.35	1.44	present verbatim	I will begin, he said, after the manner of Melanippe in Euripides,
45	Aristodemus's narrative: Socrates, the arrival at Agathon's, supper, the proposal to praise Love	83d63f523043386ea031be5782efeaf1ae83049ddb869d312278c4acbda0da07	83d63f523043386ea031be5782efeaf1ae83049ddb869d312278c4acbda0da07	4	1.36	1.45	present verbatim	'Not mine the word'
46	Aristodemus's narrative: Socrates, the arrival at Agathon's, supper, the proposal to praise Love	a72c53f9c8159fff5572feb6a2b49afa69ae6635b8d3eff9e423d452d01ac102	0fdd3cdc5ef659dbc82fbb2ce805c095e01804046ecb943dd25e1712cd93d64e	266	1.37	1.46	present verbatim	which I am about to speak, but that of Phaedrus. For often he says to 
47	Aristodemus's narrative: Socrates, the arrival at Agathon's, supper, the proposal to praise Love	fd2c80175f1a192d4c267163a6f44eae0c0add9d1e1b2606563b5146b981bde6	fd2c80175f1a192d4c267163a6f44eae0c0add9d1e1b2606563b5146b981bde6	114	1.38	1.47	present verbatim	No one will vote against you, Eryximachus, said Socrates. How can I op
48	Aristodemus's narrative: Socrates, the arrival at Agathon's, supper, the proposal to praise Love	7d7ceb1092cf3e356dedbe7b86b6f88b45f3c3b0a4795b84e02f7ddb90698aee	7d7ceb1092cf3e356dedbe7b86b6f88b45f3c3b0a4795b84e02f7ddb90698aee	36	1.39	1.48	present verbatim	Aristodemus did not recollect all that was said, nor do I recollect al
49	Phaedrus's speech	ed889591b2d0b2ee632dc8eae15caaa8b1adc4b965e0649bf9643e0373721b40	1ef556641a3a55929bc93cc5fc805fdd48d7713f9b0385fac83f2308e5fbabfa	68	2.0	2.0	present verbatim	Phaedrus began by affirming that Love is a mighty god, and wonderful a
50	Phaedrus's speech	ea28457c6fedb0c676f18cb2b7dc92e1c043518800f617f70f44f6a733b59278	ea28457c6fedb0c676f18cb2b7dc92e1c043518800f617f70f44f6a733b59278	16	2.1	2.1	present verbatim	'First Chaos came, and then broad-bosomed Earth, The everlasting seat 
51	Phaedrus's speech	d2b5e08929323fbadaf06f16dcafe640769ee8328ebd82cd670d49992dd85a97	d2b5e08929323fbadaf06f16dcafe640769ee8328ebd82cd670d49992dd85a97	19	2.2	2.2	present verbatim	In other words, after Chaos, the Earth and Love, these two, came into 
52	Phaedrus's speech	5aa574c6a7b9713b95f583c390fa03c7fbceda101af37cc89ea68cd6c642c0db	5aa574c6a7b9713b95f583c390fa03c7fbceda101af37cc89ea68cd6c642c0db	9	2.3	2.3	present verbatim	'First in the train of gods, he fashioned Love.'
53	Phaedrus's speech	0aa402c00a695bf66b78d82dd4ff66c9224504d5da55f8ff8d56d732f6859a76	987c9b524b24e104815fe8ec8e712d8a6d339f716f7d5cb7c55d95acbb7893f2	358	2.4,2.5	2.4,2.5	present verbatim, split into 2 reader paragraphs at sentence ends (baseline structure kept)	And Acusilaus agrees with Hesiod. Thus numerous are the witnesses who 
54	Phaedrus's speech	e860fb09f7299940508fcb88c3c0b148d5fb9c270e46f4fb4c42ffb2945d443b	88afb1f1050cef15787d92da3d8f226574ebd97bc18b5f4465ca562772233405	448	2.6,2.7	2.6,2.7	present verbatim, split into 2 reader paragraphs at sentence ends (baseline structure kept)	Love will make men dare to die for their beloved--love alone; and wome
55	Transition; Pausanias's speech	df7ecbda3e7adcff6e0efbea517d28889d6482454ca05f5b4cfa2aa4230752a9	83d8a714a5badbd14647f1bac7cea80767faa0afa29f4166cdced5f41f4470a9	1753	3.0,3.1,3.2,3.3,3.4,3.5,3.6,3.7	3.0,3.1,3.2,3.3,3.4,3.5,3.6,3.7	present verbatim, split into 8 reader paragraphs at sentence ends (baseline structure kept)	This, or something like this, was the speech of Phaedrus; and some oth
56	Transition; Pausanias's speech	5c7852ede4a64435029d12af6a87db96c4157a403b8b14582c0047591d9670b4	1ccc47fe6ea1500905beda4282337418758b2f8bd99f6211a04e56f33e40148b	468	3.8,3.9	3.8,3.9	present verbatim, split into 2 reader paragraphs at sentence ends (baseline structure kept)	For we have a custom, and according to our custom any one who does ser
57	Pausanias ends; Aristophanes's hiccough; Eryximachus takes his turn	11de1f288e7583ed089459e764a41d3a804c629a5332fcfadaac855e08bf7fc9	dcb1d89c7964d611ff7dcdd361d8ba1e456256ea851b8d363307da88ab46274a	85	3.10	3.10	present verbatim	Pausanias came to a pause--this is the balanced way in which I have be
58	Pausanias ends; Aristophanes's hiccough; Eryximachus takes his turn	dede779a36052b3117607778e499c33613a9bcfd154a1c4c04cdafadbcb08930	dede779a36052b3117607778e499c33613a9bcfd154a1c4c04cdafadbcb08930	92	3.11	3.11	present verbatim	I will do both, said Eryximachus: I will speak in your turn, and do yo
59	Eryximachus's speech and exchange with Aristophanes	78c8f196f2e6ef3110a231f34f0cf356518cc583a07f36174829402339635c14	f35f0b4f6ca913574e86c4307b10731c5495bb16a2600d322531abaea23a5861	812	4.0,4.1,4.2,4.3	4.0,4.1,4.2,4.3	present verbatim, split into 4 reader paragraphs at sentence ends (baseline structure kept)	Eryximachus spoke as follows: Seeing that Pausanias made a fair beginn
60	Eryximachus's speech and exchange with Aristophanes	bb0e70f8559521db7ad8b2ed6d5317d0e070171319dd6a48f3f0fc81bfe9d41e	4d790246408cfc174f61db9b3a299089fb4843ac6fdbf0a94637a3ad0c37de63	366	4.4,4.5	4.4,4.5	present verbatim, split into 2 reader paragraphs at sentence ends (baseline structure kept)	The course of the seasons is also full of both these principles; and w
61	Eryximachus's speech and exchange with Aristophanes	6d78e223655e903e21e334406295f4f6b50c533d8393ea0deb038389f2161ce2	6d78e223655e903e21e334406295f4f6b50c533d8393ea0deb038389f2161ce2	44	4.6	4.6	present verbatim	Yes, said Aristophanes, who followed, the hiccough is gone; not, howev
62	Eryximachus's speech and exchange with Aristophanes	027757cf4f70f262525b947114e1e81dbfd678ae7a69b15ddf9a78d056704851	027757cf4f70f262525b947114e1e81dbfd678ae7a69b15ddf9a78d056704851	40	4.7	4.7	present verbatim	Eryximachus said: Beware, friend Aristophanes, although you are going 
63	Eryximachus's speech and exchange with Aristophanes	9c84d8c05775a0438277f6d2df3372c0d91884c0a0bc0ec383f4f05ac9f8cab2	9c84d8c05775a0438277f6d2df3372c0d91884c0a0bc0ec383f4f05ac9f8cab2	61	4.8	4.8	present verbatim	You are right, said Aristophanes, laughing. I will unsay my words; but
64	Eryximachus's speech and exchange with Aristophanes	26e72c4bcd4efd3884bf53cfd2062e7e151b1e7b7bc7839ca28b568590e42d48	26e72c4bcd4efd3884bf53cfd2062e7e151b1e7b7bc7839ca28b568590e42d48	36	4.9	4.9	present verbatim	Do you expect to shoot your bolt and escape, Aristophanes? Well, perha
65	Aristophanes's speech	ff2793b320740e68ff6cfd7c1113a8d6f716cc3f7efa4dce94ae53416bf6c085	73e0c70a171f5e8476319413c57cbc7f69594b912824450f720fdd71ff585760	1959	5.0,5.1,5.2,5.3,5.4,5.5,5.6,5.7	5.0,5.1,5.2,5.3,5.4,5.5,5.6,5.7	present verbatim, split into 8 reader paragraphs at sentence ends (baseline structure kept)	Aristophanes professed to open another vein of discourse; he had a min
66	Interlude: Eryximachus, Socrates, Agathon, Phaedrus	16a8cdafc8084f8be24331d74a112bf326c2d7a3aca62954e5a1ba06d90b770e	16a8cdafc8084f8be24331d74a112bf326c2d7a3aca62954e5a1ba06d90b770e	63	5.8	5.8	present verbatim	Indeed, I am not going to attack you, said Eryximachus, for I thought 
67	Interlude: Eryximachus, Socrates, Agathon, Phaedrus	600e041f964f64aab1b3265013d57ccb2e9d864e9f3b9d944707592897e311eb	600e041f964f64aab1b3265013d57ccb2e9d864e9f3b9d944707592897e311eb	34	5.9	5.9	present verbatim	Socrates said: You played your part well, Eryximachus; but if you were
68	Interlude: Eryximachus, Socrates, Agathon, Phaedrus	fc5dfb888b71f3928143f431c68852621166d2c986c905dd68fddd7983a9e715	fc5dfb888b71f3928143f431c68852621166d2c986c905dd68fddd7983a9e715	31	5.10	5.10	present verbatim	You want to cast a spell over me, Socrates, said Agathon, in the hope 
69	Interlude: Eryximachus, Socrates, Agathon, Phaedrus	2dae1112d9a9e08775e9daf229162905653d7eea1b1a0f17ea829a58d094700d	2dae1112d9a9e08775e9daf229162905653d7eea1b1a0f17ea829a58d094700d	56	5.11	5.11	present verbatim	I should be strangely forgetful, Agathon replied Socrates, of the cour
70	Interlude: Eryximachus, Socrates, Agathon, Phaedrus	eb4e78a5b5682e61603c37d57e2462e25680edb0fe2c968aefbe268940361727	eb4e78a5b5682e61603c37d57e2462e25680edb0fe2c968aefbe268940361727	36	5.12	5.12	present verbatim	Do you think, Socrates, said Agathon, that my head is so full of the t
71	Interlude: Eryximachus, Socrates, Agathon, Phaedrus	4b5ee1a0a87bd4759615b03ce8c264d43cdb22db33348f6ef491fe7559835d1a	f50e3b1d2205adea3b961e45d44fd1b299cdf9b846040562872114a0af9560e7	106	5.13	5.13	present verbatim	Nay, replied Socrates, I should be very wrong in attributing to you, A
72	Interlude: Eryximachus, Socrates, Agathon, Phaedrus	6faa166cbf4049efc8e624e1d3bcd8ebaf88389d8a6732c86ae1bea0964eb31d	6faa166cbf4049efc8e624e1d3bcd8ebaf88389d8a6732c86ae1bea0964eb31d	3	5.14	5.14	present verbatim	Yes, said Agathon.
73	Interlude: Eryximachus, Socrates, Agathon, Phaedrus	4b2930a08130770dc1c3bcf71821eff99181e4815ab2eab279be4002f984c866	4b2930a08130770dc1c3bcf71821eff99181e4815ab2eab279be4002f984c866	21	5.15	5.15	present verbatim	But before the many you would not be ashamed, if you thought that you 
74	Interlude: Eryximachus, Socrates, Agathon, Phaedrus	c1d969d5ae4bbdc9346f535d79da612131ea7b3b1e1c2ebb78240414cc9d03a3	c1d969d5ae4bbdc9346f535d79da612131ea7b3b1e1c2ebb78240414cc9d03a3	84	5.16	5.16	present verbatim	Here Phaedrus interrupted them, saying: not answer him, my dear Agatho
75	Interlude: Eryximachus, Socrates, Agathon, Phaedrus	b55edd53f649d3763850bcc7e3e4dc702a88fb48c4a00c736fe3aec7e35f61f7	917c50b823862877f19435eac79ef2a774527b86e8ad5ecc972abb5211c1d476	40	5.17	5.17	present verbatim	Very good, Phaedrus, said Agathon; I see no reason why I should not pr
76	Agathon's speech	68faf595673a04c499db0a9d7627be6d21cd7aa97e5c703712bf45837c2e55d9	62e54119620d78227925ae5e92a033d4e947a9155aa805d4a695420aa91179c6	270	6.0	6.0	present verbatim	The previous speakers, instead of praising the god Love, or unfolding 
77	Agathon's speech	5fbbc80b86b3b0c996bcbf425d225700b6fee0fea37361af77f59626cd9a296a	5fbbc80b86b3b0c996bcbf425d225700b6fee0fea37361af77f59626cd9a296a	19	6.1	6.1	present verbatim	'Her feet are tender, for she sets her steps, Not on the ground but on
78	Agathon's speech	9257e7368a0e974c1f6d3aa1055abd4aa2ea03931fe2c47a2e39e42fcd7c34d9	d853193ae9a56cc283fc36c7541c44ffb2a201dd450b1efbd48f052648c3cbc8	830	6.2,6.3,6.4	6.2,6.3,6.4	present verbatim, split into 3 reader paragraphs at sentence ends (baseline structure kept)	herein is an excellent proof of her tenderness,--that she walks not up
79	Agathon's speech	9dfd720067ee62808fbc20cd93a4bed80c06890824ee381428f0cfc16aaf64a2	9dfd720067ee62808fbc20cd93a4bed80c06890824ee381428f0cfc16aaf64a2	18	6.5	6.5	present verbatim	'Gives peace on earth and calms the stormy deep, Who stills the winds 
80	Agathon's speech	6eb2ce58ae7081689245392b1edd59fe1519df43daacb273cc8b90c3a650aa4b	213ccee4d8427391aa02b7f3b919b4c8f834c9648eef4cc8fdec820eb4b12f06	166	6.6	6.6	present verbatim	This is he who empties men of disaffection and fills them with affecti
81	Applause; Socrates's response; Phaedrus grants the questions	ff70d358ceca24a69e6e3fd1b3e6598fd2bd697a57fffab632ddcf6ccfb3c73d	ff70d358ceca24a69e6e3fd1b3e6598fd2bd697a57fffab632ddcf6ccfb3c73d	74	6.7	6.7	present verbatim	When Agathon had done speaking, Aristodemus said that there was a gene
82	Applause; Socrates's response; Phaedrus grants the questions	3704c49d7ac6f55211e50581da5172143443d12fbb56cd7992e0117d07d30431	f15aecdf850cee60d4286d2c46b1c51024c283839500a8a526b80e36f6a66424	27	6.8	6.8	present verbatim	The part of the prophecy which concerns Agathon, replied Eryximachus, 
83	Applause; Socrates's response; Phaedrus grants the questions	1f02e05b72e8823f3cebc4296dbb6f17b0b2ede53c57cfb835ebfb0f79c5d5c7	29a8ef9569c774ce8f65c26910929c6b793bb9d4e0f0c4572b6d3d1633e384ae	489	6.9,6.10	6.9,6.10	present verbatim, split into 2 reader paragraphs at sentence ends (baseline structure kept)	Why, my dear friend, said Socrates, must not I or any one be in a stra
84	Applause; Socrates's response; Phaedrus grants the questions	7d95d765af7baca4a92fb62d3fd89d97e574c90d8a78e953d1215aa0d7f180c3	7d95d765af7baca4a92fb62d3fd89d97e574c90d8a78e953d1215aa0d7f180c3	47	6.11	6.11	present verbatim	Aristodemus said that Phaedrus and the company bid him speak in any ma
85	Applause; Socrates's response; Phaedrus grants the questions	45eaea0162da6691ef0fc802e1c788c331cace4743985ba0848e03859a5fa062	18c908e9d167b225864f974913fc5c5948867e1c84918e462b26aac15ce0dac2	14	6.12	6.12	present verbatim	I grant the permission, said Phaedrus: put your questions. Socrates th
86	Socrates questions Agathon	aa8eb9bd01bb9518a68ebeec17a3ea87b295f8f735c453adb3ed7d7c2cbb0c95	d00aa902fc351056642fdde018321e8917328149c9b1f7aa7d8e3a6b40931846	134	7.0	7.0	present verbatim	In the magnificent oration which you have just uttered, I think that y
87	Socrates questions Agathon	44160b1b36cdf1466a8e42dccc129a2ecddb731a86d3522347ae394d5aca7ea0	44160b1b36cdf1466a8e42dccc129a2ecddb731a86d3522347ae394d5aca7ea0	4	7.1	7.1	present verbatim	Very true, said Agathon.
88	Socrates questions Agathon	4c528ec47f6044af2b362425673d9fead28341fa8a7cb2b0afcef75c41d039c9	4c528ec47f6044af2b362425673d9fead28341fa8a7cb2b0afcef75c41d039c9	9	7.2	7.2	present verbatim	And you would say the same of a mother?
89	Socrates questions Agathon	6b5a1129691460287643e395ef49965747b5dc078289a37e1cf96392f53a99bc	6b5a1129691460287643e395ef49965747b5dc078289a37e1cf96392f53a99bc	2	7.3	7.3	present verbatim	He assented.
90	Socrates questions Agathon	74a7ecac274859127673f552b2e2eb088819ae289271cf5a155570edb6e61503	74a7ecac274859127673f552b2e2eb088819ae289271cf5a155570edb6e61503	27	7.4	7.4	present verbatim	Yet let me ask you one more question in order to illustrate my meaning
91	Socrates questions Agathon	a4e50605f114c87600ad9c21d1fd87dee8812e5db324cff6deb00e2cf64c8478	a4e50605f114c87600ad9c21d1fd87dee8812e5db324cff6deb00e2cf64c8478	3	7.5	7.5	present verbatim	Certainly, he replied.
92	Socrates questions Agathon	3534db0d25c9c3e981d1da6475b9784ecb4e87f101a4036f134a68a4989f90ae	3534db0d25c9c3e981d1da6475b9784ecb4e87f101a4036f134a68a4989f90ae	7	7.6	7.6	present verbatim	That is, of a brother or sister?
93	Socrates questions Agathon	d3d15ebb5f65607478c4e1706c2393ad380cd963b197a119021775d8401adeab	d3d15ebb5f65607478c4e1706c2393ad380cd963b197a119021775d8401adeab	3	7.7	7.7	present verbatim	Yes, he said.
94	Socrates questions Agathon	4ea5bb69312d53a494d463a7259c82439c12f2cac3003f3dc856b7e2d9e995dd	767c8132009fff39cdb0d6f405d9cecad32e691d9aa1edee83c9eca52e2c8cf8	15	7.8	7.8	present verbatim	And now, said Socrates, I will ask about Love:--Is Love of something o
95	Socrates questions Agathon	cf31f446b26273f4bf46299219bc1bfeb92959572a08258168cdb5b5085b3588	cf31f446b26273f4bf46299219bc1bfeb92959572a08258168cdb5b5085b3588	5	7.9	7.9	present verbatim	Of something, surely, he replied.
96	Socrates questions Agathon	baf886eca1bdd308a7241f2b2fb0a6a66b6d9afebfc236298ed367188efd62d9	eccdacce9076d655fad918adb306e9610a425b1899aa5af23e9b3bc2a6ee04a9	21	7.10	7.10	present verbatim	Keep in mind what this is, and tell me what I want to know--whether Lo
97	Socrates questions Agathon	1fd71cbcfc1877a45e5431fbac776c28f60e08217023d21131e4832d03814059	1fd71cbcfc1877a45e5431fbac776c28f60e08217023d21131e4832d03814059	2	7.11	7.11	present verbatim	Yes, surely.
98	Socrates questions Agathon	bc61c8cea5a0486545acf9d0eebbd32e51e085eb9335f2776a521a58e9ddfd89	bc61c8cea5a0486545acf9d0eebbd32e51e085eb9335f2776a521a58e9ddfd89	15	7.12	7.12	present verbatim	And does he possess, or does he not possess, that which he loves and d
99	Socrates questions Agathon	affa261b53a4665cebaafb48c7adfb5e8eca763648d444f0c89d5437ee5bba96	affa261b53a4665cebaafb48c7adfb5e8eca763648d444f0c89d5437ee5bba96	5	7.13	7.13	present verbatim	Probably not, I should say.
100	Socrates questions Agathon	30dd602e041a57029830a8420381456f6f35053eadd4bbbcebf766659a167ab4	30dd602e041a57029830a8420381456f6f35053eadd4bbbcebf766659a167ab4	51	7.14	7.14	present verbatim	Nay, replied Socrates, I would have you consider whether 'necessarily'
101	Socrates questions Agathon	1f2bb980c2b7e2d002c9cec7c6c639c818f096dd2af895ef15679e7ff57731f5	1f2bb980c2b7e2d002c9cec7c6c639c818f096dd2af895ef15679e7ff57731f5	6	7.15	7.15	present verbatim	I agree with you, said Agathon.
102	Socrates questions Agathon	db850c947c8536a50872e672dff5a0e9a1ecafebe9ecc0219c4f93694fb2e5d1	db850c947c8536a50872e672dff5a0e9a1ecafebe9ecc0219c4f93694fb2e5d1	20	7.16	7.16	present verbatim	Very good. Would he who is great, desire to be great, or he who is str
103	Socrates questions Agathon	74a2beabfa5fa9014a7593514f66658ab5bbf9a2365f8460729dff22fc78fe5e	74a2beabfa5fa9014a7593514f66658ab5bbf9a2365f8460729dff22fc78fe5e	8	7.17	7.17	present verbatim	That would be inconsistent with our previous admissions.
104	Socrates questions Agathon	25c82e8077f8fe0cbf4e77a90d3494bfd3a281a0c472ba5df7d30e36d0db9702	25c82e8077f8fe0cbf4e77a90d3494bfd3a281a0c472ba5df7d30e36d0db9702	14	7.18	7.18	present verbatim	True. For he who is anything cannot want to be that which he is?
105	Socrates questions Agathon	6336dbe9d13f44c350c94dddabddaf27cf78e6112158884dcc19ed26da1c33e8	6336dbe9d13f44c350c94dddabddaf27cf78e6112158884dcc19ed26da1c33e8	2	7.19	7.19	present verbatim	Very true.
106	Socrates questions Agathon	fbb69d82188aeda3f97ae968a1f94493a44cfa8c4414a7a5d6f99addebc96697	b1e182cd53b78faf7f81b758b4ca63152a3ef9713af7e1c85ab4dd92d8bed8d1	184	7.20	7.20	present verbatim	And yet, added Socrates, if a man being strong desired to be strong, o
107	Socrates questions Agathon	401997db1fdc6de867bcd2154732af219599d3262ef13ec806f94657459cc1df	401997db1fdc6de867bcd2154732af219599d3262ef13ec806f94657459cc1df	4	7.21	7.21	present verbatim	He must, replied Agathon.
108	Socrates questions Agathon	b050b71b88cbaeab4bf0a894598ce83a084e69d23ae031d0057be340213fcc0e	b050b71b88cbaeab4bf0a894598ce83a084e69d23ae031d0057be340213fcc0e	41	7.22	7.22	present verbatim	Then, said Socrates, he desires that what he has at present may be pre
109	Socrates questions Agathon	1edb5d0b955268439476fdd08f4fdc27b46f0040ea7e927c5ffa24cc40ed5cf0	1edb5d0b955268439476fdd08f4fdc27b46f0040ea7e927c5ffa24cc40ed5cf0	4	7.23	7.23	present verbatim	Very true, he said.
110	Socrates questions Agathon	b4d53a62f0b32a9f55b959efddc50452d61c8d1d3e7f838e3eaeceeb7a9dc24b	af5668c5f757345eac18845299184c2b60d8241aa35eb6c5217b3f7f5e4bfeea	46	7.24	7.24	present verbatim	Then he and every one who desires, desires that which he has not alrea
111	Socrates questions Agathon	1edb5d0b955268439476fdd08f4fdc27b46f0040ea7e927c5ffa24cc40ed5cf0	1edb5d0b955268439476fdd08f4fdc27b46f0040ea7e927c5ffa24cc40ed5cf0	4	7.25	7.25	present verbatim	Very true, he said.
112	Socrates questions Agathon	68f8bb29f37edaf44066e105480c796b6db35d52f8f6b195d79cfbbad3b22585	68f8bb29f37edaf44066e105480c796b6db35d52f8f6b195d79cfbbad3b22585	25	7.26	7.26	present verbatim	Then now, said Socrates, let us recapitulate the argument. First, is n
113	Socrates questions Agathon	1fb5f2ff61c3dc4bfc7472e89948367d753c00c9fd120db33eba0ba15250a5ef	1fb5f2ff61c3dc4bfc7472e89948367d753c00c9fd120db33eba0ba15250a5ef	3	7.27	7.27	present verbatim	Yes, he replied.
114	Socrates questions Agathon	77c91d542e0987433d3ecf2151175bb00123bb3fc7a3465ae4af00bad09e521a	0b6cd007387428e596e810ebc60115e016fbde353ccd23f469c351ac5d1accd6	50	7.28	7.28	present verbatim	Remember further what you said in your speech, or if you do not rememb
115	Socrates questions Agathon	6faa166cbf4049efc8e624e1d3bcd8ebaf88389d8a6732c86ae1bea0964eb31d	6faa166cbf4049efc8e624e1d3bcd8ebaf88389d8a6732c86ae1bea0964eb31d	3	7.29	7.29	present verbatim	Yes, said Agathon.
116	Socrates questions Agathon	94e16737bc023a3669d14dded79bbc221720ecf7d8c89620b021a0faeb8d0083	94e16737bc023a3669d14dded79bbc221720ecf7d8c89620b021a0faeb8d0083	25	7.30	7.30	present verbatim	Yes, my friend, and the remark was a just one. And if this is true, Lo
117	Socrates questions Agathon	6b5a1129691460287643e395ef49965747b5dc078289a37e1cf96392f53a99bc	6b5a1129691460287643e395ef49965747b5dc078289a37e1cf96392f53a99bc	2	7.31	7.31	present verbatim	He assented.
118	Socrates questions Agathon	d344b2da556db16b3ee3c842a0e457ac36aa20bbcdfdf2de60daaaa4f53405f2	d344b2da556db16b3ee3c842a0e457ac36aa20bbcdfdf2de60daaaa4f53405f2	19	7.32	7.32	present verbatim	And the admission has been already made that Love is of something whic
119	Socrates questions Agathon	fecbc2a267483b842b84360189e9fc5184e0017bb989cd6e12705003cb44aeba	fecbc2a267483b842b84360189e9fc5184e0017bb989cd6e12705003cb44aeba	3	7.33	7.33	present verbatim	True, he said.
120	Socrates questions Agathon	12ec12f77ae178a30df4fb47446e547602a0e9ed1508ef8758634f77cd8e07a9	12ec12f77ae178a30df4fb47446e547602a0e9ed1508ef8758634f77cd8e07a9	7	7.34	7.34	present verbatim	Then Love wants and has not beauty?
121	Socrates questions Agathon	a4e50605f114c87600ad9c21d1fd87dee8812e5db324cff6deb00e2cf64c8478	a4e50605f114c87600ad9c21d1fd87dee8812e5db324cff6deb00e2cf64c8478	3	7.35	7.35	present verbatim	Certainly, he replied.
122	Socrates questions Agathon	a2ce5a4435ec1b28611d747e1324daece0fa65420e26940d6d52789837dc0efc	a2ce5a4435ec1b28611d747e1324daece0fa65420e26940d6d52789837dc0efc	13	7.36	7.36	present verbatim	And would you call that beautiful which wants and does not possess bea
123	Socrates questions Agathon	52ad61598f19718c49ab7b0951d95bf9e3296810e056ce0c7bf0a1cc073636ce	52ad61598f19718c49ab7b0951d95bf9e3296810e056ce0c7bf0a1cc073636ce	2	7.37	7.37	present verbatim	Certainly not.
124	Socrates questions Agathon	b911753455337b412cc3df4ce3f4e7c4c9b4b59c531dc7f393dcf81a721fe5bd	b911753455337b412cc3df4ce3f4e7c4c9b4b59c531dc7f393dcf81a721fe5bd	9	7.38	7.38	present verbatim	Then would you still say that love is beautiful?
125	Socrates questions Agathon	5fe3facdb013514f31dbf9c681484233a648dacd17e4bd4bd75877dfd8370e1a	5fe3facdb013514f31dbf9c681484233a648dacd17e4bd4bd75877dfd8370e1a	13	7.39	7.39	present verbatim	Agathon replied: I fear that I did not understand what I was saying.
126	Socrates questions Agathon	ba0c7ee333052f0696f615d03481753450aeb2c6db4ed0f48bc376896ade9b10	e1e5726a3734273c02ede43273b66fdd6ed6850dea709763cca43ca1a7c15ec8	27	7.40	7.40	present verbatim	You made a very good speech, Agathon, replied Socrates; but there is y
127	Socrates questions Agathon	5f9a2b795615ba6a3d5455fd5624d773fbca5bcd16249c421fd37411dc9837da	5f9a2b795615ba6a3d5455fd5624d773fbca5bcd16249c421fd37411dc9837da	1	7.41	7.41	present verbatim	Yes.
128	Socrates questions Agathon	f8621b384bf65f0b17e425487cbce3abf406bb2c2648822437126e0ed0ef4e06	f8621b384bf65f0b17e425487cbce3abf406bb2c2648822437126e0ed0ef4e06	10	7.42	7.42	present verbatim	Then in wanting the beautiful, love wants also the good?
129	Socrates questions Agathon	6998d433cc33e78707e28b112d5af0efa827c98444b913e229706cd551e8b8b8	0a69f723511fd7baa6b80fcf9c7a47a23d4aca887935fb20c9e7c18faa589dc6	15	7.43	7.43	present verbatim	I cannot refute you, Socrates, said Agathon:--Let us assume that what 
130	Socrates questions Agathon	9cdaadb041eeca98bae1aed7d0da711b52d0983e13a200644e23606bd67d1b94	9cdaadb041eeca98bae1aed7d0da711b52d0983e13a200644e23606bd67d1b94	15	7.44	7.44	present verbatim	Say rather, beloved Agathon, that you cannot refute the truth; for Soc
131	Socrates reports Diotima's teaching	5cb7689451861496df544b75c851d0b48c6de220a06b6342ca925c52e3fbd9c6	9cdbf0572e80272e866eec6b06ace28642baef188e405c78b912187b52064035	527	7.45,7.46	7.45,7.46	present verbatim, split into 2 reader paragraphs at sentence ends (baseline structure kept)	And now, taking my leave of you, I would rehearse a tale of love which
132	Socrates reports Diotima's teaching	8cbfff4340c80f04f3f986e5a43567d103fd6eeb52aa6e380549656474d8e941	8cbfff4340c80f04f3f986e5a43567d103fd6eeb52aa6e380549656474d8e941	806	7.47,7.48,7.49	7.47,7.48,7.49	present verbatim, split into 3 reader paragraphs at sentence ends (baseline structure kept)	'What then is Love?' I asked; 'Is he mortal?' 'No.' 'What then?' 'As i
133	Socrates reports Diotima's teaching	320f16f2f3c0fc4991d4f66da7fd5d4cc3708a0abf05904e367d400fb28409e8	03aab26467bde48e4c0261538d976cc3533c43ce51cb5220680d5ed164c49c36	702	7.50,7.51,7.52	7.50,7.51,7.52	present verbatim, split into 3 reader paragraphs at sentence ends (baseline structure kept)	I said, 'O thou stranger woman, thou sayest well; but, assuming Love t
134	Socrates reports Diotima's teaching	309147e0da58ceba39e20452cb8b535c3c6d434855c0868e6d4a51e67c5845b6	83af50be2f04f9ed1628598b9d5bb81ea4f0695e708886e8ea400842516da474	388	7.53,7.54	7.53,7.54	present verbatim, split into 2 reader paragraphs at sentence ends (baseline structure kept)	'Then if this be the nature of love, can you tell me further,' she sai
135	Socrates reports Diotima's teaching	e5b8bcb96238e1c2d9ebe237ee8e1f8fc55e19d75c4098614cbbacd8b95416a4	c4adf972e3c890beafc7671e1930566e37bd9dc7b70a7f4a7b879a4dd933e093	539	7.55,7.56,7.57	7.55,7.56,7.57	present verbatim, split into 3 reader paragraphs at sentence ends (baseline structure kept)	All this she taught me at various times when she spoke of love. And I 
136	Socrates reports Diotima's teaching	53244ce7311240b94841fc8e14b4bb7ddb3fa5006158c71e77a25429fb3b4772	af64c5ae71a358c72e270290048820eaa632a4a5f5049bccb3cb9327e2db9cc1	193	7.58	7.58	present verbatim	I was astonished at her words, and said: 'Is this really true, O thou 
137	Socrates reports Diotima's teaching	f516164d256c0092bf1f833afdf7434db06c63110aeb8b6901f946cc04a73557	c74de2cfd2bdf908497bc9a76081388de006fb95d0754a173e58a3eb322b60da	446	7.59,7.60,7.61	7.59,7.60,7.61	present verbatim, split into 3 reader paragraphs at sentence ends (baseline structure kept)	'Those who are pregnant in the body only, betake themselves to women a
138	Socrates reports Diotima's teaching	e2b6eada8ef6928cbd768033594e40e525acfd2aed4814c6f38553ff44a1eb2c	63bcbed8a6460da59710eaf5e1c8b45502b17dd3c4ccef553104b2eeba34ffe7	388	7.62,7.63	7.62,7.63	present verbatim, split into 2 reader paragraphs at sentence ends (baseline structure kept)	'These are the lesser mysteries of love, into which even you, Socrates
139	Socrates reports Diotima's teaching	ac75439a6d49476f6a0ac10703167f953a17ee06ed606b0b134a326f33ddee65	8e0819d60e2110aa5e4fc20a01ef918164306a1d9b447d2fcd6ffe5e166acb49	504	7.64,7.65,7.66	7.64,7.65,7.66	present verbatim, split into 3 reader paragraphs at sentence ends (baseline structure kept)	'He who has been instructed thus far in the things of love, and who ha
140	Socrates concludes	270e1c625b1a7d7bc68a223ee179c7602af3f5a9b6ca8c16019fd080387efb46	f140566eb9d32a19e2fb510a15e55e2cb51251cb5d06652a434218464ee5c572	99	7.67	7.67	present verbatim	Such, Phaedrus--and I speak not only to you, but to all of you--were t
141	Socrates concludes	d5f931b3a4383f80e7152ba3b9d1ec673c2b1146671cc4baf1220357cab63fd1	d5f931b3a4383f80e7152ba3b9d1ec673c2b1146671cc4baf1220357cab63fd1	20	7.68	7.68	present verbatim	The words which I have spoken, you, Phaedrus, may call an encomium of 
142	Alcibiades arrives; prelude to his speech	6549405e3d8e82c96bf8251e5370dae85c1dce2e85692712e229d1be2c56b856	6549405e3d8e82c96bf8251e5370dae85c1dce2e85692712e229d1be2c56b856	288	7.69,7.70	8.0,8.1	present verbatim, split into 2 reader paragraphs at sentence ends (baseline structure kept)	When Socrates had done speaking, the company applauded, and Aristophan
143	Alcibiades arrives; prelude to his speech	43831b2873ff16c1cfffbed284248de0100698e93ee268e6cc4481c3df9ca0e5	43831b2873ff16c1cfffbed284248de0100698e93ee268e6cc4481c3df9ca0e5	106	7.71	8.2	present verbatim	The company were vociferous in begging that he would take his place am
144	Alcibiades arrives; prelude to his speech	e292cdb1d99233a2498ba22fcd25222e96be36ee767649ad4ba4c19867303606	e292cdb1d99233a2498ba22fcd25222e96be36ee767649ad4ba4c19867303606	98	7.72	8.3	present verbatim	By all means; but who makes the third partner in our revels? said Alci
145	Alcibiades arrives; prelude to his speech	ce19488189bd182fc5edecc15356e4303f180a60666859e8d7692077db673ca6	ce19488189bd182fc5edecc15356e4303f180a60666859e8d7692077db673ca6	116	7.73	8.4	present verbatim	Socrates turned to Agathon and said: I must ask you to protect me, Aga
146	Alcibiades arrives; prelude to his speech	71e4082326fd7cfdbc4e1aaf43e0a28db92c7718129eb68901da9cd73bec05c1	bd9c817f9ff2b5b22279b9a3291e2e63b08e093384c7e5316ff21f785727b7a4	93	7.74	8.5	present verbatim	There can never be reconciliation between you and me, said Alcibiades;
147	Alcibiades arrives; prelude to his speech	a5421b2483f4561d169ba89626bd1ab917f5642e6225be9da8128f9afcf88a64	c69927f366b3bed99e9c27439c03a56fec373229b0fe0e40ece505a07adb7fa0	131	7.75	8.6	present verbatim	Then he said: You seem, my friends, to be sober, which is a thing not 
148	Alcibiades arrives; prelude to his speech	119b5f0974cf37b7da4a65d18b9af919a3c7554edccfebe6e7110d6ec6a47407	119b5f0974cf37b7da4a65d18b9af919a3c7554edccfebe6e7110d6ec6a47407	26	7.76	8.7	present verbatim	Eryximachus said: What is this, Alcibiades? Are we to have neither con
149	Alcibiades arrives; prelude to his speech	2aa3485a66cc4e974ff548be1f9ed2f839528fd60144a61af154c9d0d4283d4e	2aa3485a66cc4e974ff548be1f9ed2f839528fd60144a61af154c9d0d4283d4e	12	7.77	8.8	present verbatim	Alcibiades replied: Hail, worthy son of a most wise and worthy sire!
150	Alcibiades arrives; prelude to his speech	82a53ca54a8d7ed9126237db396851b5fd6934703b80310aa3964cf03f9a628a	82a53ca54a8d7ed9126237db396851b5fd6934703b80310aa3964cf03f9a628a	11	7.78	8.9	present verbatim	The same to you, said Eryximachus; but what shall we do?
151	Alcibiades arrives; prelude to his speech	ac4f4809346adf77a4e92d9e46fe16650c1ef84efc1a99fe55fb63c39bc8975a	ac4f4809346adf77a4e92d9e46fe16650c1ef84efc1a99fe55fb63c39bc8975a	7	7.79	8.10	present verbatim	That I leave to you, said Alcibiades.
152	Alcibiades arrives; prelude to his speech	2dfcb645b6b427b6db9f7fe28c1a9b8f10d54bad0ded08c8b2aa9a1f3baa7baf	2dfcb645b6b427b6db9f7fe28c1a9b8f10d54bad0ded08c8b2aa9a1f3baa7baf	12	7.80	8.11	present verbatim	'The wise physician skilled our wounds to heal (from Pope's Homer, Il.
153	Alcibiades arrives; prelude to his speech	11521bfa4e15c338d22a187ae8e032dc94b7468af67601f06c2088780b7169ed	11521bfa4e15c338d22a187ae8e032dc94b7468af67601f06c2088780b7169ed	10	7.81	8.12	present verbatim	shall prescribe and we will obey. What do you want?
154	Alcibiades arrives; prelude to his speech	190e2b27f48409fe515e686f951da884ff19952eb993ec812311cc51f48f68ae	190e2b27f48409fe515e686f951da884ff19952eb993ec812311cc51f48f68ae	83	7.82	8.13	present verbatim	Well, said Eryximachus, before you appeared we had passed a resolution
155	Alcibiades arrives; prelude to his speech	67d82b45182009873519c8238a4a28fe96d223c826b2095ef681fe81a01ce7fb	67d82b45182009873519c8238a4a28fe96d223c826b2095ef681fe81a01ce7fb	77	7.83	8.14	present verbatim	That is good, Eryximachus, said Alcibiades; and yet the comparison of 
156	Alcibiades arrives; prelude to his speech	c89f0768fd8d64358980d49adcaecb9702b9ba6561bb2faf7202d7caecb9bca8	c89f0768fd8d64358980d49adcaecb9702b9ba6561bb2faf7202d7caecb9bca8	4	7.84	8.15	present verbatim	For shame, said Socrates.
157	Alcibiades arrives; prelude to his speech	e521707e28f503e76f27d393a4599bd0144134afcc93cc972983310af25da9d2	e521707e28f503e76f27d393a4599bd0144134afcc93cc972983310af25da9d2	23	7.85	8.16	present verbatim	Hold your tongue, said Alcibiades, for by Poseidon, there is no one el
158	Alcibiades arrives; prelude to his speech	90167d90c2f917e3145d51c293498eef35d62cee400aa517ff54912e36dd2737	90167d90c2f917e3145d51c293498eef35d62cee400aa517ff54912e36dd2737	9	7.86	8.17	present verbatim	Well then, said Eryximachus, if you like praise Socrates.
159	Alcibiades arrives; prelude to his speech	9bf9beb1905cb029f6d5e52673e270099473ec273bc005f66071fea8b347b618	9bf9beb1905cb029f6d5e52673e270099473ec273bc005f66071fea8b347b618	18	7.87	8.18	present verbatim	What do you think, Eryximachus? said Alcibiades: shall I attack him an
160	Alcibiades arrives; prelude to his speech	5f6c4719eec26cbf27c1d46ea2b86fa158eec95bfed4afe5f419d5be042704d4	5f6c4719eec26cbf27c1d46ea2b86fa158eec95bfed4afe5f419d5be042704d4	23	7.88	8.19	present verbatim	What are you about? said Socrates; are you going to raise a laugh at m
161	Alcibiades arrives; prelude to his speech	245425966efb671af8f2640e76e6a6446e72c0c0f859c09db7ac5eb8561a2d02	245425966efb671af8f2640e76e6a6446e72c0c0f859c09db7ac5eb8561a2d02	12	7.89	8.20	present verbatim	I am going to speak the truth, if you will permit me.
162	Alcibiades arrives; prelude to his speech	8f2273fce7bd7fc379636d5a0ed1d45137dde6ac4d21a9e67189ed69164678f7	8f2273fce7bd7fc379636d5a0ed1d45137dde6ac4d21a9e67189ed69164678f7	11	7.90	8.21	present verbatim	I not only permit, but exhort you to speak the truth.
163	Alcibiades arrives; prelude to his speech	bad0470572ef6ce9e7e5c8fdd4c0802225fda5e0529af74c9b673ecd6bcd4f8a	bad0470572ef6ce9e7e5c8fdd4c0802225fda5e0529af74c9b673ecd6bcd4f8a	77	7.91	8.22	present verbatim	Then I will begin at once, said Alcibiades, and if I say anything whic
164	Alcibiades's speech in praise of Socrates	eed46d2d8d8d3ef92e42b286ec26197ad738dd1288e8ee958b6f23044b00d605	6eec16c4230eb00495039f62c5d7b72fa2ef50efc66b88d3c1185550967b77e5	660	7.92,7.93,7.94	8.23,8.24,8.25	present verbatim, split into 3 reader paragraphs at sentence ends (baseline structure kept)	And now, my boys, I shall praise Socrates in a figure which will appea
165	Alcibiades's speech in praise of Socrates	4f616f830bd50b87c7c3e01071d7f8e7ba113c48db5afc444067efb6c8632bb3	39cc8aef5cfefabcfb6626aff6e39ef5f98b40a3158b571106d46e8b983cd3b1	828	7.95,7.96,7.97	8.26,8.27,8.28	present verbatim, split into 3 reader paragraphs at sentence ends (baseline structure kept)	And this is what I and many others have suffered from the flute-playin
166	Alcibiades's speech in praise of Socrates	20686571f4298c705a70c4e66e8a4673f1c5f48c32242728c3aff8ec28a5dc84	602994579625485d3ddc17cc68412e4cc9931b4d9c64e10e9b4723f51c6a6bbd	534	7.98,7.99	8.29,8.30	present verbatim, split into 2 reader paragraphs at sentence ends (baseline structure kept)	When the lamp was put out and the servants had gone away, I thought th
167	Alcibiades's speech in praise of Socrates	f61c56e6972d4b4a2378e02c5dbbfcbfeeba4b2f657269e0cec25600ba54f0c1	375b5a0375c98f38167f6db8f150b30af9670e9bb27629730b506c5ff436f334	344	7.100,7.101	8.31,8.32	present verbatim, split into 2 reader paragraphs at sentence ends (baseline structure kept)	What do you suppose must have been my feelings, after this rejection, 
168	Alcibiades's speech in praise of Socrates	fb07a09f23f0d2f58d5ef2e86f5184f490c4729f50ebaa3df009b2966d11bc95	fb07a09f23f0d2f58d5ef2e86f5184f490c4729f50ebaa3df009b2966d11bc95	17	7.102	8.33	present verbatim	I have told you one tale, and now I must tell you another, which is wo
169	Alcibiades's speech in praise of Socrates	a918ac58a7b23948ce794e6fb71b68a801cef29d99a98df3bf3a52048256c0dd	a918ac58a7b23948ce794e6fb71b68a801cef29d99a98df3bf3a52048256c0dd	9	7.103	8.34	present verbatim	'Of the doings and sufferings of the enduring man'
170	Alcibiades's speech in praise of Socrates	a4e407e594a072f518e257b6bb9224b1a571e53c33281835a652ebaee24f3884	cb62433141e67a08e2e5437d98caef636b5df950bfa0bd3ba2422b421aa61647	688	7.104,7.105,7.106	8.35,8.36,8.37	present verbatim, split into 3 reader paragraphs at sentence ends (baseline structure kept)	while he was on the expedition. One morning he was thinking about some
171	Alcibiades's speech in praise of Socrates	5fd58243dae8fbd43a5b0f34de3facc9613d78b287a9d490fbe5547a90effec6	0a503b4424068999948a8eac74e3f5d3977d7853f1d580599ba765c71405c052	90	7.107	8.38	present verbatim	This, friends, is my praise of Socrates. I have added my blame of him 
172	Aftermath: Alcibiades, Socrates and Agathon	d0bf31ae5418b812bc606f5c91dc09806625c75b4a9c634019c7273e05c2c835	d0bf31ae5418b812bc606f5c91dc09806625c75b4a9c634019c7273e05c2c835	124	7.108	8.39	present verbatim	When Alcibiades had finished, there was a laugh at his outspokenness; 
173	Aftermath: Alcibiades, Socrates and Agathon	eeac3cf2710ffcaea70ee2b23c23141ec629c2f254d4749d7135eb4238361d7a	eeac3cf2710ffcaea70ee2b23c23141ec629c2f254d4749d7135eb4238361d7a	48	7.109	8.40	present verbatim	I believe you are right, said Agathon, and I am disposed to think that
174	Aftermath: Alcibiades, Socrates and Agathon	5283cb903564326127ef4ff29da3e5dfd8ff3237f6805782b4c2131a57b70187	5283cb903564326127ef4ff29da3e5dfd8ff3237f6805782b4c2131a57b70187	16	7.110	8.41	present verbatim	Yes, yes, replied Socrates, by all means come here and lie on the couc
175	Aftermath: Alcibiades, Socrates and Agathon	980f56fdeafe7248f1614350cc069c283b453d50100f1169b1434e0ecd1d4146	980f56fdeafe7248f1614350cc069c283b453d50100f1169b1434e0ecd1d4146	32	7.111	8.42	present verbatim	Alas, said Alcibiades, how I am fooled by this man; he is determined t
176	Aftermath: Alcibiades, Socrates and Agathon	c1bc03cee431d192b49971527a1c363222307fc0f75cfffb997acea03d8ed10b	c1bc03cee431d192b49971527a1c363222307fc0f75cfffb997acea03d8ed10b	62	7.112	8.43	present verbatim	Certainly not, said Socrates, as you praised me, and I in turn ought t
177	Aftermath: Alcibiades, Socrates and Agathon	30316c47498a92a76ec3e7289dee524882c6df6ac629a0945c5755e9c5469a4c	30316c47498a92a76ec3e7289dee524882c6df6ac629a0945c5755e9c5469a4c	14	7.113	8.44	present verbatim	Hurrah! cried Agathon, I will rise instantly, that I may be praised by
178	Aftermath: Alcibiades, Socrates and Agathon	c488da1b1d3059aa3f10ac5f0d99f96defde2fd465181412afbd865ba316e2ed	c488da1b1d3059aa3f10ac5f0d99f96defde2fd465181412afbd865ba316e2ed	32	7.114	8.45	present verbatim	The usual way, said Alcibiades; where Socrates is, no one else has any
179	Closing: the revellers, dawn, Socrates departs	6af0ae82c2494e5ba9302dc055cae84cccb7d601d0553db5c2ab722c67747504	ad8b466dbe5299c645c1f5a2eeb405e5726b13f9efd7b62d29ca163074b74992	259	8.0	8.46	present verbatim	Agathon arose in order that he might take his place on the couch by So
