id	section	sha256_16
1.0	1.1	5c485989bc3199e0
1.1	1.2	73de565369b17c91
1.2	1.3	20c1388b3c5c0199
1.3	1.4	9c24c25b5fb7e113
1.4	1.5	19d9303a3d353943
1.5	1.6	ca71ab58b2510f6e
1.6	1.7	9e2321bc60aced3d
1.7	1.8	5f6914e7ed7de4e3
1.8	1.9	3817ed0f50e97406
1.9	1.10	f49c48eff34f594c
1.10	1.11	5eb1433b4e453b6e
1.11	1.12	02c1cfe1f3826ddf
1.12	1.13	cc9951c1c13fb303
1.13	1.14	78c97f97d2e1c774
1.14	1.15	6fc6ae4d479d4dce
1.15	1.16	6c89fd9153a3299f
1.16	1.17	092218e0e744eda4
2.0	2.1	31aeb8779e052ada
2.1	2.2	6922d7dc8f5e7eb4
2.2	2.3	20dd44e1643a7560
2.3	2.4	c3b1e3d00432b3ac
2.4	2.5	d9f8eff260a9ec12
2.5	2.6	571ab7ed858ab504
2.6	2.7	69f01a1a4c54038a
2.7	2.8	e2db5884c1c6ddea
2.8	2.9	03a3d87bee9db5d6
2.9	2.10	35b388c96c14208e
2.10	2.11	af3d47351c572a7b
2.11	2.12	ad66db743ca9c10a
2.12	2.13	b1b466f0979875fe
2.13	2.14	ef1f41229a46785d
2.14	2.15	8e36595a7023e66c
2.15	2.16	56bdd4b5b7db2971
2.16	2.17	6d48071e4b60a6f9
3.0	3.1	8cebcc207167b857
3.1	3.2	ecdfdcb6464c4e48
3.2	3.3	9393e0620d13f021
3.3	3.4	469380e28ee7f1ad
3.4	3.5	1eb419ce23845025
3.5	3.6	0eb74361ac3e1c8f
3.6	3.7	2845ad24ad3639b9
3.7	3.8	47b9ccc8efe5cd91
3.8	3.9	fb2095d29aac245a
3.9	3.10	f6472fc5ff3d30c0
3.10	3.11	4ee57f035e1aac72
3.11	3.12	73d8a2f4b36cfdce
3.12	3.13	444160cb54068800
3.13	3.14	3242f8c894ac322d
3.14	3.15	1622905296bad662
3.15	3.16	430a4e6595ab1e59
4.0	4.1	7916ef140316e9b1
4.1	4.2	807bfe33eae1db80
4.2	4.3	6dca527686d3b579
4.3	4.4	e8f0bb7b602d206e
4.4	4.5	cfcb887ac711db4c
4.5	4.6	e2be055a06f3ba63
4.6	4.7	00680e5c56df7389
4.7	4.8	ed74615b95aed16d
4.8	4.9	2163bede31079ff1
4.9	4.10	34c2cb9781599ff0
4.10	4.11	7f27e12b049c28e9
4.11	4.12	5d04ac9ee0d19a5a
4.12	4.13	ebdacb38c98929be
4.13	4.14	9bd957ddd2f28074
4.14	4.15	d26d29cc45ec8e8d
4.15	4.16	72a5cef3782a89c6
4.16	4.17	19fd52c5fc28c544
4.17	4.18	526ffd2474ed7cb6
4.18	4.19	7c8887ba0a5c84d4
4.19	4.20	91934872d7539e48
4.20	4.21	51d9c268619ac1b3
4.21	4.22	e88060e972bd8f90
4.22	4.23	831d58f8e81b79eb
4.23	4.24	8055a48f7eabfeb0
4.24	4.25	14d5a8ab70e30770
4.25	4.26	99c2850f5b8b325c
4.26	4.27	6f227475f0c26124
4.27	4.28	6b5e59a34b1052c3
4.28	4.29	73ff31debbf087a3
4.29	4.30	df63942bc28d236a
4.30	4.31	8b7f26c730e91c87
4.31	4.32	07a40759b1e187af
4.32	4.33	5eac4606ffba2cbe
4.33	4.34	261f0d8369652527
4.34	4.35	981967f48f63e964
4.35	4.36	762df6e3eb8348d6
4.36	4.37	323b53b12b125594
4.37	4.38	b987814ea9260a4d
4.38	4.39	0105bbdf3fd1b5ca
4.39	4.40	8a829b2480976560
4.40	4.41	bbcef9f29e5cdd4c
4.41	4.42	161e139874f6d017
4.42	4.43	0965c103a1df5ea7
4.43	4.44	f2a5fcf9db1ec216
4.44	4.45	c391678c278ad7af
4.45	4.46	dc9b0df4b5813804
4.46	4.47	179a1b6205a7b767
4.47	4.48	0239e22d9305f98e
4.48	4.49	12e499c273593cd2
4.49	4.50	65e3b6567785367f
4.50	4.51	93285095d069953a
5.0	5.1	3645501caae32f46
5.1	5.2	38559afe27089a7e
5.2	5.3	6eede86e9faa8e83
5.3	5.4	ad1c867f02f5a0a0
5.4	5.5	dbc4bf94e5dd5be9
5.5	5.6	8474353beeba6309
5.6	5.7	fb4713065a3b395f
5.7	5.8	7efd0ba1d97b7350
5.8	5.9	5b4f55581b4403ba
5.9	5.10	e863d233947e5f78
5.10	5.11	45eaf5d445c22671
5.11	5.12	9be8939ae0316402
5.12	5.13	8df43876fccec5a6
5.13	5.14	f28902e1cb2be902
5.14	5.15	c8a42085c8d96b6c
5.15	5.16	a0d35f3485ad3645
5.16	5.17	67c45aff9594e179
5.17	5.18	e9253fe956ace3cf
5.18	5.19	9e86ae47efeeddfa
5.19	5.20	41b471e16a550e86
5.20	5.21	f535ec7055645979
5.21	5.22	6a5380178fb8aad5
5.22	5.23	e3ecbc7ce1664495
5.23	5.24	0645a7c5bf983fb9
5.24	5.25	c4f374a265a772b2
5.25	5.26	dfb7bc9eb349d1d4
5.26	5.27	1e73f5d1687eca4a
5.27	5.28	b98f0674b2a3aa5e
5.28	5.29	a25019e5481d4c13
5.29	5.30	f8eb147339f4b341
5.30	5.31	7498d08bf1637113
5.31	5.32	1ee1b3df39b57497
5.32	5.33	725cdb1fdc86bb95
5.33	5.34	df005617a0604489
5.34	5.35	33247fafa807c8e7
5.35	5.36	a926c251e8f3dae8
6.0	6.1	759f634b4a62cd3d
6.1	6.2	95f02433b6c51638
6.2	6.3	25d2199854585d38
6.3	6.4	b2377982c2c8445f
6.4	6.5	b67a3608b554e399
6.5	6.6	aa5d45ab45edd88f
6.6	6.7	fcc2b4cb13efec7b
6.7	6.8	d397e5f99b85e201
6.8	6.9	82e20419a17d729c
6.9	6.10	1cd00c6bea2bacde
6.10	6.11	ffbe799acbf68b66
6.11	6.12	f9a0e50d520e3c81
6.12	6.13	5c8bb795738503aa
6.13	6.14	93edac467d4be80b
6.14	6.15	87c73652829a5caa
6.15	6.16	e37e01b0e8aac60b
6.16	6.17	d31050aa2a4101eb
6.17	6.18	22be5618d6c0a8c5
6.18	6.19	13602fbf7ab91c91
6.19	6.20	ef2fbef5221cc637
6.20	6.21	486264285289846e
6.21	6.22	c2e8fb0fa3ee4056
6.22	6.23	c1dd6af564838a48
6.23	6.24	650325c0fec12455
6.24	6.25	3c04f01c78991352
6.25	6.26	4ba170edb7cd362a
6.26	6.27	311800f866a964e7
6.27	6.28	b58040c4a3e7450f
6.28	6.29	2eb91bc41ea470a4
6.29	6.30	4a260cd0b14d4d9a
6.30	6.31	46a92032b4e29a39
6.31	6.32	c7ef7c2b7970be03
6.32	6.33	d6095f3b6598e961
6.33	6.34	3ce79ef7c0ce73b9
6.34	6.35	8a19a94b73672bcc
6.35	6.36	ff9d8bf4a13b4994
6.36	6.37	2b6775334b4a0c06
6.37	6.38	6be2a92d8c12f4c2
6.38	6.39	f51f3eed112d99d5
6.39	6.40	b5acdb1054dca9a6
6.40	6.41	2c107c2333b7b568
6.41	6.42	ac8dcc6f585a7509
6.42	6.43	ff996de1b0e1b642
6.43	6.44	e144208cb383a4ed
6.44	6.45	ec96d023db3dae3c
6.45	6.46	2b1878bddd3d8845
6.46	6.47	0b5b570ae9553a42
6.47	6.48	930f1d19ca67fd11
6.48	6.49	19c1d8924b9939f2
6.49	6.50	e039481f65e7365a
6.50	6.51	1545e3c76c734de9
6.51	6.52	d17a66726455a283
6.52	6.53	ad08ae5b12641ce8
6.53	6.54	b9a188b4b6beb811
6.54	6.55	bb8afbd3fe631b26
6.55	6.56	b03825bf6bb43d98
6.56	6.57	dbb89971bf87fb70
6.57	6.58	4967dbeb4091a2a4
6.58	6.59	0cad9d5183f1004e
7.0	7.1	6d5036cfbc2b367f
7.1	7.2	615373d5f77a5c13
7.2	7.3	50506f1fbb6ca4fb
7.3	7.4	ddb7deff29db6472
7.4	7.5	f45bde1cb2fad408
7.5	7.6	f3c6c934dee69a27
7.6	7.7	25aa39bc21fd78fb
7.7	7.8	5b96c275a05cf61b
7.8	7.9	f0d483077f796122
7.9	7.10	a3730636f8d2b253
7.10	7.11	48c3928cff428e4c
7.11	7.12	34e73b0b1fda0fa7
7.12	7.13	8c5f2b59cc7c978e
7.13	7.14	311752a927432797
7.14	7.15	efcbb047c5024227
7.15	7.16	53edad0798dda8bb
7.16	7.17	b8130163f0f7ce4c
7.17	7.18	f1ea98b7cae03cbc
7.18	7.19	b48b488a51dacfb7
7.19	7.20	958e01864844f170
7.20	7.21	a4deb914cf4f1535
7.21	7.22	c60abe7bc15bbaf3
7.22	7.23	b0a570349518ad8b
7.23	7.24	1f6b8b2ef1bcee39
7.24	7.25	413887585285478e
7.25	7.26	7d414a032f61df15
7.26	7.27	1a4f340607d7f9bf
7.27	7.28	7538237c6b1873ba
7.28	7.29	3df85fabc085a552
7.29	7.30	332c39cb539a8113
7.30	7.31	b698c0b60d186237
7.31	7.32	1cb150b948e85cdf
7.32	7.33	845cf74a6fd6aaf4
7.33	7.34	60e5731a5d4fd0fe
7.34	7.35	93bbd99088025e05
7.35	7.36	d5a4e986d4a886a9
7.36	7.37	1eaef0ea45b84ac6
7.37	7.38	d153055450fcb70b
7.38	7.39	3ecae47f33d7c0c7
7.39	7.40	e3d08bb07487aa74
7.40	7.41	18199a158c732262
7.41	7.42	4af64a9d47741c87
7.42	7.43	79c993f6587961dd
7.43	7.44	2047bfefe18a2469
7.44	7.45	af69abe8a16e7ce1
7.45	7.46	9aa42a2f990f1e25
7.46	7.47	df7903afab738043
7.47	7.48	601b793c7ef43b83
7.48	7.49	bb16bdca6b455117
7.49	7.50	1e6d1dda9175e039
7.50	7.51	3ebf32f618c0742b
7.51	7.52	9b7992efac3353e3
7.52	7.53	7a7d867589c25cc5
7.53	7.54	784bb4014fe5163b
7.54	7.55	06fe3558ea45da52
7.55	7.56	6f3ac6a654f7d034
7.56	7.57	e783d88c83787441
7.57	7.58	056737048caf2a3f
7.58	7.59	4ef21b03b0996735
7.59	7.60	199050d83e476966
7.60	7.61	8536045087a3b845
7.61	7.62	4096625b91683971
7.62	7.63	fad95d62f684c0cd
7.63	7.64	5d174f53511b0866
7.64	7.65	ba5d4c809572b18e
7.65	7.66	6509032f12770d66
7.66	7.67	394f95f5a8b617bc
7.67	7.68	8f9f820424afba79
7.68	7.69	169ea43a9752ccaa
7.69	7.70	591323e8850b4f95
7.70	7.71	02a49db054b9c046
7.71	7.72	6e63aa101aca9dd6
7.72	7.73	bca241dde8c7e021
7.73	7.74	a44baed979946d7e
7.74	7.75	6d909d76ec1ff8f0
8.0	8.1	abe3b5c3aa7157bd
8.1	8.2	75ab6528c900a3c9
8.2	8.3	5948ebb785a20e9c
8.3	8.4	df3f772ef35bc80e
8.4	8.5	ca8619d6945bc173
8.5	8.6	226f9561cb0ca87c
8.6	8.7	09d828ab23f7c0de
8.7	8.8	78445e742ba461be
8.8	8.9	ab45d1036283b1f5
8.9	8.10	65a94c9ea2365649
8.10	8.11	d04748fa26dad230
8.11	8.12	116aa448435accf4
8.12	8.13	99876415f37aabb1
8.13	8.14	fe64c5fd7cf822cd
8.14	8.15	69d53b253fb51044
8.15	8.16	cd3b238ba2830975
8.16	8.17	ec6fd7990369716f
8.17	8.18	9b9b05c3634d08c8
8.18	8.19	bcbc4145cb671e32
8.19	8.20	fd4629f6004a43a6
8.20	8.21	ab69f3826f602576
8.21	8.22	53a7844b50629c70
8.22	8.23	d473d3237aceac2b
8.23	8.24	9f83b91987d37ba4
8.24	8.25	0f53e9455ceb88ed
8.25	8.26	2f551258b0190834
8.26	8.27	13b09301f325f292
8.27	8.28	db3109afa72d8dd7
8.28	8.29	59303847de8f23dc
8.29	8.30	e3ffe9744ef2c897
8.30	8.31	1d38fba06b376859
8.31	8.32	c2217eb3cb089bac
8.32	8.33	18e16a6d400bbe89
8.33	8.34	c7b9814d03580cc9
8.34	8.35	b2ccf26a16735d1e
8.35	8.36	2216b468f704b70a
8.36	8.37	c06b7a2013c49d58
8.37	8.38	77d53d8398e3a73f
8.38	8.39	20d7550ded0d08d6
8.39	8.40	ac27836c4ff2678e
8.40	8.41	e7d3d1d88c7aa950
8.41	8.42	1a0b7fc1fc4e4292
8.42	8.43	9e77936fc7e61afa
8.43	8.44	8fcbff70091b1bc0
8.44	8.45	c8138e8c2b948286
8.45	8.46	4344cec858057695
8.46	8.47	5022e99a01542606
8.47	8.48	cf9094a705584667
8.48	8.49	c3c48fe910cbba6f
8.49	8.50	66be3d3a1a5abd1b
8.50	8.51	d36abb957585bd11
8.51	8.52	984f704fb7497996
8.52	8.53	73b9127e1fe119fb
8.53	8.54	fa4208d4d023c1dc
8.54	8.55	53e3c29bdb75e18e
8.55	8.56	0afd8783843b6a87
8.56	8.57	dc356911132a35bc
8.57	8.58	d33a55bbac223ce1
8.58	8.59	bbb89e337d0e2690
8.59	8.60	41f09e61a5c9c403
8.60	8.61	9c62fc1ee2754f39
9.0	9.1	3bc1dead0bd1cdc1
9.1	9.2	d0dce2c8b008fc91
9.2	9.3	23847f5e4d6aa031
9.3	9.4	9329cdf583865a2d
9.4	9.5	2743c98b3caf48d3
9.5	9.6	f04f2455b6720103
9.6	9.7	8070c133574ad680
9.7	9.8	6cb065bf35892d40
9.8	9.9	7b8b80694cee12bf
9.9	9.10	5a5b67fb5d2369d0
9.10	9.11	c9b95d5822d1334f
9.11	9.12	937ec5eea353d1a6
9.12	9.13	cee5d92392c07a01
9.13	9.14	82edde7509c61c8c
9.14	9.15	d18010a78d98681b
9.15	9.16	d713a021e601f4a8
9.16	9.17	67303755fa3bfa71
9.17	9.18	991fab6332a13fc4
9.18	9.19	b524c2b47972b20c
9.19	9.20	ed3de8d84194bc09
9.20	9.21	dea8bddd836ef050
9.21	9.22	1ee74a03b93baed3
9.22	9.23	55f69d1abc0f2b61
9.23	9.24	27c358431293c77e
9.24	9.25	65484de2b3179b79
9.25	9.26	ac406e3522a911f7
9.26	9.27	0808bb2df8bafa93
9.27	9.28	66914c49aa48dbb1
9.28	9.29	bdf1904fbf7d9b5a
9.29	9.30	bf75c59c8cb8b3ee
9.30	9.31	d9b6c41b38704475
9.31	9.32	4992daccdccdc540
9.32	9.33	8e242d788e4fd7f6
9.33	9.34	d88f03e145477af3
9.34	9.35	b0940ec1bc4f2528
9.35	9.36	dcca60249e4998ea
9.36	9.37	267e77164d752540
9.37	9.38	c59d35bc07d5c243
9.38	9.39	ad734aca1c5c49cc
9.39	9.40	101d1081cee74352
9.40	9.41	085f0020df4be21f
9.41	9.42	b08e05955a53dd4e
10.0	10.1	887adbfd0291763d
10.1	10.2	e5dee0bb0aa75269
10.2	10.3	8e48271238621692
10.3	10.4	57b1d882a482d42f
10.4	10.5	a1d40eefefb681ba
10.5	10.6	c01e56743597ac9c
10.6	10.7	dcea22851003ffcf
10.7	10.8	323d48da7317fcf4
10.8	10.9	7bba65916f0495b9
10.9	10.10	c81861c787b7d577
10.10	10.11	0401b80b453ef4fc
10.11	10.12	c983e5b9ba35db39
10.12	10.13	d4fd49dfd0d79f84
10.13	10.14	e4237962f05c77b1
10.14	10.15	6c4370f6a93daeab
10.15	10.16	1355eb08c8ed4b24
10.16	10.17	0342f2a369baef04
10.17	10.18	1b052e23e87cf197
10.18	10.19	c4f6ef415b7e1cf1
10.19	10.20	25a483b5f2f2d37e
10.20	10.21	fe968ae9db39701c
10.21	10.22	22229729f3effae1
10.22	10.23	177d4a532e8304b8
10.23	10.24	ab135f16fa3d01e5
10.24	10.25	ee52de402b3b3aff
10.25	10.26	c490567ee8069729
10.26	10.27	e7ed18e02ecb4a7a
10.27	10.28	83aa08a200819a75
10.28	10.29	42cb7eccb22868ce
10.29	10.30	f04719439c6dff64
10.30	10.31	beddf2e9a0f6e1ce
10.31	10.32	f12a06bada991dc8
10.32	10.33	a521ef0ac089b63a
10.33	10.34	4411f41029b49c93
10.34	10.35	53379a92113dbe93
10.35	10.36	a00bc4a71898a109
10.36	10.37	08831768dd9f0e52
10.37	10.38	384456c0de7d0929
11.0	11.1	3d80a72f89bd03a1
11.1	11.2	2f659db2bc8ee5fb
11.2	11.3	21a6d331e00b1762
11.3	11.4	b34a9660ef18fb8c
11.4	11.5	88e9841b0843dc9b
11.5	11.6	d576e9f1fd12def4
11.6	11.7	8321289d17940ee8
11.7	11.8	065fad7758c44907
11.8	11.9	f1e9a755c31feba7
11.9	11.10	d1c60d1ecf03f89c
11.10	11.11	7a08f24d1e152aa3
11.11	11.12	58dbae9355d6df4d
11.12	11.13	9e6611aee21d479a
11.13	11.14	9c1b50dc48f85e53
11.14	11.15	9fd4b074ea5d24cd
11.15	11.16	4adfc46797626b87
11.16	11.17	725deee6a34f675c
11.17	11.18	38e269960d7f2af1
11.18	11.19	7585926f7dac3169
11.19	11.20	e68d4c88f9fe2665
11.20	11.21	511f55bde80b5f7d
11.21	11.22	31ab72393e742061
11.22	11.23	fcb3d617f0b01adb
11.23	11.24	e69d59865c844628
11.24	11.25	02830ae0d18f3dd7
11.25	11.26	1e71f09b1d311f04
11.26	11.27	73bca17ad5d06b4d
11.27	11.28	efb6e451c713187b
11.28	11.29	834ebcdfed0b8dc8
11.29	11.30	e9df692219a1ba43
11.30	11.31	ed34415e76362450
11.31	11.32	ee2e5c3b0ff4910d
11.32	11.33	1fe4226c70280ffb
11.33	11.34	22793eec242cd069
11.34	11.35	18eb1f07767af73c
11.35	11.36	2dd2ec7c25121a25
11.36	11.37	e6cc9f3b4e0bef32
11.37	11.38	268c056c161b18dd
11.38	11.39	a9331c4b6965832b
12.0	12.1	d8762cc95336487b
12.1	12.2	6c4e63d126fb11bf
12.2	12.3	66549cb0ac00d86a
12.3	12.4	bb516e847c4fda2c
12.4	12.5	0da6c7305c919bda
12.5	12.6	f5558474923faaaf
12.6	12.7	4746da408ca1f172
12.7	12.8	16ac0ad8ba3dc884
12.8	12.9	d25ef903e360ad19
12.9	12.10	66a0dd94e6894359
12.10	12.11	894a94a396ecca47
12.11	12.12	11b7bd8bd253630d
12.12	12.13	5d1c17006891d699
12.13	12.14	57c8d0737f2111eb
12.14	12.15	557170216dca86d0
12.15	12.16	9c0452767018fb94
12.16	12.17	8f47e9f26aac3268
12.17	12.18	e40a318d7737b171
12.18	12.19	043e621bac209974
12.19	12.20	f5d664e982727254
12.20	12.21	8945652665e4f2cb
12.21	12.22	ba9eada62fda4aea
12.22	12.23	2d30870c94cfaee0
12.23	12.24	b17cc8d319dc0112
12.24	12.25	55dae225614389a3
12.25	12.26	eaa6b016a13428d2
12.26	12.27	4478c0188eb6cd99
12.27	12.28	68e8756d2aa495f8
12.28	12.29	f2a00510a5b92164
12.29	12.30	631bd96b63ad018f
12.30	12.31	d45c8a8495d435ab
12.31	12.32	0581f273a7622bdf
12.32	12.33	0a9ca03c313a2ce2
12.33	12.34	3a672c7c993acf09
12.34	12.35	847f3a5b694189c9
12.35	12.36	9819262421a3e47a
