bookId,edition,state,chapters,timed,missing,audioHours,missingHours,hasAudioFlag
a-little-princess,modern-en,partial,19,1,18,6,5.81,true
a-little-princess,original-en,none,19,0,19,6.09,6.09,false
anna-karenina,modern-en,partial,239,85,154,32.61,22.46,true
anna-karenina,original-en,partial,239,86,153,33.3,22.59,true
antigone,modern-en,partial,11,4,7,1.02,0.8,true
antigone,original-en,none,11,0,11,1.01,1.01,false
antony-and-cleopatra,modern-en,partial,42,7,35,2.92,2.7,true
antony-and-cleopatra,original-en,none,42,0,42,2.9,2.9,true
apology,modern-en,partial,3,2,1,0.7,0.53,true
apology,original-en,complete,3,3,0,0.98,0,true
aristotle-politics,modern-en,partial,8,4,4,8.11,5.09,true
aristotle-politics,original-en,none,8,0,8,8.45,8.45,false
around-the-world-80-days,modern-en,partial,37,5,32,6.09,5.26,true
around-the-world-80-days,original-en,none,37,0,37,6.43,6.43,false
as-you-like-it,modern-en,partial,17,3,14,2.13,2.04,true
as-you-like-it,original-en,none,17,0,17,2.15,2.15,false
bacchae,modern-en,partial,11,5,6,1.33,1.03,true
bacchae,original-en,partial,11,2,9,1.32,1.21,true
beowulf,modern-en,partial,43,29,14,2.56,0.86,true
beowulf,original-en,none,43,0,43,2.53,2.53,true
beyond-good-and-evil,modern-en,partial,11,3,8,6.54,4.55,true
beyond-good-and-evil,original-en,partial,11,5,6,6.61,3.05,true
bible,kjv-en,partial,1189,1178,11,68.46,0.74,true
bible,modern-en,partial,1189,1118,71,62.98,4.67,true
bible,web-en,partial,1189,1112,77,66.16,5.27,true
brothers-karamazov,modern-en,partial,96,27,69,32.09,24.19,true
brothers-karamazov,original-en,partial,96,23,73,32.13,25.38,true
candide,modern-en,partial,30,14,16,3.05,1.93,true
candide,original-en,none,30,0,30,3.12,3.12,true
comedy-of-errors,modern-en,none,11,0,11,1.63,1.63,false
comedy-of-errors,original-en,none,11,0,11,1.65,1.65,false
communist-manifesto,modern-en,partial,5,4,1,1.28,0.37,true
communist-manifesto,original-en,partial,5,3,2,1.29,0.73,true
confessions,modern-en,partial,13,11,2,9.96,1.76,true
confessions,original-en,partial,13,10,3,9.97,2.1,true
coriolanus,modern-en,partial,29,4,25,3.1,3,true
coriolanus,original-en,none,29,0,29,3.09,3.09,true
crime-and-punishment,modern-en,partial,41,5,36,18.04,16.25,true
crime-and-punishment,original-en,partial,41,3,38,18.9,17.93,true
crito,modern-en,complete,3,3,0,0.42,0,true
crito,original-en,none,3,0,3,0.49,0.49,true
cymbeline,modern-en,partial,29,5,24,2.95,2.75,true
cymbeline,original-en,none,29,0,29,2.93,2.93,true
democracy-in-america,modern-en,partial,96,74,22,30.41,17.26,true
democracy-in-america,original-en,none,96,0,96,31.11,31.11,false
descartes-meditations,modern-en,partial,9,7,2,2.68,0.53,true
descartes-meditations,original-en,none,9,0,9,2.82,2.82,false
discourse-on-inequality,modern-en,none,4,0,4,2.12,2.12,true
discourse-on-inequality,original-en,none,4,0,4,3.06,3.06,false
divine-comedy,modern-en,partial,100,54,46,10.65,4.87,true
divine-comedy,original-en,partial,100,33,67,11.16,7.49,true
don-quixote,modern-en,partial,126,1,125,36.06,35.84,true
don-quixote,original-en,partial,126,74,52,36.06,16.79,true
essays-montaigne,modern-en,none,107,0,107,53.91,53.91,true
essays-montaigne,original-en,none,107,0,107,48.93,48.93,true
faust-part-1,modern-en,partial,28,6,22,3.26,2.73,true
faust-part-1,original-en,none,28,0,28,3.55,3.55,false
fear-and-trembling,modern-en,partial,8,6,2,4.04,1.58,true
fear-and-trembling,original-en,none,8,0,8,4.1,4.1,false
federalist-papers,modern-en,partial,85,67,18,18.12,4.03,true
federalist-papers,original-en,partial,85,67,18,19.07,4.37,true
frankenstein,modern-en,partial,28,17,11,5.91,2.5,true
frankenstein,original-en,partial,28,19,9,7.07,2.53,true
frederick-douglass,modern-en,partial,12,9,3,3.1,0.8,true
frederick-douglass,original-en,partial,12,9,3,3.25,0.85,true
genealogy-of-morals,modern-en,partial,4,1,3,5.32,2.92,true
genealogy-of-morals,original-en,none,4,0,4,5.32,5.32,false
gilgamesh,modern-en,partial,12,9,3,1.48,0.45,true
gilgamesh,original-en,complete,12,12,0,1.75,0,true
great-expectations,modern-en,partial,59,17,42,16.16,12.24,true
great-expectations,original-en,partial,59,9,50,16.74,15.05,true
hamlet,modern-en,partial,20,3,17,3.14,3,true
hamlet,original-en,partial,20,2,18,3.24,3.13,true
heart-of-darkness,modern-en,partial,3,1,2,2.77,1.7,true
heart-of-darkness,original-en,none,3,0,3,3.42,3.42,false
henry-iv-part-2,modern-en,partial,19,4,15,2.75,2.24,true
henry-iv-part-2,original-en,none,19,0,19,2.73,2.73,true
henry-v,modern-en,partial,23,3,20,2.69,2.5,true
henry-v,original-en,none,23,0,23,2.69,2.69,false
hume-enquiry,modern-en,partial,19,13,6,5.37,2.23,true
hume-enquiry,original-en,partial,19,12,7,5.51,2.47,true
iliad,modern-en,partial,24,17,7,13.25,3.67,true
iliad,original-en,partial,24,19,5,13.33,2.94,true
imitation-of-christ,modern-en,partial,114,46,68,5.32,3.46,true
imitation-of-christ,original-en,none,114,0,114,5.86,5.86,false
ivan-ilyich,modern-en,no-audio,0,0,0,0,0,false
ivan-ilyich,original-en,no-audio,0,0,0,0,0,false
jane-eyre,modern-en,partial,38,5,33,16.23,14.77,true
jane-eyre,original-en,partial,38,3,35,17.49,16.64,true
jekyll-and-hyde,modern-en,partial,10,4,6,1.71,1.3,true
jekyll-and-hyde,original-en,none,10,0,10,2.34,2.34,false
jerusalem,modern-en,partial,18,4,14,6.6,6.03,true
jerusalem,original-en,partial,18,4,14,6.95,6.38,true
julius-caesar,modern-en,partial,18,2,16,2.13,2.07,true
julius-caesar,original-en,none,18,0,18,2.16,2.16,false
jungle-book,modern-en,none,7,0,7,3.74,3.74,true
jungle-book,original-en,none,7,0,7,4.52,4.52,false
kant-groundwork,modern-en,complete,4,4,0,2.98,0,true
kant-groundwork,original-en,complete,4,4,0,3.02,0,true
king-lear,modern-en,partial,26,3,23,2.89,2.77,true
king-lear,original-en,none,26,0,26,2.86,2.86,true
leviathan,modern-en,partial,49,25,24,19.76,12.95,true
leviathan,original-en,partial,49,29,20,20,9.71,true
macbeth,modern-en,partial,28,3,25,1.81,1.69,true
macbeth,original-en,partial,28,3,25,1.76,1.69,true
magna-carta,modern-en,complete,1,1,0,0.45,0,true
magna-carta,original-en,none,1,0,1,0.44,0.44,true
measure-for-measure,modern-en,none,32,0,32,3.39,3.39,true
measure-for-measure,original-en,none,32,0,32,3.48,3.48,true
medea,modern-en,partial,7,3,4,1.26,1,true
medea,original-en,partial,7,1,6,1.26,1.2,true
meditations,modern-en,none,12,0,12,3.06,3.06,true
meditations,original-en,partial,12,10,2,5.4,0.94,true
merchant-of-venice,modern-en,partial,20,1,19,2.16,2.12,true
merchant-of-venice,original-en,none,20,0,20,2.18,2.18,false
merry-wives-of-windsor,modern-en,none,41,0,41,4.56,4.56,true
merry-wives-of-windsor,original-en,none,41,0,41,4.63,4.63,true
midsummer,modern-en,none,9,0,9,1.75,1.75,true
midsummer,original-en,none,9,0,9,1.71,1.71,true
moby-dick,modern-en,partial,136,87,49,17.77,8.7,true
moby-dick,original-en,partial,136,76,60,20.29,11.16,true
much-ado-about-nothing,modern-en,partial,17,1,16,2.29,2.26,true
much-ado-about-nothing,original-en,partial,17,1,16,2.29,2.19,true
nicomachean-ethics,modern-en,partial,10,4,6,7.72,4.57,true
nicomachean-ethics,original-en,partial,10,4,6,8.75,5.2,true
niels-lyhne,modern-en,partial,14,3,11,6.24,5.76,true
niels-lyhne,original-en,none,14,0,14,6.25,6.25,true
notes-from-underground,modern-en,partial,21,18,3,3.91,1,true
notes-from-underground,original-en,partial,21,18,3,3.99,1.01,true
odyssey,modern-en,partial,24,22,2,9.26,0.82,true
odyssey,original-en,partial,24,19,5,9.93,2.06,true
oedipus-at-colonus,modern-en,partial,11,4,7,1.4,1.12,true
oedipus-at-colonus,original-en,partial,11,2,9,1.4,1.33,true
oedipus-rex,modern-en,partial,11,4,7,1.3,1.13,true
oedipus-rex,original-en,none,11,0,11,1.25,1.25,false
on-liberty,modern-en,complete,5,5,0,4.67,0,true
on-liberty,original-en,none,5,0,5,4.69,4.69,false
oresteia,modern-en,partial,26,9,17,3.43,2.82,true
oresteia,original-en,partial,26,8,18,3.36,2.86,true
othello,modern-en,partial,15,1,14,2.89,2.88,true
othello,original-en,partial,15,1,14,2.89,2.88,true
paradise-lost,modern-en,partial,12,3,9,6.96,4.96,true
paradise-lost,original-en,partial,12,4,8,8.07,5.9,true
peloponnesian-war,modern-en,partial,26,19,7,19.15,5.32,true
peloponnesian-war,original-en,partial,26,20,6,19.65,4.96,true
phaedo,modern-en,partial,9,2,7,2.1,1.95,true
phaedo,original-en,none,9,0,9,2.54,2.54,true
phaedrus,modern-en,partial,6,1,5,2.06,1.94,true
phaedrus,original-en,none,6,0,6,2.17,2.17,false
poetics,modern-en,partial,26,25,1,1.35,0.08,true
poetics,original-en,none,26,0,26,1.5,1.5,true
pride-and-prejudice,modern-en,partial,61,33,28,10.84,5.73,true
pride-and-prejudice,original-en,partial,61,35,26,11.48,5.34,true
richard-iii,modern-en,partial,25,6,19,3.21,3.05,true
richard-iii,original-en,none,25,0,25,3.23,3.23,true
romeo-and-juliet,modern-en,partial,25,4,21,2.58,2.37,true
romeo-and-juliet,original-en,partial,25,3,22,2.6,2.51,true
second-treatise,modern-en,partial,19,17,2,5.14,1.06,true
second-treatise,original-en,partial,19,17,2,5.16,1.07,true
social-contract,modern-en,complete,48,48,0,4.26,0,true
social-contract,original-en,complete,48,48,0,4.34,0,true
symposium,modern-en,partial,8,6,2,1.92,1.09,true
symposium,original-en,partial,8,6,2,1.94,1.09,true
taming-of-the-shrew,modern-en,none,12,0,12,2.1,2.1,true
taming-of-the-shrew,original-en,none,12,0,12,2.09,2.09,true
the-aeneid,modern-en,none,12,0,12,3.88,3.88,true
the-aeneid,original-en,partial,12,5,7,10.51,6.27,true
the-art-of-war,modern-en,none,13,0,13,0.95,0.95,true
the-art-of-war,original-en,none,13,0,13,1.18,1.18,true
the-awakening,modern-en,partial,39,15,24,4.54,3.07,true
the-awakening,original-en,partial,39,15,24,4.72,3.16,true
the-histories,modern-en,partial,1200,752,448,17.69,6.56,true
the-histories,original-en,partial,1200,1180,20,20.9,0.24,true
the-manual,modern-en,complete,52,52,0,0.58,0,true
the-manual,original-en,complete,52,52,0,0.73,0,true
the-prince,modern-en,partial,27,18,9,2.82,1.25,true
the-prince,original-en,none,27,0,27,3.1,3.1,true
the-republic,modern-en,none,10,0,10,9.5,9.5,true
the-republic,original-en,none,10,0,10,11.36,11.36,true
the-tempest,modern-en,partial,10,1,9,1.85,1.84,true
the-tempest,original-en,partial,10,1,9,1.81,1.8,true
twelfth-night,modern-en,partial,18,3,15,2.18,2.07,true
twelfth-night,original-en,none,18,0,18,2.19,2.19,true
ulysses,modern-en,partial,18,1,17,29.56,27.84,true
ulysses,original-en,partial,18,1,17,26.85,25.02,true
us-founding-documents,modern-en,partial,4,3,1,0.9,0.45,true
us-founding-documents,original-en,none,4,0,4,0.91,0.91,false
utilitarianism,modern-en,partial,5,4,1,1.69,0.04,true
utilitarianism,original-en,none,5,0,5,2.75,2.75,false
vindication-rights-of-woman,modern-en,none,15,0,15,8.42,8.42,false
vindication-rights-of-woman,original-en,none,15,0,15,8.5,8.5,false
walden,modern-en,none,18,0,18,9.65,9.65,false
walden,original-en,none,18,0,18,9.66,9.66,false
war-and-peace,modern-en,partial,365,167,198,54.33,32.37,true
war-and-peace,original-en,partial,365,105,260,52.93,40.13,true
wealth-of-nations,modern-en,none,32,0,32,34.24,34.24,true
wealth-of-nations,original-en,partial,32,21,11,37.54,21.73,true
werther,modern-en,partial,84,81,3,3.52,1.08,true
werther,original-en,none,84,0,84,3.95,3.95,true
winters-tale,modern-en,partial,15,2,13,2.55,2.49,true
winters-tale,original-en,none,15,0,15,2.56,2.56,false
