1	1	36059f3c2b093ad08b0478e7ba31aaa7240f226619b22158d629f89315975f78
1	2	3e125b23b77aa2dc72178b8d30ad91d314b47c232def1fd2aee22763139dbf9c
1	3	cef14d1391c4478e33e017945e91544fb4ee7f81f431ac3606b1d235550186a2
1	4	4798c27fa32846065653abf2280d81d5379be6c9469b02b27c9d56ec99dd91d3
1	5	7578c2192028f20f8938cf88a4a712737f531701003fc6858320e7287f963eb4
1	6	34e64ebc9750da78b28f66e61cb4fc66e2d8f74a257c9941d064c8e2899b11b1
1	7	94af99f934f436014564f3ba5dbd896ccb780c11dbb0b81619423df1fb4fab7e
1	8	fc8b3ca26cac456f129251baa69193d06742f42600400a16d5727af26e66a329
1	9	a74ab6c913642a0a4e15e6341788dd021f51f407d6d7d63277f72ff6c3ad3e95
1	10	0731e51b683932432fb53ded7152dc35fb634029b5605a9c489e45979021355d
1	11	c3bb05fec879d66a7e9b4992a71b6c4a29c5d1ff54e8c7eee1b5844d9e58b81b
1	12	7fd5a9040b5e6fc9b61ca0891497ecfbfc3f9d9c199abedbfa4e973add9f74f7
1	13	8d9321ca7c7bcbb6981440e1c6387d29fa4caa48f7a5b3e6776f7c45696c19fb
1	14	4a2b720f6379e9343bf302613245401484b97aa3f22f2af5fb670e0a72913d54
1	15	89bce5e1fc662c0c90a9ffcc0f2cc3d13dba003e00b41a955b57a64d024e391b
1	16	9cd68611712e1159ce43e89fc568dac6b2912219b8a408a84caf8fbf5504797a
1	17	d8122f5bab0b06d01aa53f779bec49e8537e6286f423ba925c251e8e73cf981f
1	18	d9525aa0eef7ecfcb134cc0088f3e6915b5204c9f1df1ecf5059c62ce0311bcc
1	19	57bf555cf3286d8d98788918e82dfd9b023d18f7a827294a46da7f9f10bef916
1	20	20734f71dd42ca2289b8de628cb3668d08fd61fb61c3bb2adc5ba97b279111d6
1	21	fd32be7ebb26c054853af818cc7ca940fcee56e1db42e6054a4fe3300ab9bfd2
1	22	1c13ad0be4b51828a6aeff5dbdf35ecabbc593c591caf2b7d4910315fc5eb2f4
1	23	749e03de0dbc33ff38be35389ea5bf26a414d2c07bf1a096c98c346edad2f2ae
1	24	55eac8c9095a3719b7fb871c357878c78a9fb415df8f1feaa332fa34799b6529
1	25	84774ab0114c8471fb459072ddf0dc685914742067d12369d548cda866bb5eb0
1	26	42ec2c67d89dcc6d392237e7252864620d79baf6c12c92354b18dd14f2cbdccf
1	27	e4c621d6d17423761d2b9db1404ff473368f1c1effb96c952ff2491cef1fe584
1	28	0255d2b17e309a28aed6b695d67e49b3f95fb6cbefead63833777594fefa4698
1	29	599e3539b5676fee18d4dcf848ee3a2c5dea7d5bb17cecfd41cc6b9391d06424
1	30	127a77455b524ee9dd200ad0fa7eb999a28ab7d11f943b564764531c4c57acd5
1	31	599e3539b5676fee18d4dcf848ee3a2c5dea7d5bb17cecfd41cc6b9391d06424
1	32	521a14cbf12617e3350395d4163019f1ac1b1e2f234903826c487fc52c7622ac
1	33	0a8c5f03a828873665518c5797a08250b349caa5a007de9efa3ba87d2aefb71c
1	34	53a119ff27706910c904aa79184e8902d4b688d3ff5101eafa7a16bae14cfca0
1	35	4366c1b235ff8266acb48311f74f0b0be4922185c46f633225ada410e7df8932
1	36	9af82d6fbd59cdf14570788e2f858270c925c79914938cd31c8c55cfb5681e63
1	37	6e566f4b5742e309ec76489f8a604f44a3be37954919d4f0ace80176abf7a621
1	38	213cc4b6533612b4ab9cd766163a40dd173a52f7e2e16a0dda640ddc1193efca
1	39	d73e17861ac2c2aaf5ed29ca2d507d2ced801cf23a6bf1b9eff4df56f5a138c8
1	40	08a2b2aa866f4a8d94c6d50f295a7888ae0490e5035cb08919dd48601469a4ab
1	41	1cbb7794730ae3cf2951b39953e29a3df36ffec4489b8f1224b0b184559bf8e8
1	42	c8df9ef1407e136d235e314c91e35d67924c7fbafe1966251b89ce94ddb5ecfd
1	43	32df0c8d1bed688596a5bca545c897ea44d0f4457562cd38c80554984f700c96
1	44	b754198411bb671a2a334a02916b6f23825005a46a6ae48c0cae4ed2749862d1
1	45	30f17336edefe6ef69acd599e8e3917ad819f107f8fd7590c620b5d4a7574d12
1	46	562ed0b33d976468a1b060acd4af88d8a91ec5842df180d8b2a604b3f091d33e
1	47	1b7065787bb701aa22b2ca38765bbcadd6c03bf06a9adfa50ec432b76c2cfa5b
1	48	0598526d25c2784585d09ed28f2eaa2fe3689282fa2fa96341db4d356a67b622
1	49	a3663102a07af4fe1f373765a41f5aa7bc114153b123edf875832c5f77789764
1	50	95072e3739815fa0a1d06f750759b7a69a03ec75834ff9b97c5c8b80784bedfa
1	51	94a0591b1775076b833eb823a95e33a46ee891debfde60365726d882397ce1b7
1	52	4737d315baff74717a1a81e2556359967a5b0c610aea0815a42edb224cf06ef9
1	53	a1a2870abfb0e835b6e7ce584567b35a3f6778133bf485811bdeaa4be534a5c3
1	54	cc209af5e08c37092f8871a6ef89f282eb89bfa59bb8790425b6eb72be5d683e
1	55	1aed077efb3515954239a5660625f7031582247ad4d0e0af81c4bd2d2f3bd43b
1	56	668cef6c1ad42b2655875fc54a66df85b34c9512d858c9df43382f6dfa3e08e6
1	57	143270933cc085f430fbfcb8358b374f14891a1d7f51eb643b3c6b453011ab49
1	58	27f2214a9ebe19cac74044ffb48954174f14b2cb3366215a80b10fc51c0815b6
1	59	971fac16df0eacdb391346a71fc4a490b8c25f29eee50af4403850a6e6cee393
1	60	b3b78e3f91b17e998c0b1cfd3c6ef3fd2e1ad98bf37411f65e6ca6a50a0a9d4c
1	61	63ce70a4f0d1c8f5acc35ed23dc49a4acdb9afd9e8414742164f170a0c78d65a
1	62	ecfb142ccd64f56b0450787935f002a10163c885fdd726057a63a8fb8260a1b5
1	63	4f3fadd72b823d412cb6d487613e62f676a90f8eb6bb076a2711ed5d649c0efe
1	64	7888d801ac03d9c7d862fde4861255b52d0e871cdd9b42a17d96efe006ec1edd
1	65	4b5a6e315d24ab194920867b1a6b202888fcae4cc805188ac10b0056619c4f82
1	66	00b326420dd9316bff6c8e3947f142324eec75f756acaf566b25b238b1b0086a
1	67	11025c4d663b03a57212dc103854da684c094c59ab5cca9b670fb15d1d8a376e
1	68	0b66d43de311ad25a7658fb835639d4b3ce1784f0849662000185f0ab6405275
1	69	b002b8f01d8b38eb608f0420ba8c62167c5cef1a93dbf7a9877779f7656dee02
1	70	a9bc38a74812e629aa2ee67318f2e1b079be289e40bf62a332a9c9118f6c9d7d
1	71	1bc1cb2cb3f83c0fca4948280d945b45a4f0702cd743ed43b927dd47da0e0556
1	72	d8078485da127e4b74db5f599487bae677b45b4feed3190c0e2b1e5f3ff0de75
1	73	41df3744f8a3e6a6598e1b9b4afb4c4219a8d3dc891698bb4a65999155fc6b06
1	74	31666a4b94fa7a7ed6c5204bba3e464429d2b99979b303ed1434211565f3deb0
1	75	837d5e2561d83c17c9f8d01c595dcf22c46a41ea5fb0062bee1ca6e99928a9e1
1	76	2b9573495ff870443e5ad756e7b5b5377d2c90f23fcce5233fbbcff0a946fc6d
1	77	002e4e5169bc60d016f23e22a0a8c1706c8176602cc8695da938ab0ca2731b50
1	78	801ab5bf7148b1796ff911a84d19cd7ed4bb890091d693e8f123e5ce0034bfa0
1	79	4740fdb7a8e1ec14a96d7694d2bd253f6b1218efcd1560202823becb7b780c65
1	80	30d3a2d7b40a823059438cc33551b69c046b4e2da0bf33938d2adf839aeca507
2	1	7eaffb95b5b1eb6d2243d92eaca8ba9d6946ad691f60c9e155b3f2d923ba3cd8
2	2	facb7f0cd5e33a103ae295d452702ccde34d4e156e458d5a1f179dff5b3b0970
2	3	ac5677a07ba36f0c0758a04bf70ed6122b24c549f1754b3a6911b4f09565a45c
2	4	495fee7b00c3fae42eb1840767da842357d6010581e17721c4542d95f84c9605
2	5	9253a915d9ac373a6c0007921b66970d88fc79662e1c26a1f602722e9bafff66
2	6	629b71ef24f1f46730a31c1482bd3c723630ff55bbe23d3f8bb56aa87cac9894
2	7	9b1e8e5f9fe40a50e39119d9b3ad40c444824f9f26fdb3d5617e3028205fb6d9
2	8	8b353ae62fe747c7981726cd4eb004a241d16374bd346fb34990fa6e5dca8ece
2	9	d55503a7ec440428a6aeaf58f3e323f1bfba46bce508337390d1d4f328a4d7f6
2	10	b0c756f51502c4b04b7f22a71485c51a3a83a88c268291ddc2ffa062d7f132e7
2	11	9f88f6ab55c276fc2793b95bac7eab5b49f8262106d9e9e0be8de9436482a44b
2	12	147a8767a2578879d7cd443251df3b9dc3d4c7fc8edcff47f339551522c479a8
2	13	8bdce4e0b2d248e2258f48a6b03e300f017749ab2a524da47ceaabb1434c8abd
2	14	60ab6dcdafd74145515af1d51dc884ff335f448ea2dd8f7cf1240a1c9f6970aa
2	15	656f97f9e33b7807d1ca65d16af378550d6d9f88d86128b20bb4cbf2caff6b52
2	16	57f9647db712b21f5806b99e6957a926c0024cd978ddb8966261ae5bb1099bb0
2	17	dd5f8f78482c5c09c6eaf8107ae2b5dd9e8509d14199db723abc9822a1dd3160
2	18	b4af39bed81ec8f118d236723799b41f69e3d050668bb843b291294a89d7d934
2	19	2f2f244e254c46d0eda6b894b971ba8b054fa70c4f49b1d996c00dd8f3dfe6f2
2	20	79f62669c5875c2ac3f4075f964905c49772c1929c153d96e240a909732c5311
2	21	1e6df7f59154d9d0736fd57dd4394d2f2b72250ba337d7537fe2379ceb1b15d8
2	22	b8b28ec549e9452f5ccfbe80b2bead86b86d11489457e41b4c04556d4b5ce842
2	23	008eab4b8b478c305b413a9472921485d0e32171151a456d9cfce3948209da24
2	24	2ce3e604d55b244a0c372e96f13f5f3f1e82a100b6fb9df989cfbcde6e003384
2	25	1792a665253d2d609cc5cd6dd3e6ab083fb87a16ac0e8e0ce18cd677d622306c
2	26	740df9a0b6eac63eb444f19822b084f4c29545fb4335f439880fe928f2cda61f
2	27	26aec5862c8d1b1db0e0a0260be036277cb6ed6a54a9e48a848f3b871241d840
2	28	d18173451a3c055e4013cc68b6d65552ff38a9ef42df36dcc38d3c62192486df
2	29	8b11e7d9f58937ce8217ad2140ac1a030d1f960f9c00257b3764c3b05908bc82
2	30	4d745b36953b21c73467ebefcc90183b45937d1b8bb726c7b26bfd4f7b38f0ad
2	31	4d70f0f14109e8d42f6ab836a9f7d76ac74df6dc6d5f84c3fd97e5364d9fa09b
2	32	c31d4ad569288fe5c8d501c74671ad215563d91bf038da723f78b6ccb9c6c35b
2	33	a57873cc5f68ed6031cd5d72f378a5570fc866d783dfdb8a6495ceed786a62d3
2	34	90a6783272a8907953ac6c6ed9a0a4240a976c6b547d7124d1821036391958e8
2	35	6eae5a08f22f9a5a33449564ce4159658b03c4476fcb6c47d3389e905deec5b6
2	36	59cdf9328d2144229d7cb25339119d39432ef628869e886cb43bd575d06d4f95
2	37	308c68c1830e7012bace81da13715a0a7f18552d2229eadce86c58282e611a50
2	38	ad0376db88a0ad226f436f67fe3ffa778777fa276c6fde4d965bf4cdfc879a64
2	39	5138cb82f62692697ecdbe1e0b2c3b0d231bb41cb1a378933f28b1a40901c1fc
2	40	7079502cc1df8d1afa1b28874d546e224a67635c6d5866f9cbe3a8dd3ddc632d
2	41	62dd66cdf0936007a511a90ff304056753f40517d2db276f59a11819b8943185
2	42	adc2b6aca72f34bb80261e6fee8215d9d27019caa19af1d81b27986542c4b2af
2	43	66a0887cf73e413aab3a4e38aab5564258f1368aac4c5cc2f9ef7c84be1e8563
2	44	992d7503173ac54b30dfae511198912e3ca40696dd0341fc7ffd4ca0dea54d49
2	45	efe248c4d71127ac68d472c7b9d270112e74079eaf3eadd8edda075855a8f017
2	46	ff971008542a118cc288db7431deeb1f63cb5c0e3423f2f0ea487bf5a637b853
2	47	61bd9517728b35830de5507e0406bed1604e03859d8398eedef4d80c826b7b8b
2	48	e985d7cecb7efac8172a25fa1fddfdb59c1f66194e649cef5f6af258a4d09a49
2	49	4c04afe3464df4ed22215609bc19377d617f70d65598350b12846834f96cd8b2
2	50	37fe1116fd1b3587fb923b2fb9661db19dfd3c25cf489845a1c2c0b679796415
2	51	0bacfdd5c008e43eb1906e00640e6f0e29298e219cd5b63aced6e03d7072133a
2	52	ec3a3e478d7c0aecbcdf67eb1606dafdb5466c3eb626fc367aa0e39983026125
2	53	798d410c349e3466c95f5b44a4d063067d9a3285c43b2386af818525e6067385
2	54	86b444e2c6c7e95597a54a7aef25fc8172d2235c0169cba9053435c57ae901dc
2	55	f5af233974220d9095f3d4e98ebb77a41b6297f7a39ff23a79dd59c23091aad3
2	56	38b7d6cdd36371f5a1fe2dc7ca43e723cacc3eb7bd56d327f67f1855c9dde531
2	57	7d63536afd5270b83bac29cdea37bbf90fffdc5d3ae174845eaf1be5402ca4bd
2	58	61bd9517728b35830de5507e0406bed1604e03859d8398eedef4d80c826b7b8b
2	59	b2717cac437c92270a50fbc764e75fb8981a1dbdeade0e2cdda2a975bafa41a2
2	60	ade76542518b48d067e7d43fe918b264f216d6ac8b3f8bb824038fcc59b95ab9
2	61	675c94c79a5647e4d5d9e382db9123e3b6dea5c31325bc8ec7309ffc1ef5f7d3
2	62	4753810f8902e8fa1e202d3ab01c65693c4c95b61a9d210957304d1349670bee
2	63	49932d28a4aabfd52a67429c3e68f6913ba3034c7bad95ab0bb39f28f7c3bd64
2	64	4aa91ce986b99daadfe1a492a9ee4db51ead83d5503e9ac6d096a8abc036fde9
2	65	3912e5ac4115b937849da160e207e04f2c8b140751aa2753f21cb2ce2748a47c
2	66	932a8521eeef965b6fd11ba848d318000c104e95ad7e3dfd9683fc9d5b780300
2	67	79850adff659a2f1c6c5ed5fc6d88629588d9deb9a5d02d76fe79079112c028b
2	68	bd5537eb3f53fe3f3aa39c9ee8ed13b7f7ea5114960534def4df54ed88a8278e
2	69	f671066130eb57cd7d41ea72b7c079b6656bc70c5eaa94490f48e22adc90f116
2	70	b13507a4e8fce7888f05f8efd83520139aeee880ebb09b1f98e013dd1bc916c2
2	71	770804a982c4d3180c19145a0bf716f15088697d698d5d538c36b4285a1ee42f
2	72	314063903be3895790641c610b1dde4becec5fcc9d9338cf4a301c372833c6b8
2	73	18e443fb0f1b9bbad30e6661a4079a8e92ba83fbb7c5118743999e928be1a7d4
2	74	f08a6597d6a999da1bb0ff6aec981e5acf78a5f97181af98b8595f5d013903ee
2	75	c25d72eb266c8a9909deb04b119a1b07c73fd118abc6e8451c1403fe55b03336
2	76	85abb771b537f6cd1241ec569929e426ea78606633e8fe15be364d93f4f41f2e
2	77	cd70674b574003f4c067a4e80453b008ab60000caeaa66dfb025f2dd261c4313
2	78	53be5efafb3085cc6cdf32d0233ba5fbca6404619cf37a2e71cc113c1c3ab71f
2	79	5d26481745b4d78922ec6d109e01ece26283ef75dd85289da400db33c1c2238a
2	80	34b0b68c9e0b8cead334e10e63170ae19d3570f1cef08c0a3345b871e0bf4f8e
2	81	35f8de2551a7ee8893f068fa2fd6660ab9457a7dba0c2f0e80f1cb78a3182bfb
2	82	010bc1f1cb10a72373270c0fc15bc9db0c9760b7526d9b43dedc656f7fb11153
2	83	c82c93d19ab081fc5c9f488bc34f2295ed86bf23978e6ecf45b53d61f7fd5539
2	84	717539a5028eb02c4940a068975689582e70d8b0b426cc284e1cb8a715c76e71
2	85	cc5c88e551f62d7bf554f9913add6c1494d52dd3d9b84cfd00ae9f0e262bc0c7
2	86	0d8da0fb834e261fb006111bec1e3fc28e1a75b5632c4c4adfeb8b6346207791
2	87	ae69ee45a4ff0fc519e9572731562d63722d8fd0a0d991078aa16ee9e7b53184
2	88	63f3d93d11d86e1ea1c1ab9769f5f8eb5dd9d8991b35cfadaaf74b19842d5c27
2	89	2bf713359be81c2b31236f2b0a3a1f75d4e9ecb717870ffbe88ad79b2c2559bd
2	90	d51dd7125c76b59fa4624e25511066de557f5bc361137816590a0e11a1c0ee74
2	91	c451186c0bbb12c8e2d99ca913a724e9cbb43e8a881cb9936ecbd506659cbd9d
2	92	f343803ba48f5bd8485d4289c3de253e5cc837f3cc2ca4a30669f9bb1050c9f6
2	93	cefcdd7da285e9d697d9affb84351b6ecfd600f2b45074af7d4cd6c5c2dc9df8
2	94	1c56a0f9a387e5f1ff2efb1d8172ecc61f59f5da6dd8228d6a4ffe83ffb4707d
2	95	76ed3e83e2dafe9836b7152af50a2b7931ac16c326d9549933745372258fdc43
2	96	31666a4b94fa7a7ed6c5204bba3e464429d2b99979b303ed1434211565f3deb0
3	1	907d1e040d7f8baea8e5e0813ab567f079bab4e38a9c377a276b8bef551efec4
3	2	9c7227edaef229124b5d48ea0a85925f793e9c25995c1b80f0405d17e58c7b2d
3	3	ce435494c0e4455c043bb62a2ce48e33cf399f1688c6f05fac232fcf0192976d
3	4	3669ad9b622b379a22b8d03149e049b3ad0ecd8bf42a613908ec560e08593ff8
3	5	a0d885d3687de5167b46e6d0c10e7f0331f44082bbcca02b78dfcd19a52ccb6e
3	6	fcb380eb5c3eb290aea28e6f04123cb7b85700136cb560a406e6ed5dd0d23054
3	7	5ccc3710e1e56d4317af14c4d669456ecfa1379d8368c56398f8102ec1bfc448
3	8	e290174abf1b62138cfef6eac7baf539c8a2859720b32bad57b6e553be70a72c
3	9	d79b6f733a318902ff431c3fb7a9028d1f7530c3baa080c4f7199438b74f7c2d
3	10	fe33cd14b2773c09dc5c980f142229f7d652e0d6ba7999765d22f804f13fd9d7
3	11	9121153ed0ecb7bf2fab7273d06899a0e2fc2ec73e5e0fedd750aa3264af9a29
3	12	d6fd13ff11af01911abc49cb6a059e79b5a2aa9048a99ba92904e749ce72e7b5
3	13	39363528879fad7481b9e711c573d680e666abc31ef828d811fdd137953e3b80
3	14	171bafd9e20104ae74c04404e9ad80cef7ec8c179e501ac2e4292f27d7fc80a7
3	15	e266275ecf1c5fc839dd2a8540b2f22e9c1906ffc9a5f03614769fcbc4313569
3	16	e4c621d6d17423761d2b9db1404ff473368f1c1effb96c952ff2491cef1fe584
3	17	bcd6104c1a3eee142d20870e5070e76441ab05f0d6d8ca6670dcd428af347c01
3	18	599e3539b5676fee18d4dcf848ee3a2c5dea7d5bb17cecfd41cc6b9391d06424
3	19	3a2b2c304bc673334676718f1420238588a6faa42fae0aecb7f3a73404de3af2
3	20	7acba382abb4999be5f78de44b11806cd75b14b752b880472b797a93affe55c3
3	21	4db470064210ce08687856cc161b898664f1835e0a104f56bf30ac63ca28704b
3	22	2a351af83f30d3fd4b5427668c579b5d8b07d32a22b8ca26be80da971e6dab21
3	23	eec34c78d65cb160425ba0ac8fa6b02f086f82672cf89ea9d2ecfaa71695a4b6
3	24	3e373fb05147a4d4a4fadace57f0e1e211929eef65a2d155e90767f0be0e57de
3	25	3bef82ee712b27ba507326ad3a6656645131ba87e1974f0253a8602450f81192
3	26	b159847662a8f77d774ff51624f1bbe794842e6518b7d7c0227fe615fd38d48f
3	27	f4b1e001bb0742e5e2cf5a65e10272766c3c5353482e7ab3f5d932c47569a0e1
3	28	0ff2b0f190b9ba2a7db58a545a8309bda1e7156b27350d79f23a393d52090e0b
3	29	e8436f7d924ecbd7519d38e21ea299ab0eb0553ebfda0dbb6d5a7d4fcd10317e
3	30	8419900335389a6fff21ebc2bf0b15ec2b77135057cfd9f55fcc66ffcbdf9f8c
3	31	7795793c295899fd96eec4fe69a10a16481e9a06eb9f718c215d06316bb1620e
3	32	969bba53e3851eb01805bd809fa14a495b850845b469c16add1868d39472bec8
3	33	22b59a6b39238b0b6127750067a2776bdd6acc465d82b9d7f1eb3dd55a87f74d
3	34	cf045277a1207ebd4082b805024adc5f46a92ee3ca2a9783e2745a0944dcee4c
3	35	757796c994f3a9148034da18e900305dc08d721aae7736d9d556aab2848b23b3
3	36	e3a0938e1aab5557e7a9d548c4f03efa9d689bd221970b82cc6beaa867e12d07
3	37	51358425a32664420c6fc72915639c6bccf0399259954ebaf81858805d574bfc
3	38	2efcca05e93537e22f6fa830c6804c74eac4703f5feefdd81e70fd0552cd216d
3	39	d4fff2dda95f4a8c6b5635fc3e130f79bd439d0f3516addfc9665473b98a9847
3	40	459ab0e693953f41a6bf70e741e62cd84587d96e7a88b7754ea2c7f27047a7fe
3	41	994f513f63732716d07b69c95efcfe40800473b7a5981888e3f1acdb69650129
3	42	27c9b73a6fcb432b0449d690f304528cb9bfac4e15c5d4b479e591dd7ba32549
3	43	230dac3e3a82a2f87cdc7e7871d3233a617d9bd101e529f8f266c1afa3ae67fe
3	44	28b545c3c06a8bce947b8aaf60beade2fdcf397def74d597986fd9c80b2ffb77
3	45	861d1ee49bd70e89ea8790ba72d0f1c214a1427ff5761d9a54e6aa2b1859420e
3	46	c215bb4ae85d4dfcfb8bf1a17d54e5cb96112143e378fd91879371f11ec13745
3	47	83b9ba2a9c5f69111c19351f3c1088c8cfbaa6541c380b2609b1c6f14727e29a
3	48	1a6a2d1bde2528825186b27d4025e94a6a7d3cb1b2f52433bf5ade282cbb13e8
3	49	c734b4164e0076723eb14ef17c3ec6d5d1968f8e5c8f2851f577a33042271263
3	50	0bab8a4bfb62633ab038e780954e61820bd3e2636ccaa6321f65d3851bede4c4
3	51	21fa6d66b76465294c4209dad5d3e697cde769cb1565783c65581ce1a3549ef0
3	52	dfc7005c3e75f44b9e78adf86f2f59cb7088f7fbeb7191766113511259d84319
3	53	dae9e6be7ccc91f26cd9cd902e8752def5369f6379de7dce143b93c537b6dda3
3	54	f136d62a1fb57fa03a14cd83a3443299fa43a05c252d31e8a3507ff1bebe62e8
3	55	6fdb40cddf75664540e7f7adef082eecd382dbba4d3050ee167a0a489b4505c3
3	56	346663f553972f08dc17d7f237d126a46b922e87ff8cf862052c2cc8af604d5b
3	57	59fce1f23ef36968cfe80fd9d0e0ca23fea291911a03aa6f7e9825cc46e8935f
3	58	2058d7a6628314cca4c137590bbf6091e5bfa1df96e0b400ef82e577bbb8836f
3	59	2d1b77445de3867f38d60623879f19e1efd85c49c63bbd6cb6a0d5dd6074be7a
3	60	4929b235f5c099f8387a8fa33808e218d7ddc10e2b84fb9ca5263a6757190b79
3	61	372fea77ed00ffcd8143781aceaf1c2672f03c382c0c7a2e81972a5f3a83a202
3	62	7dcd503c63c1faf517cf79a214352bd481120e40df655fa4ac457e8bfc34e75e
3	63	b84183b5d193a5574bf83f3f4081a1eadb33f4502f8f5e0618e98c5b56a0172a
3	64	58fe88e410f95f1cdf58e884c32bfc25b381791c6d2cb2aa4af9d0d30a756c80
3	65	1c0be5af09461b64aa65cb271355112c6c87315b14dd13ececa6aaec744faf7e
3	66	642c36dbf24e12b2a2ad448adfa6cca12be709e7ae983b1f34b10bda0a25c593
3	67	d99fc72896c5142334732eb391a9d0811ffe8719cf87c5a16b67d213bb4bf6af
3	68	53e45b6411e2815890f315a67f299b2b7da692a7fefc298e870038d6e9db56d7
3	69	5c0afaa78516db02f59a7aea42d5d7b5768b87771a3de04013d217694ae9096d
3	70	a62ac936f64f6a2d33c915ed90b5b310af70d8bb31bb442916f02bf3cec9c8c4
3	71	fa069dbdf2662dae64602da8e2debfd3b8903083c3dad3c403d478c330b7e411
3	72	49a61e3244990d8f4f7247aeb40ef342cfd2540173c9c70d582d2330445a649e
3	73	89f52cfdf6bca5356f1b6f785ce44cb35112f8fd826562175fa3bd9eb1311c31
3	74	d8a2f6b97afe56878d4f8b48371640689e6958c9fdb7f0470c1d81e75a93d857
3	75	e0e8d2eea72e7b2cef46ff72fa6a11a0d0a0e37921da2825583fea5e46721923
3	76	6b6b87ef62b42f93ca26227461b76ebf7bf32c8af027f45e2ae4555aec4b1f79
3	77	ffbb1f5503658063e970ad1f95bf1b70348aee6333e61ff550ab2fcd6b1d0535
3	78	23baf29e0a172fbcff3e73e52c56ced560dfba836c23c33796241bd5cbc368aa
3	79	da20572604a6bb9b2e840277ff8b6d7b8eead903929a1c852bd2635d3232a277
3	80	d1fe969d0f6b31586c21b308b8aff0539aa18e1b7a738a11cb6f9cf259e36a5e
3	81	62f643f536854858c2b1d262f57761e51bf80f8903677fd67c865ed55423ee3e
3	82	986c85088e695f3747a552e5296ee08cc4d7708055258daa2978f915d27b8403
3	83	087a6a4073df59838164731fe6e3ef1d8eddaa29a23828b70639f92bc670703b
3	84	fe5ac5e643135ab40136798cc88aa5d34d3b772799aa887ee369eaac4ea12c24
3	85	04ff418a7555bb6ab87c5bdeae53d62b10acaf161eac5ee1daf44daefaf5cf40
3	86	b97a07b9e91dba069358090e3758d442ddcc6267155decb57396c859f7708909
3	87	9ee99078a7b9e8f792c9d60cf3d4de021c81e73e3a2d07ab37600c4ae5f9c929
3	88	34c8c791667f5ef4b60f15a2671dcd86f8caae931ae70a78f3cdbaf7863e1a8b
3	89	77e240a9b3d12095d29302fc124c46d2a1df347697d414f8e896e6f0f0c9d1f2
3	90	bf2e1641d1fa25e60efa058a8b8aa32e9a8c0d2ea0ecce9c6bb960b32a0314e9
3	91	daa2649ec9050317f00af40d07b293676e54b29b3b22a5658a0fc7cddb40be0f
3	92	a408a8d90b7ad259c17b1824a91e84e4c8beff9eba411c890da99992ff8a7749
3	93	8456f5d56a04332e0ea9ae5db3b1fdfb662db7ab1e016299935788d601cf6878
3	94	514f2c9a1f2fc73b4d852255307444d4d39f5b1b0f5a9eb7a702e82ca07ba522
3	95	c9dd004ef8c9e42f756e4f5d5c80f78a4b9588aa0761e6838ae1fcdad7c6320b
3	96	a7fbab093b972415689e4d9b69e5888759d788cce76dabe3b65505e28b9b4f90
3	97	3c0f994e0555a9bfb3f4ac5875c2e0a0c744e0e70af77be75821a9f8209ba66b
3	98	ae8905d849e926018e53420218da98fc294dd2e059634102968cdbad5c7e457b
3	99	2edf50a1d290a8950f9c6eab69240d404e21802cf891667f576fafcc41a8cd1d
3	100	fc89c194fd4d96c8f0dbfb848f187f7dbcce4dabe2dc3ad4cd7838f17b32a0ed
3	101	3d2aa0cc6a74be2199c7b39a0bcc780c3941be627a4235b8fedd072d8590be73
3	102	f5dfb098430291dc213793777bdd9b9a4ebb2f72fe4240cc3a2b259693cbfb19
3	103	f2ec144109b2f0c268de2a5da839f781995d56eeafaa1927e5a16663fb009433
3	104	58e24e71c39bec9c28c88dc5b573fb3cb964cb1829813b0ce17bfd6c2a407af7
3	105	9f979f008d1600e4acc0abd6b5d0514b192db58c92f64689858b741900a378c9
3	106	d71f766f4521dcfd808b6be3b12a5cc7eacc7dad5cae577eb9087a3b911611c4
3	107	1947730ea8274fefcb87effaf5fe5fb3cfe9fb1ae6e84ed4941a888477d28e30
3	108	7480ac6dbb693e548885dca5631e6f502ee519060b1afb877af4dfc0dea5efc2
3	109	46e1ad79c6c517c7939c6ebd722c5f73074ceb530dd6f8ae32043803f176528f
3	110	68100501a6226049a1849149ae0664cdd110d077e21721e20ff082455d3cdcf1
3	111	0377299840ed0e46804a2623be2b97d5820c43c6effb7d6f6e087d5c1201498b
3	112	10f2b553c3573a51aea47d35b3f0b51631be564da49002e70ab5f037270b6f67
3	113	16c7691b02c896607cd583841a557e3a91fc72a194822210d26afd930e8ab278
3	114	a67e68c870d082b80046e7ad2a065016cf3cac84f7384764606137ebf74ee072
3	115	3377ef584ca211400eccc8b22caec8eada6aa510376da0f3fa726b1a347ccafd
3	116	9810389a2296c483730d06a97276339c293ab52e6974cfac18cbb07fae5fe0bd
3	117	c354a0ab623d2f7c68ba076b6b6efa8985d1256441436ad88cba91e1ff24c532
3	118	7f16070626ab2ce278a646a1d2fca04dd61913e7fc97723ad0ba6b5d045012b9
3	119	4a784af2e56ccab2f1c5e682195cb2ce16614cc88308b2c39d165e76abd74e91
3	120	b196221de6c6c87e7f44f5fe2a854ff5b16fc271d1a4845dab3de10ac803bd83
3	121	e24c1ff07a489d8250bcccbcc316b99904538ddcdc9f284e42db031790eceb28
3	122	74ac2f5e22cb5714284af374676083bf251a3bf04d98022486c4f2b7ba6280a9
3	123	2acb84c9eb0d679c57793662036a1c5ee00ae0cc922b4e8e3a4e36dcfafc98ee
3	124	d507587a8534af098fc563a4b7d083a15bd7e0788a4afa914d63a42bf72ba86a
3	125	e20f6a91bc2533576a8043f31a88b819a2b288ad084213968c407b5e2a13ba0d
3	126	b40fb35c6ce61886bcfbe0d188e688b156db2f48200592f82899a170d7ee37d1
3	127	d22ab502cff2b816f453e91b5c12562c639009fe0643101cf424532e1d1aec79
3	128	f4e8f6e0ac4e186237eeeaf4dd788c787adc8f946b92e9cc7d2c087e209f369b
3	129	3e2e04d2f29ec48758304e706bcb14d2be6f2b61772f537ba8f1da0010f0d984
3	130	15ffefdde1237b34c42aa00ff489368d27fae75b870112ed0728b1ba5e4be003
3	131	4180aa8bbaa9cfa59bb27a2c1ac131a251a14f08ae30a02bb1220228b21104ea
3	132	45827fc55fc11d63b44dedde7e030171dbaed5a580172235cd7b11860e696ce8
3	133	8c32f9f0ac30044640e00e7d2d8187f51f9a6016412f92a8287e1e58fadab57b
3	134	cb8751c834a4e5c81a15e89f348336eb656af2d55bb5fc2dab12986a60de9714
3	135	8a8e4178074c7d4b4f9992a2e530876cd39fb29619b1229650912041d6d76c32
3	136	b71c26e9bb95c8bd432a3439af478da33d6002aa4bdd5005190c8a854ec5d69c
3	137	6d7679ec2a80c3b8e84ee2c2e6726ac1354162983fc35d613f0eb64678334d43
3	138	53c8a95886c7cc3ba74ef11d153a6f3107caa41d786aed2a517e45a46f8fc1d6
3	139	6068a29484f629dfe1f23b290275686686b4a398da5486152a6c8b3ff3b63a06
3	140	5a10bc9f211a4bbf02566643ed4250a3b222cddcc9509246c785c82b847e369b
3	141	a7f4a1d8f7ee567169dd4711cc0eec4c55e209e1eb66d2d2dc9644f71be33992
3	142	c076c71e92bf703f5482efd808f36c43b8d36b2399706bd8d28c1bbdefbb97a2
3	143	8cb90ced0205943af542a9640ae9ac8bf6535f287f140154b452132c883abaf2
3	144	eeed771d31a2476192d3d4c412a6ee2dcbe2128d3075401b94112ddcd44fefa5
3	145	7d72b633c51b35d308d4015ed2470cc91a01ed9f10b659f9c6fbdd5aed83ffa5
3	146	d44a533f9afc65b9015e7a686f511e8a6bc03ca4ed02ac322c80804351719717
3	147	4fb69a4611b4c9da69e0b54df838ba12fe668ea389ab7636e04b21563a5cdce7
3	148	a823e1e8ea5b4f30fe0a6cfa1c4cd649ccd6640945479e0d5bc3ece4a203374a
3	149	5312b0bcf7f0b0b094e5ce4644c02c07006581d2ca4cd0160dd5bad8aa42f662
3	150	cda0fa0fca07c8d8e9ba648f35b5e531482d6e33c1de0c7d06709c115516c219
3	151	5f1d1d180ec231a689107916baaaa11d4d17fd048876ffbbba82970036f287b5
3	152	96c805c618d874daf5d062293c58e39d6c0aa10d339e1db3fc3a5ae76448ffed
3	153	a3a5062d2141a539c720e0b48a6be662f7882e3e065391dbf5bad248377c239d
3	154	d0361ef91bda7f176865d656ef416e6a763be31e721f226c7f00a3479749e651
3	155	0c37a8053a44d1d47441ab2d9ec8889cf6afc160c139eb6132756c1e080d66b0
3	156	21abb6d7105e6e39a5d193c7c6fc9a705151fcf80e7948f3b80b2784e078ef58
3	157	d6515807862641f1bf7bb9ee8f9dcc152fd91ce51bd53a9354e5ed4798652439
3	158	cfd0a15de9182bbe1a457371548570da3aef7227af20b0b7ff18a89ffa7baa04
3	159	583171b65ab859d896c0c50dd95f20effa5070c174243724adb85ded71febb4c
3	160	4374caf6a43d5b976662bb034f930ddb06ad218fc17d49332d13ac9a549853e7
3	161	228084cba0a49aea88e988d5b03ab6ecc8d1fa62686037ed735cf48c7f9168a3
3	162	f086ca27cca6efc364fb9a3e1100e851a1b58f74bf8220db3084b3b45423249d
3	163	ab36abb7bb7a939690159c83d63e387fda2517e27f572abf0525a644c79d5755
3	164	89ef544e2302fdae620fe1e7d21c400a8d615deae031476ac5ad3c5c34c52373
3	165	3f8aeec3227ed2cd87d2d6b1ed9b50a0c6caa209010edbc4de8a91fade7df306
3	166	efba85e6482c66706d0c4cb98ff1560301d62d4bf89c9750e5ed13effee9b2b9
3	167	41e30110785cf42eb3776a7991b072aaac148b61fcc9f09633c6aad4c593b6ed
3	168	599e3539b5676fee18d4dcf848ee3a2c5dea7d5bb17cecfd41cc6b9391d06424
3	169	bc120e88abdf6dabd155c8d2601a53cc212942b15ade1489e4c06e7b39691691
3	170	599e3539b5676fee18d4dcf848ee3a2c5dea7d5bb17cecfd41cc6b9391d06424
4	1	baa450bf88a732ce7d1a0cede3b29728cbc29b2d6e7fbc3a5ac35a9dabb9cc86
4	2	e24adf7ea21c5074ce59053d545b2a397ed40c8e6b5ddc352d1b3ec130a9fd86
4	3	b53935ae8f8f48ad8c51572a7eb31aa02cab5700559d7a58944a128a13263605
4	4	ed60ebf02867a877dc7fcfb02a61d63e71c29fefb484fd25da17687aeeefd1c8
4	5	d1ef1c5a8ba30a0e7d861e1daeb2ab751b1d3d9cf2d8fa5e67c970ecab45a6e9
4	6	4c5c0c06eebcde00dd51a99bf740d1d3e926ac5d3571e2e48066933af81ddbc8
4	7	c38ef4baabb0122f36102ea15c3d94c89f5cf03090cd8cfdc14dec65836f5bfc
4	8	d828156b896a43a3abbacfda35b7fd3140eecf4961635af0bd6fe9c165753654
4	9	ec5c911dad1d36f2240a1cec8bccbfecefe4817b455d8dd5a0d117b4e0bcaf60
4	10	a108a49855281c3461f1cd0076d7d4d009763a60fc1c800538b51166f197ed3d
4	11	e9a6c842d7bd35a23046f65206e488b287c27a9ebeb88d0af837f6c2f098614c
4	12	f9c2481c5cba134f0aa3e4f401740d4cd3f3c72b0ee96171190ef52adce231ca
4	13	c01b301edd7709827834bf18c1668314984895bab29d2e66a7ca44c0b478ba92
4	14	321f5bf706d29d6cfd91ea4f7d0692aa8fedd8dfb1dcbad3142dc7cfd2853cc7
4	15	75023588cb544406e8943e2d3b70ea24a3e52c1664ede04eb2eb63bb40c89e5c
4	16	f16f7dfa668f04fa786e95f71badd3c62e1d53ce5c5fd16c50acd7a52b11883a
4	17	b94139a9d2212e94635c9155fe22b1b455b3946e8cc0ae770189525e879f4dbe
4	18	0d4007d917a425dd9d8ba73958b4e0b5ed7c7ec66568602787208c6e812fc8ea
4	19	d839524d10bed627d12820bbd61aae9f31c65928af40598ba7d73dac2eef8f8a
4	20	ce46e2e2f4b10ba59b4a81d81c05cf21e8a5857ecc74f927db019e270fd76b09
4	21	95a208ea801030c004a9372f570ec90d5d99114f29b2b31c2ff8ffbb90b7c2a1
4	22	1d58823efd3862d836540a5df3e311cf805f99ee8b1a827212f37b3b71736b4a
4	23	7bb4873b7076ba2dbcadfb89d975c7d2edac4d66f52fdae88d476f4a3170894c
4	24	5046f94ab9443a788a6cc1f801ba19fb470557955b21a13402034d3ae716f194
4	25	e48efecf5e74b4f106ac3d2c371f3b8c4f6286dc867b34621b9364516f5500cf
4	26	56f00b70346d37f172b038a9d97ba7a0b5537ad81c020ac4d5e441daa223e8d8
4	27	402a9b3a8dc4c0ae1db68bbbecc8982fa4589b2c6747b3524cc645bc3817b6c3
4	28	3a7cc05acc85b7e1676f335a870adab1c77b531164ccae33aea78574d1b69107
4	29	0b71137377b838c551cd03320303a8d06bdb396a4f6bfc2717080481952bae84
4	30	24090cd32853fc51bfd78954e524da3a68ea23daae21c75c28097c04b75b0367
4	31	72436fef234049b4d1863cb8b46c11c8021657f5df9f0a0ffab0bf35a28e65cd
4	32	4ba13c5ef09802fa381152da5867c47db87bf02a8da4869cf7a4f8918f89d005
4	33	aea888c34a796640c0a0306163de901db2b60a04aecd2a421fd7882aa6996c8d
4	34	daca35e9b1476307891fb8f4fc59fce17dec738aaf10bb17dfef29a49cb6728b
4	35	9cb0be5b8a3dd61f369bd7f94f5854266a227e456d715a2c4379c5493b1ad9a7
4	36	9715a216c6f8442914cccf30b6f5a35ba72096b680511d8aaebe4a34ddc23e28
4	37	4ef449fbf52d91ebe66f92557336042856b9683350b7f2090a2e2f63d0bbc72e
4	38	83b9ba2a9c5f69111c19351f3c1088c8cfbaa6541c380b2609b1c6f14727e29a
4	39	2697ecd413086182ef881b1d7d7bbdecb98bcac377761660135e9a7914e009c5
4	40	07d49ada019bac146e047cd30d4bab6cb9a9253a582b672f9ebec105584f8ac9
4	41	245fb872d67348d5354bf32a37c92c03e92c22cbabe5bcbc27e4f518342db16a
4	42	c3c66b3b27f3779827aba2ea9da880b564565f7a9d9d3a87755fd3eb71169da1
4	43	599e3539b5676fee18d4dcf848ee3a2c5dea7d5bb17cecfd41cc6b9391d06424
4	44	013c0a88f380c6b9bbc3794f2038db19a3a27a703850e3e659a1755a03ed5428
4	45	599e3539b5676fee18d4dcf848ee3a2c5dea7d5bb17cecfd41cc6b9391d06424
5	1	ee83ce7815c66fc93621c5ef3688cfe99c6d95d9b2cce868d8f0a5e1986eaaef
5	2	b54cc90d1c1e6308906d3dec010c051d1f0b7b9632770a0a1617ee84f62340c9
5	3	2bc64649c3ea15c1decff81f6b0a7d1a6982acf3d796e402e41ed70e33af1668
5	4	2ce0076cd7fe0b308089e0e5f5258607636a63676da15fcfbb8d96701dba6020
5	5	143746a4b6f48715d6555d0873148a3f8c40bc72c1c0cbc3b41c776a1e4a7704
5	6	c012535637085381547a80bc3826b4f3106677a743a3acd20a6efb58b916a321
5	7	defb68d8133c1d5258664cb6322936b4c2501140b50b70c18dbf1506a492337a
5	8	4b5a6e315d24ab194920867b1a6b202888fcae4cc805188ac10b0056619c4f82
5	9	acbede3ba130ea85496e4523376718e857acfad91b4834a8b1a4f059a50ac9ba
5	10	9da0329cb10c715a2ae53283edf3568309272ae14647323cf42e6f3c390b41fb
5	11	32db496a5c50df0e874ea7172efa68e98c4a54a9fdd9366e05ed1afccaaab782
5	12	48264911ea1463f9043f841fd8e97602684d77954b7cd0b40ecf5618e8ce0180
5	13	a5f7a45bfbf8386df48c3de57f62ab32436fe747a6aa7f41bff6de0d329665e6
5	14	68119d7f5723a3efd568fd6f82bc6b5ff61a97f1354b191bc64e90fdf7d89fd9
5	15	cfb07d14cc1d09e56abc8a86a39b0261a83e41777f6ce0a71e72d02a787bae02
5	16	7ec9b7799ffb1525bd1942766cb1ff0ab63cfc75eb6f7ea141b8516c262be639
5	17	a63597919af39615d40f36b6ec3b64f4cb587969cb7e036c0971b06af84688ad
5	18	fd9f309b75dd117ed145a380889343e932716351ca43bc042d7503354ffb6d30
5	19	d717f4c16a1421386a503dce8a2127e836cfe86c65528c2bdf3c1814e230d198
5	20	659e2d1eec88262558686c0edef631ac1039834a20b44f1c4ca82ce1b9a0b104
5	21	e946d38ce59959ff45d51ab0cfa858dba0c40b31b6e0f451b194c1c7b648fe0e
5	22	9c0ee0e7c8069a8a3ca6baa335936adda1828b1c9c277b8fb52875dea7cc1417
5	23	8aff16606fafa4b7a6b08f119a317640be5004e0a84ebfae41eb7760309fb1fc
5	24	0f60d95bcfd2f935e9a3cf8bc6bba75beebdf054645d2261d9d469ddd351c019
5	25	04b02dac9180d088585723a4354a7e1b996ede7ce8e91fe63cbe453be04c9a03
5	26	abcc05155388c0c4c747ba809fbc0c0b153d3315219e671717ce763d11197a85
5	27	cb55b8b472fe7619a380be35d27c87cf33341acfb26871ccdff27edc7d719419
5	28	ee9efed561062ff0656843cae0afd999b7aa67b794f9b231f0305375e6a88854
5	29	b2041ff98b5d380562d41b38c25f9aead4df0cc024dea2680973e98dfd6c48e0
5	30	1b23f7130213fa82fc4497259ebfc58d065a1616e0856be1c2d40cb76276701c
5	31	69b73bd13ac289d8fd51716a0c631f61550016177b15210c30281b853656093a
5	32	b3fe4c1a373dbcecac198e81f9e42234e70550e3c4bd0f675e099c8955e656fe
5	33	fab98193bbd4beedc75fdd294ce56ecf13253892e708023e4159e7033eef032f
5	34	0360baf0f70141b809d05ed10a73df9ddfe923adb974130f81dffcc979043f30
5	35	27d9b24f8f2d7f9ebcea40c6b1b67460aa65ded8cae6e522752c7128338f814b
5	36	b27f325cea658f344d3039bb1c61e88664aa4016ae0d4dfd8a0fda7216574c00
5	37	3264438772bf584f1f08a7613d1829e1dcf30e80614f14bd66ea83f0a5f24fa9
5	38	3dcac06a0b86c72e31ab636f4e447911e88fce5ad15c0311535bba84f0c851d8
5	39	56ddbc067cda7f68c145c475092872c7dd716139e725c3d5f32e0b2843f036c0
5	40	40a24bd173dd80799feea589b3b6a291eaba9bfcd7879479859e9e263b41331e
5	41	454ba6393d1d82eca6031930d413634f959f4daa8a490e281086322b9f833d22
5	42	3a9ff84f046020af58c10462824e48ff6f1fa88a8ba890d605c6b939c002d147
5	43	b7a9235161b67f7c4439773fdfab0e98c35d883be09fce442144cb3bad0167fe
5	44	3a17772a4fe03ad8d037a2c1212a0132ad541078480f24d157f93e9f99f41599
5	45	02003d49d7144d597e82eb7cc759ba090101314e2e7c86b3368dac09681dfc58
5	46	6af6d28887f43da6d9a85b8816852d3f61f438bc85603f69b367a40be75805d9
5	47	a4cceddcc66d856756062545b145feddb28488f2aabf0911d120868b4189db2f
5	48	7d001263319b33a48c8fa68c0712dc8e5c09cb04cd7e7b690836939880a0035d
5	49	0c65d807b31b4d11ed824aed945595093efcfdc9c2cb5ea7123aa58f0c45eae7
5	50	46f2ba3f5c299268e026f2aeb42ff7e041b198856c38fa82a6048ea5f703e28f
5	51	36917d642ef1cfe98d7ba6c7322d6fef4b36f8ebe2ddfbca002635f709e83f5d
5	52	dd855bdf50f50ee2e3cbf57f3c06be8b96b452f427ee7e88264c59a552761339
5	53	4282771dfcfc038ac57e04b1cd404391f6239f5219ffd10c3505350dccbae6c7
5	54	47148cc295fbc6ed390752cd5f3a1b4d13d67fde7d91fbab5c3261c6d1b1ef27
5	55	49993dff4941f0308741da82384573597434ce531e6ab317a80fe99404b8bfa4
5	56	1d80ddf15d602c75d9021de360d3dbbc08fd934414699f39c57602b812fd5a1e
5	57	b9e7f8cdf111a27753ca4371f1c2570e700db88cec1388461b5756388afb2ea6
5	58	301a0ae48cd5570c8fa9c06fb11fcb26cf07c8b9adcd85c78fae031b4909e199
5	59	01c3b017a308509615b7dd5e692dd147ac3399d86602ec251866fb1d673f83cc
5	60	2d36033ddba1d1faf073d5854a27f375c45569e47494036112709b8973e487f1
5	61	c22a225a8fee9d7928f188c875cb85eb9ab6f98e7a75575b4e73727efa4baf3e
5	62	1cd5fa73e32c0faee12c6d3f9625681b7b93f5f64cceadff5ac29438cfdb36f3
5	63	aae13eead5f8b0e713b2f4141ec762a91f875ac3c18c75f83c5986c5b5e3a6c2
5	64	fadc15fb41788b56c4f41da4b4600aaaef247a37946839469d277f02c14e8f76
5	65	1330617e30eacf606d1f7109c60cd225ee63e06e350beecc838a12c2236256a2
5	66	c11ed6d63d5fd402b71aa663afb0bad14b39d246198d906cb2602d0e8e8e4924
5	67	ceaab1024ce3f32e536d60b6e46e05a47a3d3cf9a5b780e9116fe93dc5288503
5	68	75dddda268d2aad970b0cadfac576b756515c992a7aec67229e3000ecd4387da
5	69	23e845b822c496d3c31e2c7f98c272911207b02eb04587afc91796f643f0a8a8
5	70	47e85fd541125184473bb493c325e5ae9c39df5d4d07c6966d0f4e545915a073
5	71	8228865e5a023407d2247212b96397ec32fb329d493e423ba3c27e59d14014b1
5	72	993a1ce9832591aa69b40846b4cc684ffedd2f3adf374d66722a9024ffd52940
5	73	7e4cca2507c738a434cb4bb3ae541a5a64842d6d8ad57d0721bb61f2b176cb22
5	74	d333849a72997b85b5148d7d0a8ce0e884a1f46b9753d9791f46a6b0c274ec55
5	75	63de8fb14cedc25d4e33814b10789c1b13110a1aa06b12325ff9d8a41d1d6338
5	76	3efb18077da7c18eb9bf8ccf859d5d926d46b204c527be4c410d7598877eb9f5
5	77	251b6438e07fc734fcefead7766a1b1d3c6aa825ccf3600b4589613860c88ce2
5	78	069cb85b251811afe4467580641b48f27a56ba4362d77d3cf296b693ef64dcd9
5	79	cdf2b61a780c48523db2d6553b2732a933aa5f1ca098159e90717ffa2dd08635
5	80	0f5dec72b4b3b0328eadd576934d3b127cf2b7d1c60606a438e23d23ceb82132
5	81	8cd2b57aa23119867c69b315f8a9c75cdfa6ccc980d95fc69eff03a07597f61b
5	82	b641f1b70bc41c304dc70d78a24bcfbbffa390df6980b1146aa5c069ffcad98c
5	83	232995beafb16cf44fb7526f89927b71e7d0b119fd34f6210c7275db67f98bbc
5	84	bb2ace0ca1bb05ffbd5c64a91904473914794001cdbd5cd3e256f073ffa489a2
5	85	240d45953021a1ecc62f193176b7674a13b8c72ad2713a7edcb5a9b2d41c1400
5	86	419251637ec810d376b7cad4cfb030dbed5565e536c1300b9d583afcd07c0a4d
5	87	61120d3c3e3f5c1b712f904235f688797a389d2b2d651f5bac079d75292b6fe8
5	88	6a7a81c82cec369a9427d59702c6336821deba7fad9217ba7b853dac6376bc13
5	89	e5d1b6ab702870deadfa2f183a217048bbab5c3649cf4b080f16cdde765e12a8
5	90	aebc279c4b0ca4ec45bc18dc5f4899583b0307281a0a2dcc668d778c19120b64
5	91	fe40930427d5370db2fa499188636c190fece8a6bd2cf81a00de7cd9883d02d9
5	92	6908781fa0b2a6f1b85e37dd36aa5db69a398234f7d32a918cf8c8e6f4b2f72c
5	93	0277c3e79759df90d09d4533f2b1640e97fcc9ace47297c820aed683d7a08dc1
5	94	f2f937936dbf9d392a2e8379159f933dc9e0062483337a582c754bdc63168bf7
5	95	31666a4b94fa7a7ed6c5204bba3e464429d2b99979b303ed1434211565f3deb0
6	1	db85ef1ac3a9a8d26f548c1413c7bdfd6a4ef626e7d3966cfff7c67f6a0928b1
6	2	3a16e38233e4a57abb2ae41feb691c0aa676691f0fd9d732579db40f2baa5110
6	3	f6e8d006de7dd67252dc68f7c113a02f98485a350571b15ad9e6fbf7f0e9afc3
6	4	29a45d19885c0e43434bb79e40cce8d43489089081556a8b0932804d3674c129
6	5	aae7c69bf76de91bb1c57323f12257905a0bde23c0d7eb07b67d2e39465fc40f
6	6	cbbbbf21496aab1123346c4b31854fcbe0e0ff40123de68ea510b59214471d53
6	7	b4fa732472867a84d9fffccd3edde589ac057bb06f656e2bea083ed6bf32c3de
6	8	482c898ccbd253734c69a5bdc485ac49209516f2ff88a091bf983d86f56a3f47
6	9	198a73a863c9271a8b7f921a5e73f6761ae0057df8f4448859fb3fc33b0934cd
6	10	90f216075ade95d55ed47c7aa5a6085e5d3ee6a9e41f62d3fd19c60fd5aaf240
6	11	806ff6f0bfd94e91c32aa0f7c85cb6d701638bd7d5a2b88a9edbae8ced25e349
6	12	5da5d7a5c22724e2827e2b6eb9ae7ac8c0dced55e1fca17f706ba5dfa1c0093d
6	13	a79e354b1c0e133f56e30e0c13b77774858b0b4ccd5cb2e791c48a20831e8ab4
6	14	d31169ea87e69b265e968a26efe668c260a061c29c3d3352738418266f4ee59a
6	15	ef73edcb9085c490df2985bc0f54b864d5f21ec0f4fd8439014b9f745683cce5
6	16	a9ad3829f80db421019eca27573a0e45c940add7d3ff8c27a5a15816b1ce1506
6	17	3aa6b66981cf1b7bf944fc641d9056479c85bc8549ec15fae39f06486587c2d3
6	18	bb12ef199ae493804c6cb1eef3dc38feb1dd8e72836cc0ab413ad1530b1770e3
6	19	2b1e1e70a44d6bca75a13153e1605eb3ae491d1ff010c09d1736a3d7478435a3
6	20	e54e149714a358549e875a9a5e4c72124d6f6f0c2147b07ca003f4a1d7ec33f8
6	21	d734455eb86321a6a3b235c9f1a79f873b44f1c904838a4545ba9199b588467d
6	22	58c45badf4f0a51c83f0674bcb449d3545f8b9275c36493cfdbef121ed8f459b
6	23	b1648a412a725d440db3bf3a4d5d697c0752b737896da5d62cae67802d15f2d0
6	24	8d209bc9ff4ccf7dbbb878ef812ddf27b9b01753f8671707289070a285c567d7
6	25	61bd9517728b35830de5507e0406bed1604e03859d8398eedef4d80c826b7b8b
6	26	b4a47d8e509de3fc2c0b46d1736f21ad307875133a39fcf2706790b2f70b2e1e
6	27	cf0337445d2f1245b8be105d1bd0905faffb2b3b486808cab8e385ab88928dc4
6	28	7434696127f110c55b73a18c6e85632ac16f522f72eac25996999a92c6d1ec77
6	29	50e3f0fd28b4268596148004a2c7f296aef21e1a7cee19d6dbe5c77b29115c7a
6	30	757f20b5dad3d5934bcc6169bc4db2b8cade03a5cf2bc1ce201b89eb474712ca
6	31	b501392b15f4f23cb96faed797dd7aaebfc148608528a192cf3e45c4e2d5084c
6	32	5c648e690adb046e545e798de187a7e42acaa4eb11a168c9802722012cf5a117
6	33	074d6e392f60365e98b6c60a73f3284771a7f0a929d987527b2c1057c326ad24
6	34	56adddfc0d693d0870a232edc79d7e44354ea75df1df8770a44df96539c2d3f1
6	35	563f7b0250b604811a483f432081cd301750e4ffae6521fd2d2c85bdd7220c41
6	36	5963ca734fb3c09e3ad7c67feb18c7b507d8fdd71ccb1d3bd966f2c2a6cce5b9
6	37	881a8a0733e05779b62de2aa5d013febb8033552f46b0119925c1980afb8f0e7
6	38	8563b8cf3d596e05f6aeedf3b87081dd63472c027fd2960145536369ba00cb68
6	39	207a4584f615044484c23119ff4403e501d1bb50e18eb3664313d577a5915883
6	40	99a344b150245c403b995f221d5a169110787c06aa586d35c487c5cb7a960f15
6	41	43adafb7d98e08644b8023fb6b16a3154fb627d2dcd4feba5c58c3e011f42344
6	42	4089769c3e88ac15f63ad5a0b46e2ba85e79b08341fb7dd49ff1257add9ac052
6	43	2250a370666f14c2cd0eef71b9f7bad4f6b88a8172c00432963a979e832b7811
6	44	a8f5502aff26af400711386b901a055930cd33a3ab6fd5da24f3541558cc5004
6	45	a875541c070ecdac8ec1c4764860a31cde235b8d3d764d092fe71e24baa3362b
6	46	a444770d27d920a65c877b1d445990c57ceda1c8b7d48bd9ac2acbb14043cbb6
6	47	ac025b083356a7ae58d55a14712db7b8361cc8d46e02950f73c338b22fd11400
6	48	56836966bda94077c67a7058962e4f9b0d53a667c64569be6b861ccefcf36647
6	49	19052b148b0bccef47fbe888caa78fa446cbe249ab55a296fe96acacac2f7c1d
6	50	a769104b1d5076a8969fb51e37c0a721a8f30dc04998cee5934ae89eff33311b
6	51	8a0e26792c9601521d8fcf11a3d01dec1aacf804fc0420e3e7725c25fcddbb2a
6	52	df42838b33ff602f08a463b025de251692702f4b2c5be57185e925a3f34d7710
6	53	50fa5881e0e98248b348165481f4e26c6296843bd197a338187c869460e84d21
6	54	fcd9de26c3f7504c4974624d4b98c5b0d22e9d1e4e3b8f2e67fd6928e633bd43
6	55	18444fad38b436e16a6c1f89e77d97be053b1278ecc2b8953ab180efc9d5db6f
6	56	9ac8f42f5dba5b5d262b59517fb62427b0edae2babb069ebe2b6c28a5c0d34d5
6	57	7518df443cff4503d6a32a6cdefc8f356104c841635d8c4d705daacc7f2f381a
6	58	47351a6686469dedad69e85ae717fc79fd395c7539811dc025b4bbaf0aca4a49
6	59	5964687dfb1c4e083b2552c58de15c1949e4dd631b07aab2b5407b31d8a3e31e
6	60	51add03e544ddb3921dddbc1c07bbd4576ff02658b48464de27e413c577e6fc7
6	61	59b18f63f270f70225bb139ef9fa5b6d41d293930732e1d3b7887ed87beae16e
6	62	71263fbbdbe37a5033c101e3af9888de6ba3d77d4e3641ffdc946599ce7fdd7f
6	63	42ba87263ca15353b29b32c39b14cbeff0d57830276160b9993fcf424d3c8850
6	64	eeab78d87fd9aac5c9e87995e35cdd650448977d31fcaf0bf6d1c3a564abb1af
6	65	bed48273ef2da1ed2dc2ba727779b03b8dba139e03f174b877ea1d5499fc83f5
6	66	76c44977c1996ff6aee24e72b3b2b30f23dc7451697e7d8e8fac93813c643efd
6	67	b3dde16bfbeedf3e48380f32043d5c40530cddcb2149099f8dd1b75264acae1b
6	68	df0493544011fdde8413ba5fabf50b4bc0ef568bb7b79d9fe5aa9a0a8c6a7f30
6	69	e3c65691d5e2cb0ca5154ef7dfbc112e51ca19dad4143159708a385d4f682f33
6	70	a764052c21a4f025b66b380811c1d462b410f8d8abefefd47636c3628eef42da
6	71	c2685ddfedac2671318b6ac9a23b37a2cafcc2559d26b6d91e568026aaef22fe
6	72	6c10e3617febc5dffb56bc91128010478032364c3e376b4af3dbb9e44a1a5a2d
6	73	130f93bc4e05479af0d0071fec88ffb37d4201ecc8be3874fbc7ee47b107cb61
6	74	b52f20b078981fb18e63ef4adfe6967eb9a7d6d355711720971ecebdc8518a1e
6	75	ddd1261f622b519b3512f16c22aa5a9ad2a2e09406bdc5fb4e950b72d17b8d76
6	76	66aee804003f3f027eb6f83bd7ee7272cdecd8e317926fd06eb1e6bc49ae1f60
6	77	f1ca6bcd8a71069c6103fed9a1447d5226146aae39b661d931f53802f44572ce
6	78	7b0817291004c809312f4c2f553f44968b7f09b385eda76b8def69eaacf2b30e
6	79	3d55ac23f3f0610a25fd900857df5823a7b71f448e7d61f4de3e7b383309a550
6	80	62c3f0301f130bd7b586df15832e77715d2ffe53b9c285f35d992862208f3c2c
6	81	3afc9947fcaf6fb2633a5d6c5418c8cca6989c983a628a31704f59e4ff1b8794
6	82	cc4e1e98681ae597dc72d1f6af07533258b9f314ce1891bc2fe2ea6887139342
6	83	a0356a0803837de80a61cd898844efce74197bcf406b1df07bc6deff02257040
6	84	372b2876c9113c3091e548a0995c9aeab960070dac6b2c75759741352a4567bf
6	85	fdd4a0a139dad491b5f37d50040a037337f58f42d6d1d3e316008ca3b462f886
6	86	31666a4b94fa7a7ed6c5204bba3e464429d2b99979b303ed1434211565f3deb0
6	87	cda288a906c75c8fa3c7625ab12c1f911e10abe6dabe04ef5b70559e94b35357
6	88	5450c82b30137b245028c57eaa79a945dff6c3553f879178a1fab76f4e8f7736
6	89	599e3539b5676fee18d4dcf848ee3a2c5dea7d5bb17cecfd41cc6b9391d06424
7	1	798ec1e22e147436495f3fd1640e60a14c076eb6b555fecc5cd7345d0373e5b0
7	2	99b282628e548bc5a91eadd19afeacf534a7a05a577bc9c27cc9a15580c67f2f
7	3	f028d02ec4ff5f9063f45af4accee2c33bf661dff04058bb8989f1845e0c653e
7	4	6dde29fa348e390487a3cd6dd99b76c4335ece91e9df9dc23d570985db3a642f
7	5	eed963318d0eb8f2f1f55530de88310cf401d74297b4f3614d94c200b203525b
7	6	04be4862e9d1b537332d9f22a2143ec7f78182e1ce845bf4ab4542c4450ed370
7	7	c76b5eb47a085dc0bfe24414b71d1a46a9f02c7b3400d2860af154065c33d908
7	8	44c9461ad0b6881337324e7a2035ceb6b53fa3b89f8e1f849b1963b6754cc5b3
7	9	6f1fb2e7b7549b1593996d90c1b7ae4efa7f98c4ed3c501f15d93100d6993eec
7	10	9f210ef5a3b05958e1618918d4414d7eac073a92260adc7ee57f06c40277ac6e
7	11	49386636ce4bc1c10587cd920780b4ba5c204dd3710a4fda2b2ad8e385785972
7	12	ef019ccf2e0c12e7d31644afe385fa8d8f61bfd17472308c91c04ffa292b1fe7
7	13	b3837c35ee972b843192e87f1b89858f63a1ef5ea70d4682d834475d18ea14a8
7	14	352a9b7cfdd99440006611b1d2f47dd7e0fdba4b9738d53b16615dedfdc81238
7	15	8210407325691b7fa2b68ed152b58cee94acf9ff265e0f93b5c6929f2f4ad427
7	16	5a3f9f085870c3a449694905e2dc81cb6fcf09a723cabaf4a009f9bf1c4fd17a
7	17	cc0b28bb5e0b22ced6d30f781880366108c40e297e28bb27aaebbbef795c4009
7	18	061ef537b21822adaba0dc35f9baf440746b3fb97e34ecfa9d8cd0ad2903a70e
7	19	0e2cd379477123a23010f5b543785cb8422d3064c847a3f454f8b0aeeb069b5b
7	20	9512c5510d2709635c90f30cd8203061c5d17f1a906cf189bb96642824ede745
7	21	414d0d99dbda33df53093c526047273a60e05f22cfe91455f9687b65738c1eab
7	22	e51ce660ee1aef657c3d0ba5bfa44ee742844eb9fd4e0e7e56f89fa3f1f67201
7	23	a15a40854446fd35b79d8e181889d8dcca7bf7f55ac7c66992cf3d40b30ac247
7	24	be52e2f3e78238c2166c82937379a184d1348c557d6b6ce3a20a26399b0d5c83
7	25	b4c1d655352aa7f20c433105ca6180a3592021cf9508e4aa08f1ec4c28e6d5e3
7	26	4b9754aa91351a673cd3ecb7c55c79927fdd455649018c0dc98f4a285b6e5c86
7	27	c618541d869db54d69828b58edc3d7adab917a5fbf6132b75e38c5ed726969c2
7	28	eefc7b8bcba2712abef77b3e0c0371ffbe9ec75113bce597235ece1bb4237e52
7	29	4e37b2f69b863f7cd9f8f9247fcdc206a6845c803fd693ac4bc8c599a7b5b278
7	30	e448e9068061c6e22a3e8ef88e7ae3124248fb4f2f6cb81770acec89d08a160d
7	31	b5663e09bf217cd6c8fb263b48a7cb32fa37bc895fa739401ee2285edef2c6f4
7	32	a5245912c3caad4f1629d68d5e279c4d39bfce26132f8a0a1d01e5096637f96c
7	33	8f6308bbd1d59c4a93373f261b5a022bba05334bf587fe3091150d3893ea32c0
7	34	b1356638c134aede31f4c2fd563db0e9fb8e0427917d3c77cf3783d8ba05b350
7	35	c8edb60af32173fbe2a193c9bfcfdcfb600dcf3af688e19c2c13e966c9f31881
7	36	e1c31932f75791800ff1b223b030a854dd4bc9aec3a3a0f4273fbf9325fc2ea5
7	37	a7bf19504b3dce82a9e86ecae01aaf61c14bff75dde8c31c6ea8accdbf9adc4e
7	38	c6bb7d0aba3f918cbebf2c37791fbcdbd22942af510785beecf5858d1da7a143
7	39	c36ba135362420b7749b7225a25e48c4a3d52aee837d95ecd999fedabcb075ce
7	40	1c01786fa4b8a288ba18579e7445a56ffd8a1c758d5692e64da62ef7449eab53
7	41	c142aa23dbeff5956053ec54d82d33f39c2868b371931b84320072c24b40d0d9
7	42	6552784421dd7719c7aecd5bdc13901f75b6c8bc6651a43ec92740a5fee46c8f
7	43	2282036d4a11e4eb6ca8026da8988d153ad7bbb7966a170bf4578b733a5c1112
7	44	1b0dc5f5791fad7a3a3918715c94608fa768817935ac85314ce28bc9e2879a49
7	45	005cc8bc7ffc3e6d4b6f6b62769486fd6869155dc8adf189fd4a61d6b2dcf940
7	46	307211be45a758784163857efe1c0e41646b0b488428d6c578bd9cd8c33f9483
7	47	b8d998d52c173b8c22463b9fa02a1bf8e11f3420169833b76c87aa9014e6e1cb
7	48	83e20215c1af3ecfd0dcdd4f8ec381402e884469637988f17ca429a5a82d44c9
7	49	a45c0718a5bc67ef188d09bbb8ff9d54410e658b7575daac563bafa92d117b37
7	50	26a0e8d63b941ca79319f48d59bfa8151009aa4182cef28bb32db12f863bcc9d
7	51	d651df165787e43a3b95d959851abccc22e6f6dbc6eb675c9ab2cf9040769cd9
7	52	5027565112aff10ae7bb4e3de5c9e2be8c2ffcf2c850aa9672bc1f5c9b397e53
7	53	cce6eb6bb27df8c1af1ef9dfc160771ece3c643b224affce46aeb2a576f9352c
7	54	25eee089b960536dd4fb4e4cbc34f5190306cdf8fc497ec16ca6f9307328c395
7	55	1d513e8526beb6c9ef7810d96dc705ad248f4cfe7e7417240f441f719d807362
7	56	e7085c8d55cc2d5f22ac4f75aa448c54717a62e40e00ad5af0017f8cd276aded
7	57	893f5373212bc3cc7b762cd410ad3692f69eb178d0a2ef07bf8a22f73cc44763
7	58	31666a4b94fa7a7ed6c5204bba3e464429d2b99979b303ed1434211565f3deb0
8	1	1f7d08f02c661387af3374e03da88e5ec68f2b9c5322da868f9624e9d639694b
8	2	d6ce1d0def2a46b226bb75d7ac8435cd821888d5f5cfc41002c005550ee6a003
8	3	c3e0d7c792875fbbdacc482155cde9cf232e077cbfdc4ca538cd90bc08014119
8	4	0c6ee232fa4d25b40901254bafa3e2d1210d01caf4379b89d176dd6c55e5ef53
8	5	14b2e6d008aa0cf5c0aef924030b09ea7a07b221f848cf4245d714a172116b8c
8	6	2cbd0d27fa3c27f160143d1f894a43b55ffe008872c03a36af0220c4318a3ee3
8	7	09672d46fe0dadb652c38a181e99a192995968524205b3f82c9911be97437bf9
8	8	92203c73825e0f86751b68775ec848edbfb491efbcc40aa1c9abfc44e363a9d0
8	9	ce366c282f6466403d3bebc0b29191ff540ec78d621797d48bfc931842ac3df1
8	10	a9cdbe4251c56cf98bc0fabaabf4fb1bb8c9841fc07eb7d8650a036909f9392f
8	11	ed70eba5beb02e8bad3d675b55de7657393a3b9027e42a1851e859e96b709454
8	12	d0cfb7edccdeeea985159ca538074d40bcedef791dc5046402926264c83602d8
8	13	1dd4da4500d126117474e1b14d188a4e4c8ec6ba8919c59cba1e726875dbbdc8
8	14	52023d2901ad7f45b6fa8a6869e16b747025e8d854368ee6e973c0d21edba30b
8	15	560f07efc987d8b8df69757fb77e2016bc5611f1cd28d71c4d2bcd5a3b386d25
8	16	9248829ffe86ef6ae90a6f9e2394b0cfd0f7f206273dfbc40e6978aded45531c
8	17	7fa9b26f464494116336cb505862f44b2594b9b2e96de585c4921119a61deda0
8	18	d512ac459a2752054f8b3bbad60814bf516580e8deb4aa1175bb2ca00c2e34ca
8	19	83516f05a98e50f27f402157d8ba8b4938804310310e41a3a78fa8c58b3779c3
8	20	91345b51374d6efc7b3885a9ce0fd44e4f8c994ed18480773398a9e551cf514d
8	21	ef234f468d699532eecadbba85a77ddf1779929d0f91a02d7bbe8ac8a1724270
8	22	3b824a5fb9e67e7367e70a5ad9b28edd116a7b3500852d594b78ede722ea686b
8	23	299f1b78e1c1416621c236b2e9612f5b217a0f2d8bf7842b7cfcab58629c0308
8	24	44f401700cbf3f52c41b644a38e03e37a1cd4f354cca8b8a3a303f6da6580299
8	25	d0a76e7a1a96feae58e8eb75255ed3faa48d1991c24c5fa6e5575ac6a3723823
8	26	248cb3853d4f901f1b70313d447154be1d5bc11e5276548b2fdaca151ea318f9
8	27	8e8d22cecc1a8e2c76c8384f3eb646a0ba264afcd4a1a64903add5f4fd9d7629
8	28	af0c80ea29231643c03d535135fa3f15b8b7d9910397dacb2ce9369b94350400
8	29	b8c86c557ac797773749412ddde53e2c92879930026e02d49ed9dec5a0bebc42
8	30	e57f08c9503d8a1fd81e08c91b16f516cd8709f1a1f1a18e66002082e46b87d7
8	31	06d650cd3f17c74b023e6100c479818f013f30987c673e9a676598cc0040d3f1
8	32	cfcd466ece2ff5670c10bc7122712e944a398674325d58d2396b5d96cd9a4d27
8	33	f8b3d049d5059e642fc69c441b6761907a3369f35e2dc139099dc2996203dfa7
8	34	5b3bffdc2535afd64f19ad7452569c743c4992130b8e867130871a07ca8bb505
8	35	8abe72763e90baff2dbfcc2aa5072ff6a0a48cc9e8821c835a2d662ed7b251ca
8	36	e8eee28f208aa5c56cc4f653259538fe9d6866ac47c4b8515320b694ed6fe5f0
8	37	5911144f75bd699773e2b7199f12931da3288f95e8717e14559d338cb3a9b77c
8	38	d41e6ae33caef1459225e9e1098d2b76d739751f31e9337065e8500c7c68dc93
8	39	80ec00da5c3469b22ef671b55e097954f4a3e950d572fc794886822e25e85382
8	40	3a7cc05acc85b7e1676f335a870adab1c77b531164ccae33aea78574d1b69107
8	41	6d16457ec297195b4f5392319337184612e910cb7d5aa41da44dbece50306bcc
8	42	bffd132f1f86929e9f17c7579f48b99a1e66eda52ad0463e3f4c913507bfc301
8	43	6e355014893cf7f737e100fc8c8bb3b64cb8419028fcbe90b0d2eccdd502c364
8	44	114b1d79943ac8a5acd88e5fd42dfc9a527beb57ea5283fdfd97beff98170e8b
8	45	679849adff5bc8455cdf212c67c553d113f55806f4595eaa5f64ea5e9275ec61
8	46	84713ef5ac7bf7c83b21b345616c252f2a3ed9a353f19a187051432feaaa8954
8	47	3a7cc05acc85b7e1676f335a870adab1c77b531164ccae33aea78574d1b69107
8	48	3babf0c2830a4f30cd36df0aced720a2a99dcc1e9cb1ffb7a34e3f962d00db8a
8	49	afca4397db92a97d9ce0dc46e25a5276b72b2122ca1dcf6883f62f16a1e6132a
8	50	f27cbc5e3d07bf079fa54a2275e009140665377f3acd34ed9ca0acfdb5994aad
8	51	4dc72d241c5559e335b34b7b0a4f01042ad440731da70f807b7d3f3d4ffd4841
8	52	1aaf86c5d655bc156b13eab2e86cf1e0bb8960ce9864e4c3764a3fb906fa8a60
8	53	80771eda99e8f2268799bc767c89c05a1d28e63e87e9791c51270c158b680f05
8	54	b7ace7bb4146ad507cf94e264dfb64b4ccb3e30dea9c1fc31cd87b4d2204e49d
8	55	c7ec2cc84d34a3cb2a87210cce50de29a3590d2de83a02c6fb7d93ec90fb42a7
8	56	63b96dae8c4203dc23c00e27e7baedc10f96192eba102955d97b9b85c4e54bc1
8	57	7afd5bcdfba899efbf482bb31738fe3fa2e3c5c639540b0b537cff81171f659e
8	58	022ac3034362d33aeb5b5f6d7c32d13351f396e3eb59233a6d2dbaaf66361476
8	59	b3c55aad5cb76e948557d937dae38f559be4dee0500c505fb6f7fc1247ac4e5e
8	60	26e28d35cae586d9ae7942c5f4525b98868526ea3aed6a704f94028dd95ccdf7
8	61	7f2bcf5d43de750a5ba4b02bf5c78677c5079fac9b67a09db6373b8aa76f32e4
8	62	34b246a70c89355caf072bc98db832cfbae00abdf472ceaf019bc4e0282b3370
8	63	f163e279df36a4c90141944f8492f6e109dd222259e2c9c380051c9b418d28da
8	64	d2e45ec4e7eac258fb1c29a67e2548e3ea7ff9c3ff73964bed15e63660b2e09d
8	65	8655a904946f267624ecf0efc753763a6ac91051af2f77f4eb7e099404f997d8
8	66	7bd2c84d9fef03ce249dfec332e170a848d4c2c45acdd48480b70cc7de1aeece
8	67	d8691e23614282c3ce8b3124dbfaf30e3dd67fac760e25a6398c2e08ecb83757
8	68	e93cb721b96dda114fffce5ce427eb18e1aa4cfefb667e931f9874d5f35ee199
8	69	974262cd8098b9843ed4373dfe231df824b19b04919361b495a5a018f5f3bd60
8	70	0149123d00cb658e4d58ea93fe304d9d6a21417feb2a0836d106dcf12c8e203d
8	71	4d67d43e9b71863629d96b44750eff973764617dca2abbbf967c4a43e178e221
8	72	4cb40eaa520fd0a024be890a2eddac53086bb039a2c9d0fe385ffe29e47bc604
8	73	bf6f31898403a10b359f0897b7d74135071bc8da01ca60216231ac22dd7550cb
8	74	f37513aff7f86aec927f3de1c2806ec0d643f2964d8c4df5888366ba1d5fc30e
8	75	3410366066eacd64e0b19e7bff7ec6c64e593ba75f872cb7cf6760f56f55816d
8	76	c830dc448b73bd96f574c51bd84dfd8580b9c83a5135054dbd0ece4771a0afca
8	77	ec1409a22173840e4910c7f316423781d88615b140b23c53a70aa7904ce54a48
8	78	8735bb58066cd096eb70bcb94341d869143868ecaaf6d5fe56777b60d28b2801
8	79	a24b86d08bfc5df27e32fdede5d14b29342b738edd150abb0c9f0423f3ce361a
8	80	ab75d5319b30d921bf193f4f30829fef9059796af3fe971288b53be74a5d00bd
8	81	669de84ef4cca4db6da2f9218aa999bd4a500e3e333921bede8dbac98f66f660
8	82	7731444e8af6176ec928ab633796a1a20f07e0d55fca200449090d4e2405eeaa
8	83	ae4cd39ddd0d4efc2e08336ff812299085de5440494b8fc1f953125f6e122c6a
8	84	f8e471a11995b9c77d817b587c1c1337db38d46dd5a28c0a263d2904a7047fe4
8	85	b8c86c557ac797773749412ddde53e2c92879930026e02d49ed9dec5a0bebc42
8	86	dcb389a5b24e18b9fd6e62d476a58eba0c43b3f7692e1e4410c2a7291d51bc39
8	87	a0d954d32cf7c0f47061b89cceaeb2a73fbd1107cce813f7c179eebfc3b8c8e2
8	88	3a7cc05acc85b7e1676f335a870adab1c77b531164ccae33aea78574d1b69107
8	89	06bded97d0cb5531ef9d5d4e6344e9deaa37440c92b1e258351ae2544edb231b
8	90	ac602e84b831b2eb4580f14ecfc5c9b249a5b0bdf50dc570adda193652cf96a2
8	91	a8687d098f2b84fb4f141ca4a50c8e8b2742f3fdf90161ad7ac9f6f09f1b58fb
8	92	1808400913c8e04973037c47e8a32454a51b9cec4f24c1d7bc727e06fa8b1a34
8	93	3c4a5e3ad69299ff22ceabb2348c48e7c8f31a74b38b7442c3949f436db5afff
8	94	722fb1df4ccfe519493c36a0554917096d1844530309408a587e14a8988e14d3
8	95	6707bab09bab4e039ad66c617484fa53231164dd16848348ab2a3773f310c071
8	96	31666a4b94fa7a7ed6c5204bba3e464429d2b99979b303ed1434211565f3deb0
9	1	ef318e833a141e7d33ea22cba7cb2b7dea693b90bdc3028d07ac8eac36beb23a
9	2	153d5a95d4282c9995a5348b1dfd9fac27e3daf90df44fb8097360727a543d54
9	3	498067a95b2966b1418878ce81fe3cf8634deb50f8c04bad2e06726e3091bae9
9	4	addf339b7db92f5daa9d75851c1321c35327e8e654fa09a91c3c604f88cae0d4
9	5	584b2b77fed88d7e25621a359306c504176ff8f54fe44f1d9f53dfd2a113a2da
9	6	4b5a6e315d24ab194920867b1a6b202888fcae4cc805188ac10b0056619c4f82
9	7	d92cb3072497a8cab8282ea916c0bb6d122ee1d806eecd6e1f4ce60d04986e27
9	8	12daee1a1485368335d4c15c9fa7b6110b5f913db76a8533154ba2f7a3d3b8b5
9	9	961f0a60ab75cb05318a3ae8d5225edd8270d737ccdc1e4c4dbf425ccafeabe0
9	10	e26b0010852bdda80e17dcd5d3026e03afb625630e0c6bf3c6b658c244ee0594
9	11	6f7521fbd3097dfe864f06460d2e88a07bd09938b94375178a033b4914195cfa
9	12	8772f07b5c8ae2040f5869286b769b93b627c6ea69a5f5e3e6467b1a49feb381
9	13	b9abbc01168e71b6802d882c8de1769f61eea88a9ecc4a3054103b0020392f36
9	14	19a69e256b62ef13fe9cdda777648f2b20756148e20a272f9ea8f206d4653c15
9	15	fda9d29ab3bfa0d4fd1274b2623d6201d3aafdd074f2f18213f1e29dedf5cddf
9	16	f211cf24b3ad8eaade76517688be0ce245c0ef22bd9475715a796c47a9b7e788
9	17	a82e6f012c14845b9488c7a1710b45efbd8d5fd4ffed7880ef7110dd2b80e0f8
9	18	b1d747f730fee2a3c4bfbdbbeb7efd1e6e6a9eb9c07375569d8ae92131c425fc
9	19	ce6b1f758bd729b734e784c02ce76a258779f3477bb7ed8c8f5164ac84cfabc9
9	20	36c6e36c3313140952bfabf0a723aa46831f145f54174946531311c297c6b58b
9	21	ffb4b04316b55d0d243ab0371679dd8968f7428c56939558fbc2f8af2712ee4b
9	22	c8acb14e278979dc58689e751676cdc4dc542d0ed23eb6f2325faa4bafc1089d
9	23	5371d9d7857859fb3ecd8279f17d396eee82d76386b16015ab741d7a4ae9c70c
9	24	fa2a7dc2958ba7b279743a8b3e448bf6c6b37bf55f8a0d04086c953fbac96957
9	25	a0dddfeb483021abafc8909c1ddcbc313af611fba3f0c6610c1d48099d799cd7
9	26	131fc30513791093f27eff54a944ec7c7ee66cfc3e1dd90c09a6af6bda6f4818
9	27	78b0da71caf8e9370a4c889e48dd84b98732771df5bbd899f4be3a46c6e6d451
9	28	9d77bd1e1eada8e22627ed5be0c83abf6dc5e5ddbac3c1cbca9760898e3ff196
9	29	35fb417014bdbc44c2a268927e9a7eb5a1d1e34f8dbd1b9199ec50dd4c9b949c
9	30	dbf7028aea6fa73bea8094cf88e7d2f03dd6a53f75ec595f52dcf72d3507805f
9	31	1882d4287881691ba6714e9bae90adfd24b9ae6798d35a7f8b9cc80745cbce1e
9	32	cb21649221694691001dd2791b75e330bb9036a00377efd89650adcec5a20d75
9	33	fc2fd93571d392415cca429f1bf65b7a1181f6b1aa1b9ce4884cc77542d7c319
9	34	e9bac067c0b83ec4f738ea50e75fc2276838619902ab79c5cd81d6a52765ba62
9	35	862e0e2253250704a9e232edde66ed3686ac646b52032df86d9d6f1e150b829b
9	36	13eca1378bce3162c2ee011fb29e1f7315e4a2524e1bbbdd837a837bf590588b
9	37	8416b62cb8c9aa8b3ccd756b1e5e0320b6308f0953001894f6b394e8ffea7ccb
9	38	9eb772a468ae7fbd828ef6012bcabdded89e9c831ab9aeff09336c4f8da0fc00
9	39	2d20933a9ce601df81b4ae30b8d310544e473369728babaf14fbcd8e2eb730f7
9	40	ad7b249231d0980364a54acbc5772eb501bdc51d934ca037dce634668e7040f1
9	41	5cb838fb6e31078006c42e84f60ecb46a0ed30337eebe0ee93172a29af1b5c92
9	42	599e3539b5676fee18d4dcf848ee3a2c5dea7d5bb17cecfd41cc6b9391d06424
9	43	15e16c6652f5f75463bedad335c4bfa16a991a8745f2c8fca8670df4d5cc3008
9	44	599e3539b5676fee18d4dcf848ee3a2c5dea7d5bb17cecfd41cc6b9391d06424
10	1	d0b2841811fd0c15912a26d9736317a39c68b6fae386470219fbe1a1e5a66a7d
10	2	5feafcc9758e9e4a3477d915533084c7b15e3e537e9d79618e85908dd32462f0
10	3	23ef88be554aae4a7a65b3cb4f0682f8d52b5f7b5ac16d1a35bbaecbe95f6012
10	4	ec30f689d93fff8f3d1675b6388c34bb4a1212a7a01a545d0f0904dd2b4ec0a9
10	5	58cc90ad021a7ecf909339b8d160df9ce18511cb4174dd8993c07f9ec3c80200
10	6	09d0f604c18746cf679fcb26fd15b5dfcdb50caa97fdebb00c1a337f71101da2
10	7	db928b4ec6807d4e95dae60c7224424fd50c1c6336b1c06076cf9a4ec1689ca1
10	8	7caa0bf84b06b0b5b0381fe33186df8e3370c01236b63cc7299c409fca0099ff
10	9	cb4c0531b1d4b2172c7d1e943a778ae5b2d1aca321d315a24c1e9c8f9a8a41e5
10	10	d23d334364a74567a50c13d61dc4d92842b48694d3f1e8a3c74ca94b9ad71ddd
10	11	4cfd00b6829227ebc759c0b4dbc3841f4832416405e433e8a283b51372bf4ee9
10	12	4ec776308b06f08daa97ec4f67bfc4e36d272175d1fe0a8835328e0b64b936d9
10	13	ed7499610af113ba2c533d4d68ff77653bbd8d64e34e4ec84a424c7ae29d2a7e
10	14	5dfd439628784b7a0f7bb53b9aa476fde54b1ec35882d4b63f22a60b4712c733
10	15	8c37fd84be1760f5562d6c6f2df58eaa6057688cea588903b6f896c3be4095e8
10	16	cd6a0279ff1a62edf633c135c350fea26eb812e160a074da36630c2a83e55769
10	17	7d614acb1dd8bbb6b6c0ca131443040ec6dbce56dbca1e8003a3570745084b25
10	18	b342b74e052228dd5aac4847481209cd6f7c10a2da1caa3f415479709de2bb0b
10	19	fed10b92877931f2261f6fddaa7cfd56e556095be81eb11042c9504016fecd5e
10	20	5245787a7a4f615309f9c21f5004b025326c1644f4f51f339954030ba6527969
10	21	18d66b5fb3482c20aa7a89bf000dfe4dd808921b0230f0c72d897cd5ab523bd1
10	22	908e6da9d96baf5dffe6c9507080bd943d85272b89c840f7af086086814e2bf3
10	23	64f20ff3bc79fd012784d3f150789dd3107b72ab059974e301ee0b2f6d0bcb84
10	24	93beb53a441d70fe632790f6c613589ea8faab8e9a68d28e796fa673f38a4d5d
10	25	b87fcfca8b9ee3cb7ce7c3bd7465c2bb384401e674bb0d1d9790e1ffc1d7c16c
10	26	4d3804e300cdc5af4c210638877cc8751372d119a8d2a12432f30480df385205
10	27	a37d20308fbe1931295f56e9fb21d5fc91fd8269f1a6a6aec358396c828b2d16
10	28	bbc33487253b2d860d2ade6b93df249493eb1835fdb32bf2b8fc04966bcdc2b8
10	29	c0ed38939af20f3cebcea4f510fac422d643db751d4f6225e0f8b24576073b47
10	30	08fe171ad521d1a32bf203b133fa3f841ad85798fecd37a078cf56cae29dc93b
10	31	7b2379958ea96254ca4f0a7ca3c734a039e393a3d89f8a3e0e61f46b4d2be89f
10	32	599e3539b5676fee18d4dcf848ee3a2c5dea7d5bb17cecfd41cc6b9391d06424
11	1	119b89e75ae261818d641f014695f08edd885c2a61fb4707f9ae9722bb60c52e
11	2	d1bd586b27a2ca53a938ec1cc1b89d6a3e8bceebb30bdcb8dac7ef409afdb7a8
11	3	1f59ceb96b4403c5327f7b9723c823194dfd61047b0ff0b838fe791b6453a99f
11	4	22825c52aa694dbb93c8a97d11bf030b7e817226720e7ba060240a82f9bafe19
11	5	66c2b10145a0813cc432bc99a40ba6d2265588346a1357087611ba720afae3b4
11	6	e92b21c3d071d35a0dfd265fe06967e7c08868180be03cf460b035ee35c6b3e1
11	7	e4699b78d12d5d4a72f33c6b1a556319b9efce6defab942eeff8a3c07747ad97
11	8	78b2eb3aa0c66742b0f7a2cebcc299ceb473a3df0d174cd7cecf4dfc0b0e3de5
11	9	ba3f38450497658985de614ec44c318861e015a2d862599056940fac73d5fb66
11	10	f8233e3e4e7310615e5c33d8f1e5008e7ad0a1f0438450a8dabe9d077fd18979
11	11	c0fe98a39cb3f5dcddffdbaa5631e59e077fb62f4088867dc379e473648407c2
11	12	323ee11ff5bd15a04a1516acd54495e4563b1fb5def0ecfe8b616a1477cdfaa7
11	13	5a54de400ee24cddc020345dd2f7e370978ee810be63f0e837aacfd2c54f935b
11	14	1afe16d315aef304836db92ae6e8ad13a670e0a86ebf2d6399c1a7b5e86ed56e
11	15	1a065f1b8a0958b1f9220803831e2edf284e19229567d3c563e9e979bc07784c
11	16	34fd077a6cb041a92ac16e2310de3378640e313821fdf174c083e4030fe51be8
11	17	7f4ca8e251c9ef9c5b90ada08da0f8859ebe53021d825609a1f9a9066e6e339f
11	18	3eadafaaad1e9a0b9f073c5964ed2bf2eacbba9a93f9412b7d625292e0c4149b
11	19	d342e5217e27d09919e8f805bb21c4f667976c1b4c7233f1ab0ede5a8cc3c6dd
11	20	fd3b6f811e23bbe99ec9d6106c18e79de947bd0a7c3cef1b1e2bfe01acd8e139
11	21	13edf0d4ed27bb507c411a47cc70f69a844de52cae6799a88de313501eeccb4c
11	22	b8c86c557ac797773749412ddde53e2c92879930026e02d49ed9dec5a0bebc42
11	23	3784c5fa8381c47c1468b87651e1958b361a67ae8e9d617184a0aa976dd2d0ef
11	24	99cc3ad3b727551ad9fc6a2c5d05ad6405d61ff163ea4db5588b85877b406152
11	25	7a08227c170efdfcf28261bf0a45dfb800bf8c575ceec80cacc8f0279e480bac
11	26	214463d701ce554d09d44a5869461b3cfbcba3e03ba74029905a87e7a5c7e6c1
11	27	a6a6da57876171a7815a939eb54b16dc44d42b7aeaef6feabb71f30d358f07a0
11	28	4cf8ae8c9946e7830135992d01ceacb7032a0dfd6db3e5f182ef2099eee82f62
11	29	f1932265b91236943a3d1ff4cf2edc0b150e33e107e010ade09182c33fd391a1
11	30	e33fb96cdc2b590cebc5416de72d29508b2120366fd273e8d84c18c80554c50b
11	31	3f6fcbc106924b7d27500457b8a65b7ab18bd2b97cb9381601c7084b0d1f6ff6
11	32	122f3d0656c15c8e44503daebfaab3928a9cb21c349b2bd38146713d85f9a0ef
11	33	5d2f5dea0adde4a4c0d47e91c4f207e84900cdf4f4c0ecf2d2e2fdfb7a4adcd5
11	34	3d6eaf3f0f4101b4a6435051eb7f5cdcbaad6da6016561324d6ea0efe7f8f02f
11	35	b5f9dec6f5f1f30a7b7e04d3ba334f87ffe878a8ae1c552bf3b73765e90134bf
11	36	e82b6ee6ada13f379be674d34b0df3fceac9cb6cbf65b30255539a1d85fade68
11	37	bca56876b0eda3fd1bdd8352a47553604652f3177906fe4dfd17eecfb8d4c60d
11	38	599e3539b5676fee18d4dcf848ee3a2c5dea7d5bb17cecfd41cc6b9391d06424
11	39	22441341cfe1dcbab33dd3915036a7f540154de5cd5b3850888d6c47af21768a
11	40	15de8eb6611f3bea509b3eddc0f47366128c5c5157480a5f97ea5b02e3debfc8
11	41	9f68f88d78859dc871e0509c70f3df72ede57457b5af60645162258d05eb7789
11	42	49386636ce4bc1c10587cd920780b4ba5c204dd3710a4fda2b2ad8e385785972
11	43	fb48ecd49d2665acd4efc8034249389096f4e6eb3026d268b877aeeaa8e85fd2
11	44	f8ef51c1d7503e5c28ddea03ee064a8246aec28796e6820e946d1e2d0b9e910a
11	45	1ab226817a542f5a9114951118c36f5970fe3d688ced632c7aaaa85773b3cbf7
11	46	538184fe34485bc98a6717b3af968544fd00917a2fdc41b6dbc83bab391c65ba
11	47	213fdad98504aac3bb8de63a56231e8cbbb07703ab7597f14ab7434eb1fd720c
11	48	22de728ede8db7051eff3ce5a163b7185115bdbe6a0f9fd0add13369a6bb1aee
11	49	6eafe775319630c6261c82a99953415c61aeb4b7a340c737039ae8be257a4885
11	50	1e7dc91ab379cfa4939fe2f8fae1597c34f70cde09749b0e8d4c9e47e1f97110
11	51	48ff201521452e6f770de044849a54d7aa9b75fb6c0ac9e458b1969b1ca988cd
11	52	e6b05587b1fc8bdf35c332cc9ac5d914242fd0d808024fe7ea83aa4750c08e25
11	53	dc33e683c567b51bcc11711c513b2b2df36f07415ee6cf5b0d810e4992170e25
11	54	2cbb9a5d63509db7fe3ff668988e1b984502a09a0b68168814124b083196b8a4
11	55	c6bb2b3cdadf4c87e2c5bd0a6e53219567105f44a0f37b5909804e9bb0e89fc2
11	56	44603c70df3389d5d26d22008f4af9eb95dfab53753a755db69d1a518fd4cdde
11	57	84ba1d95c14688a410c1641a8f28ca9ee66007b71ec3b296f243c1f68583f29b
11	58	4f6fe2d3eedef1aa23b359937859ec692a8244ccc47788466c90e5289a0d9ded
11	59	d940c1fb40bfafdaa44134c1bd4642fc1d212b48471a2bbc8b859860a7cb2d3c
11	60	75e444632d3b5512bd81180206044b1f4aab54d3a0179a5c4d4d99ab9e84e076
11	61	ebd84af60487d63de57a1f7d99820e525a12398430d72763e98cda4b4c9f684f
11	62	300f78c318e86b7d7d16e34c19641dffe3488eb344b36d16df947fe14ff305d8
11	63	3815606b3f1e41ec0402f2c58e087f02277238d70ca756af72a5ce04b2d91a9a
11	64	51e7b8efbfd4dcd55b06a78a9e9c17cf0d43a1a0ea0c269b1f30ff1c68e1eef1
11	65	97c88a4d1c4ce846c44c1f1c9ddaf99e87032a44689e331744efada9799d079e
11	66	87502114698fe7bb777c7b59bafada65316468ca11b8d3fc65017d213e934f93
11	67	d83b71620736b6059c18d10785d51ce2604ea65f4b1f7a10f6f0700653a1fde0
11	68	d27af74e4463c75a04338301220bfcc9191a1d6a8eb4ec1565511d907f4c9be8
11	69	314063903be3895790641c610b1dde4becec5fcc9d9338cf4a301c372833c6b8
11	70	d91a76543c1cc780e18728cf100cc63c6bf0b993f73598b78c8d50fabe4749cd
11	71	f16b17a1bdc5c9302bfe4c6ddaa114fa455c747da35a4fce4f9fc878b981a32c
11	72	a6f82df63c08cbfdcd6036bed27c6d0799c9bf80392312fb6e0916fcec59446c
11	73	d46b32bc9e3c1befa1d41b2be89e9556dd714a83f19a7b384aeed1721d4ccdc3
11	74	12c36ba06b7c7b9aa614a9d6537c33d19333e142199dbe1887750fa903d13794
11	75	4f4c54bfade60897408486351f66080639faf41436b9e7ddcaebacae5cf6daac
11	76	03d9c459aa361dea7c1408237df637424d782510a3a4eb3fabc36ed5254d55b1
11	77	d039e271ebb9ca5732dd2de87c6ca521092104093fa7afcc955b8ebc0017a14d
11	78	f28b9c8e058a2403d7b61361610bc11989558ecb24489ffd57f8cccb129b9d94
11	79	e791c38bfae57c5e25604d342bb9fd5ce95f36515f9864bfa301a5ed9bd321cb
11	80	188ad50c02c702871427aa6c38a4c60b25eea910eb000e3de04c045af6909ac2
11	81	df5a334fc78af2c1e27dc6447d12c883dbe270209d3ff62c65b24ce08cb11990
11	82	a21677b0030dddcee9341abaee9a257f44916ea204ed219aca0f4960d754b1d9
11	83	642c36dbf24e12b2a2ad448adfa6cca12be709e7ae983b1f34b10bda0a25c593
11	84	c6295c976077dd9150df1c4555e15d00546981b727bd7e77b9958d111388bbf0
11	85	d13d20d6175d1576e5f6055357ad07811580fa7d81462104d3e4662b9abd5bf8
11	86	a6162348ec6f771a3c0965d9fe1638d241b3bb95bd13c0b9f98aaed2dc5b42d4
11	87	599e3539b5676fee18d4dcf848ee3a2c5dea7d5bb17cecfd41cc6b9391d06424
11	88	fd8fbfbadc5f299519374295c9bb61bfff22e3c6b6320b7e4779178c2abf7fd8
11	89	599e3539b5676fee18d4dcf848ee3a2c5dea7d5bb17cecfd41cc6b9391d06424
11	90	fad0eecc3d1942606502c84ff4d671edf70c94d68c78a327474a4a7c702f2cca
11	91	a7bf19504b3dce82a9e86ecae01aaf61c14bff75dde8c31c6ea8accdbf9adc4e
11	92	0dfdc11da176d8b70c484a1b5de51b3bddbdb1a266ff398d429c2376545f5cbd
11	93	599e3539b5676fee18d4dcf848ee3a2c5dea7d5bb17cecfd41cc6b9391d06424
11	94	f7a20f39e1b5ac26a4c344dd6dfc33dcaef433abbd374ea36bb9f252937e4dff
11	95	9bf0eddc785d29c966ba4fee24b5f9d2888777967b5a4479aa39b7450a59a47b
11	96	2e181d9fba0f2b2e051a849b618c74dbfb62954a62b465a1dbc7f0118a25887b
11	97	4703303df53df6c12b1d40008c016793e2cf10de75920b35d987f685dd1c88fc
11	98	7f4dea173587c47e8b8e09869bb570fc017dc1941981fe2103df87c05e08f3f9
11	99	dec3ffd0cc6261863a3b409919ef28ac13b5b80e5db5d506bbc20f2a716339b9
11	100	0fa10805f709cc2b5aefa530e324ebf548e36f1027c72d0731c73e0bd848b079
11	101	c6afe92b30c16f75120925aad1a921cf548ba3d779968c5371104602578dfdb8
11	102	844cf1588790d53576a44dc6b46e27a7d168550c140d86650961910cc1fdb622
11	103	31666a4b94fa7a7ed6c5204bba3e464429d2b99979b303ed1434211565f3deb0
12	1	d1a347180cefc1e8e6d70bd52d510c7e37ea47cda0ec05931910f21de6480b9d
12	2	3f7af95947c50a2ea24cede79a10c05380201691907550ab4bca42d4ca6cb147
12	3	b7ba941da90a6fe293863feee88f99fe2d13b886c5ddae01d4cafefc44dfb92f
12	4	70e94772391c898fc46bd348e3c59f679e1831e78bc7dfd6096a8df5d1d3e1e7
12	5	2c97549a7f2005a22d097b2169292b8f11e3b71690598295b8d84a050d1b42c3
12	6	a55eacccf8e5c6003b5d758f8eb5ed1d61a9a94ddd3844fb17a3af0fdd424f7e
12	7	6a67652d4b01fc4114a72b063f2fa23d60539e14dd2c1ea5c21862c5af9feb30
12	8	3b731923bae83ca77738b0c737c9d140ee2aa81c88f7f4f8d6664e418380f4a6
12	9	1fec79fd958d37c1e6a203b2a0c55594c384d86813cefba603c2984f774979c9
12	10	1e28a03b6b37763dcca476ec4ab37166f9a17e842d2168782cef4bb4c94c52c9
12	11	ada682df6d978550af05d7779e765b9726de5b20dbbf9a6ff1922a80f085e7ac
12	12	c98ced2f1b6ca87d10bbb62e583688cd4a4b3f0fd7b31661ef8321e82f49294d
12	13	04c796347379dc56163b79347c0b57801bf281d70ab3a5dd4071ae3b87a8e663
12	14	e13269b332a1ef7632fa95cf9f0036c755688ebd7923d580cfaf914826ac83af
12	15	6cff89873d72a652e9b1320edb012f4c567ecfe3c8d8b0c70e8a6d6874436c98
12	16	fb35922b09432aa14e3a2476f5841a01cf13f9183b45d1a47db82529cc4714de
12	17	3298e5e1af49898fdb5ac849bf463e6caa6dd11e386cb02850e28cb455d9f4e6
12	18	83c5eda9e86bedb9afa5d19f10712ecd7a29d7c1c90de59dc111ac4e2401d1b8
12	19	85bf803e348d2a3efbab8df5296c8b529dcf5d215e6ed8a1f57c2ed1d541961a
12	20	b7c5dca7cc89318b6afea6c9f6020a2a9d51bac5228f673ddf99a8f624ab7e97
12	21	a4d2f14cb16007616ad51ebbfdca45a4e3dcf6013446bd4818ef87e28216dd97
12	22	ff19641d5e1b832901a5e6ad5caae5aabe73e6f5fefe1e947d97ecaafebc9852
12	23	7e260fe755d89be94f0431de0ad246760724d2ae268d17bea8523b8e0628ff9b
12	24	69fe2961d46390a200fb7407695e0b322358fbbd28442b4fa7b2ea3c256330eb
12	25	8101c9923e8d95d52ba7209baff1d39ce45c6d1aa7faf001564a8db5c5e223d0
12	26	18a1920846dd1e97121a787c9bc144dfea36fd63124cb03fd7c3c185df27abe1
12	27	a15755e5eebb7ad0039601de770d2ffc19092975e95d66c8e13181228fc8da4a
12	28	f97ad74bb3f26da16f1778ef5817f84f35988e7faa1d0276b7b74cb26ed82afd
12	29	e3aa4799f159d69ceae0532300313044179f8434042657f29b8bc321a4a41a0a
12	30	6b4116b0267bc903bbab4391e5aa5b0a332dfe966c69fa387c25c59f414dbedd
12	31	20239283e049d80f8312517fb69988d6263a703313f4fceea7232dff2d62d779
12	32	1dc439278ac70a0ffe615dc8b3137cf0a8275877c9ff835d15621eaa3c192b38
12	33	2084376f412ea0624d4176efc78e289805319821b810b4d88eb873935e308bf8
12	34	80bd2005852369a1f9e0d70ab42b23b5a60516e47b048e0051b8a85268413371
12	35	3dac47e48a3c2272a00f5d52cc244f30feff900c8e88ba0d4205f9702f283489
12	36	f98eea5bc73b081332b1e907c98ad50880766279bef13003d1050347e462a9be
12	37	6de09e9305ee3a981a840bf12dada21c200fe7e120b757e0df92b0adad7b04cc
12	38	ae83da79414be634b7d4e312e1e27e4d834626fcd8ddfc1b4623fd3af16d8b4a
12	39	fbb5d6065e1bf4c27d5f62b458f5a485155a3e22a05b434605addf3b5253b5bf
12	40	ab82e4b4b5c5eb526b3d7933e243860f464f60c1566cea5e9f2a6edd4ea0baa7
12	41	c20a06f1a1197f260df094b016689fda6c47d52b1f80dcfb7f4ae7277cbe0437
12	42	89c90721678ab6369fb45ba1c48b132460324abd076bab9f1c092d525b4dc261
12	43	60f4d9bd3ccd2cd7ce5221416233aabe8a1b295dbb9f24f4bcf005489b5dcde5
12	44	e990d2f9757aefbc0c2e729415dff63295af0c8b7aa80c627af4d2a88560d437
12	45	18c7506bd369158e17b30aa9f6db1fafaf4a2019ba9996d276a2f73ab463e6cb
12	46	1af1b02e9996d62664b4614eefe4c2dc250d352c51687738f2824f0738f9fecb
12	47	19bef8c4d58c50af679f7064853b3902f801961d90316335e4562009927d80a1
12	48	3a95253d3dbfdaae5b3d901bca8be629f006b631e5300954b7ff80115f8549e7
12	49	11811fb04dd0c16013c483627fff59ddf78a1a840f0be9b562dfaf6bf45dfb73
12	50	6ac511af77a9445fac90556ea65f5b014e91f7a3f5f257c0a3be6b53e01f98fa
12	51	54bab0de4495ce2aa6949db34fbef9009a13bc33bd31740ec38fb842c4983d1e
12	52	f6715017d63d4ae973bf03a89e0fc824a528fa280d5678d469b7971b8d0a8488
12	53	057a84962a9bd24063444ae519a1ef70fb48798acfa7df045a1b3fd443888b09
12	54	c1cb86211ae82558f5922117996a06cb6647089f27fd4200ea861ef1cd4978b4
12	55	577ab2782de1aba45cd53b09820a534bb430771afd5b5345b6fc59fafbb16769
12	56	599e3539b5676fee18d4dcf848ee3a2c5dea7d5bb17cecfd41cc6b9391d06424
12	57	d6d771b565ecff9fb6952c9d87308c768c2ba581cc6e9a4fda97e7fc7c92b7de
12	58	2c7da86e02b176e8d993406df1ec4338f12a5044c0fe0401ec024c9d2e4681b3
12	59	214463d701ce554d09d44a5869461b3cfbcba3e03ba74029905a87e7a5c7e6c1
12	60	3a33f658b2282c18de34d07002d7674025b83bc9ff9d1ec5f2aac528f548a68b
12	61	340e3e694cbcfc08b6fdcf69d662c1c12e783f80f2c12fe44b19537f4d85dad1
12	62	8b1478a8da78d16a4e0d4745d930c20f5c761ed4e7e59ff9a73da73bc1dc93e1
12	63	014e566a0b87a5cc2f2990ee8364846c17156eb0fa170a38d1540a7e8dc13015
12	64	7e54b30af6005b2d4a30bbf9686d526adae616eeb488f14e94317f57b7ab43f4
12	65	07f2b028638d092241dae57f556e94bf17b4cb24854dd8cfe4e2f692e92909de
12	66	94fbcc5e2d7f2cd9bc3700391d9165280f429ba59c59dbeffe9bdde7d5d090b0
12	67	54831f11fb91e7428a794b56a9322777ea3a0ae318a9c590e347a5265fa318aa
12	68	019f2d0e9e174d9153425b3fadf1ea01a3e1a53d02d1b6912529e3c95f73b998
12	69	214463d701ce554d09d44a5869461b3cfbcba3e03ba74029905a87e7a5c7e6c1
12	70	dda9b7014a012ab3f38765cf695793a8368d6e696889b23427cf65e86bc578e3
12	71	42553e6c1810077e1d3f290e3ac4286029ad5b44806dd92041a8827acc5e28a1
12	72	1976c0367038b793fa830b00ea530365c608afff7ecc677ec78181f29a38ea42
12	73	234d754d9be33f263b730f58773d8d4fa62b610f7837ac25a905c2435b01f48e
12	74	dc9ab232b2a1bc1c29020556749907380eb18961edf5664ba453df864db164a9
12	75	0da5fc6f166ef5f7b7ff90537d8ee7459db67a43cc4e04836454b5ebcf4a022c
12	76	34f0abd7cacde85a4fcc8ba39db85c53f120d26cf0d9b43b87da12dcdb1d4151
12	77	96bacc2cd58bd4bd7e5b6a17ba44eb15098f6d4739ab1984f36a3e85bffdfd1d
12	78	5f7ad544d0a20cf1a1cb14ec7457ae1f5c2d1102566bf081b9754a84fdb1ccd3
12	79	133d6d3b09fa5e6b49d3bcc57b9ad56f7e09930808285a6e800c15866730bec6
12	80	034560f7ea7e04c959f36737081fc3e2b8478b8efdeb77fdcabb61916c388f2f
12	81	15d67ae4aeab5cb22928a56a62ddc2d53e4a9aeec975ca7fcc7f16f7ee4743ea
12	82	cd81d7127f13267876e37fa7d87adf06f8f2951ead93cd54eaca4d34c1974933
12	83	ffa1b2413806b9d08d9a99e9d2c225b86842c4fada487255bfa6cbc35d9bcc3e
12	84	853657842268d00347289c3d5ef2fbc427840dd161b4dd6fe4d86a1e4ad1923e
12	85	48cd7edf86c6ab9433e244264ef115c20b456856268c789d212b3c0a6d594e88
12	86	6f6f5a88fc13d00bc0c62b3f2cd0833cdeb38779f4b1ed674e28870dc8837479
12	87	a6c068fa910c71520b90cd4eeff5e41c3aeef7101e5182efdff55f0a560d6a1e
12	88	b900e600f12333579d9d22a548a9c3c9471c0fa8d2b917194a62277fca010f1b
12	89	b2f087b8304b24b075a8778332e491db5b05b40b56bb4dd5e3b8e94e21e5d4fc
12	90	de8cb045b02560581e6ef340cd4e2e736f2a05c38dc58305f35dc39dc242e2e3
12	91	919d69aa12ce73629bdaa272bfce15d06e38635d2896a6d0ab6fd25d5069489d
12	92	dea543703ca2311496e9a24ecf49d73985f6f411314c28ea18a6fbf664b4039e
12	93	d4db589e782ee8cdaf7a8a8339e1301d5dbca419fa7d03eaf91126462c6662bb
12	94	0207564ec78e10b6dcd0ff3e9fc9d707bc85eebbd0ed4a2373ebf549238e3c35
12	95	00a13b5f8dcab744b56338d7d5ae0b3e9efbf8bcc10a9a19d809cc48862c9b2f
12	96	a09f2942b25ed14afbfadb1c546a3f647f04e0663cc233a5daabd767a9527f12
12	97	017478d3b6873fe415633044008e3a280da47494586ac686e6e1608e614c667b
12	98	e99e404dce62897eea5fb4d0ab7d2943be2b55384b893ddb57ebd5118c3b2f7b
12	99	5a3e8d12266c999ece069b7f5a03cf85a13477bb5edc24da8b0103cd1b981998
12	100	03ce2e4f93bf12c5078e30fca77725117ee22d7baf935846c1e6d23f495f81b1
12	101	6c17ecdc2ff5f91e4ecd338f235e0d77c31c7d7b7aa20821bd42a7a45f30d625
12	102	967d86ddcf25f746df199b33f0796da4ed566274aaf64272122b967edf93c663
12	103	a4f3ec90b738d9f93f4109383b191caf10ef323f53ce5be69e5a8cf8d78ace7c
12	104	b85b1a1e6989298187586a02171d1c6c08bd6750151c8c307985ad17ff22a46f
12	105	65cb66d24109005b1f8a5910de8bdb72cd7c99f38844a3441f5ec01e08f9a653
12	106	5e41c985c02b956ecafd8e56e84fa530ed4532d37d60ea230d4391a31c426a40
12	107	803519e713807769094ee7551a432cd91c0d9bed77ee3ef142040153ed4fe965
12	108	b7f0f078b713dedaba3b5c186ef5d3f1863795ef7c7cd8cc0d0eb72039431b74
12	109	89dbbdc98ef0d8390edd19509111d333e5d9531b71a118bc9166d2a2442f1ba4
12	110	7c6e2f74e47ab1e4e5da3ae21e6a477b68c0f286cbc519246652506b857d71b4
12	111	87a45b55ae5396b71f70a703d45c13c04e7355434f974fb29d3bfaf093f25f19
12	112	3110f95ac87e5f9e9a04c9cd1c4c88c56fe58fbd504522e89d4ab34213ecfdf6
12	113	31666a4b94fa7a7ed6c5204bba3e464429d2b99979b303ed1434211565f3deb0
