1.0	aea2f8830f94d4ac
1.1	11a3311430bd8e70
2.0	ea437f98a3656db1
2.1	2ee66d06ebb5cdda
2.2	08a4e708818358ad
3.0	cbfd19a21daae522
4.0	07890eb38badfcbe
5.0	21a764455de3f3ed
6.0	55da94b5cca9aac9
6.1	c16fecdc4964ce45
6.2	ed69fefbbf09cab6
7.0	d80f5d3083227d9a
7.1	d756d480b3df06bb
7.2	bd06f888c3b9806f
7.3	6d6f9b2b4924e77f
7.4	fab0e43fffd2368d
7.5	010c83e90e934fb6
8.0	b6332ba6ba773b54
8.1	072cfbfb660a2f0c
8.2	c60c9192de9f144e
9.0	de1b6f92ce3482c1
9.1	c1d711392ebffd41
10.0	f5c144debf5730cb
10.1	a40455bbb7dbfec2
11.0	ae2b35347cfcc98d
11.1	4c46075a08bd63a0
11.2	db1e88bbb84990fc
11.3	eeef2b7f0ec8630c
11.4	5ed4c76773236b4a
12.0	324a53a958bf3aa3
12.1	5d387ba5767075c4
12.2	4317491a0a8b05d6
12.3	ba5933a1650a0096
12.4	f0f0703ce847e2fa
12.5	e570b5b6c6c23e8d
12.6	c8cb7e801579e0ed
12.7	e83a4c7986d8961e
12.8	c9fa6b9626138c83
12.9	77afa5f1c4ee884f
12.10	81d731a2ed85cae1
12.11	121859f4ab32bd76
12.12	bfeee9a472400711
12.13	bc18fb264174de54
12.14	b780e5a60820b03f
12.15	f629068e0a009301
12.16	ffbdd8179465876d
12.17	d68d7aa706a25b47
12.18	ad2854954bfc29fb
12.19	428ecbc22bff885f
12.20	c5403706b3fe69d0
12.21	8d8bb9d04d93e315
12.22	5d24010fa7905d6d
12.23	30989511cb998be9
12.24	c9951aab80d1d611
13.0	8e1fa93a8d2a76a9
13.1	151eae0bc4c9ebd7
14.0	ed0ed6883f1f20fc
14.1	5674f61b08b74503
14.2	855f62dcfde46ece
14.3	543a062b7c83d433
14.4	7f309eba89b9b022
14.5	db7132a3ea2fc4e1
15.0	5a0d17d3620a3ab1
15.1	0a7620f9bc84da79
15.2	d9843bfc0e0a6509
16.0	67e7c41b165cd3ea
16.1	bec1631f1d5f7b1d
16.2	905084fc96f493bf
16.3	8c523339030cc504
17.0	6bd2f1dd652cbc6b
17.1	f043209f044ecb16
17.2	acdda374f0acee3b
18.0	276993cc8c1b6830
19.0	612d34983de073e6
20.0	f6049de2c5e02908
20.1	96b4967dbbca2162
21.0	f5a3cc7c656ba762
21.1	4e570095d37d3c91
21.2	1a150c1c5ec8852e
22.0	106c298249166a87
22.1	840e701fc37b5d6e
22.2	8113f803436eaf26
23.0	c14709dec4f6f6a0
23.1	1b069ce8a9b9c945
24.0	d6be6ae656139e09
25.0	a70d9bcdf3346a2a
26.0	ba7551ca303eeeee
26.1	8f0c801b234bc0c1
26.2	ed9b10df576f4d80
27.0	ac2945c613597516
28.0	58eae57a84ac90b0
29.0	5d644134d0d5814e
29.1	24bdec2b4b6987d4
29.2	273833caed4e0cbc
29.3	9ab68b80388e39bf
29.4	add90086424a349e
30.0	0757b72adf4456aa
30.1	da4493c0df2f3ddd
30.2	aa599dbb2b6c9b84
30.3	33df45480ff0f5f5
30.4	2d9fa91db987808c
30.5	cbfff44ff082f5dd
30.6	74759a36fdf575cf
30.7	31fafa16027155c0
31.0	7e7596eef696cb16
31.1	fb10eae670815d26
32.0	9d742a0ef1adca35
32.1	4813334ae7e388ee
32.2	28491360895818d5
32.3	20c208fccf69ad94
32.4	d3b7eea25e613419
32.5	14bab4138484271f
32.6	89021ab546b92318
32.7	1a675d2a1d0bc8e0
32.8	6fad6a3df491af0e
32.9	4769a1495aebdeba
32.10	c90a2a94a543b84e
32.11	d835a0e9abd085c7
32.12	a6b6a578eb7e68ea
32.13	607535d301fb94b1
32.14	01650a63e4b5f9ee
32.15	4cbe2540eb59234f
32.16	aeee6687c3731acc
33.0	cabb89a16ad86f0c
34.0	6977c7a2754f142a
34.1	ca35bfc75462fc7e
34.2	06d28595ccf2f7f3
35.0	402dd36736ab31c6
36.0	bd1c15a37e6805d8
37.0	acb258682d604d54
38.0	9ae8374f2658e29c
39.0	37e4e2fa7eb62672
40.0	ba8bf5da4aeff5e0
40.1	fa04ca05a7e503fc
40.2	fd4411ef7c0e9d01
40.3	652636982e67e37e
40.4	61c4f13eaed991c8
40.5	ac166a30606aa476
40.6	8f03e7f344107087
40.7	96d60c338e6558f5
40.8	00e4965b6fe37d6b
40.9	0e480714023945a7
41.0	1c322adb96aaed05
41.1	acc73e40f6d5bcce
41.2	a013f4a1b1864ea2
41.3	71635a8e30c5bcf9
41.4	05d91aa411b7a50d
42.0	393407912952876a
42.1	95baeaf486bdbbef
42.2	87a11fb437bb7263
42.3	ee03a5790fca8561
42.4	79edb11fedeff18a
42.5	f0a0825d5e77e45f
42.6	1b5a5c6b0ee866bb
42.7	8661ff0d319e5f93
43.0	8b966eb2978019fb
43.1	3703ef5e98490761
44.0	a9b667d0fca8f1a2
44.1	273323012ac8482b
44.2	444b8b078902983c
44.3	bccacdd11b9fdfb7
44.4	062e360e0aee0969
45.0	d119c1dd4cca7b1a
46.0	f04017396e5ebed4
47.0	ac993c5279c911a0
47.1	cab301c5abae52e4
48.0	40df249fe9db153f
48.1	3fa5bd25ac1117f3
48.2	2607f1eec6b097a1
48.3	12eb8bbd44556cf6
48.4	6184b3917be2051d
48.5	2a279cbbc1616a9a
48.6	dd372a0f6f33e1f7
48.7	cc28c24120d0e8aa
49.0	4fc0df4ac4831d36
50.0	da10b50a10f3db75
51.0	87325abff3f32529
52.0	b5db816371b44978
52.1	84465d2c67342236
52.2	4dd9a17ca1b15f72
52.3	d01466bdc813c88e
53.0	7292d1a3b791f306
54.0	df0f5772bc067493
55.0	8d6c64a76c09d9c1
56.0	e71e4fbd1049bca2
57.0	5f1039852d1fb11f
57.1	eac2acc7d5d41832
57.2	12734c5bedcbebcc
58.0	b55453a8d1b67234
59.0	ed04dba11c30e521
59.1	52817932343af081
60.0	1c5d40825263fffd
61.0	c994655f3d3c4f6c
61.1	c3b8271a17ccd85f
61.2	ee5939a30a25d41b
61.3	98c8a19903a65e9c
61.4	67766bdab4142ccf
62.0	1e09f8565f5d8c72
63.0	fbb55645402fbacb
63.1	ff7abba831fe3efc
64.0	0f9d0fd8f1e846d9
64.1	f72c64ae48766827
64.2	7e41d6de0c122c57
64.3	e0728b02aea93747
64.4	e647107736600f0a
64.5	5a73a8f0f9558a6f
64.6	5281b1bfa1b66356
65.0	92a28013ed27f42e
66.0	c9e0aa740cbaad7c
67.0	617e32a5e07fa028
68.0	f2e38eb463cf7c86
69.0	4b4ef4d92c92fade
70.0	59b4a8d276663738
71.0	31b28b561683a52b
72.0	9482bc1b7589dec5
73.0	52c101eb5b6bd6f4
73.1	2d094292650909e9
74.0	0600746665f5097c
75.0	f9c70b90dfb8d7d0
76.0	bd7ac7236be16a22
76.1	ea4ccbbae367d5da
77.0	763ddd1e50d19082
78.0	d543af0f3868a9b9
79.0	c2035b9ab68cdaa3
80.0	3350e23808558259
80.1	f443da1e2cfcad76
80.2	cb3a77c91d207fdf
80.3	8a0daafd5dbdee2d
81.0	5bb869da06a4a243
82.0	91e127b25a4ecf98
83.0	c4402efdc0adfdde
83.1	d572d57797633d2e
84.0	e1e44efceaea2c08
84.1	4291b43c4df6801d
84.2	544e0c67ab032ae4
84.3	f1cf9c642d5e49af
84.4	a17add7e1f203d63
84.5	a4a2469b61e4d3eb
84.6	b0517ff368df765e
84.7	2b1ab5c6ee844d4a
84.8	e2aa91c0e5d2f75d
84.9	7307d26b04a4ea42
84.10	42eeb3aadb07b637
84.11	95f0a9ca5088776d
84.12	5382fc65cf6a5fcd
84.13	c5ab56f000cb151b
84.14	982585688be67319
84.15	7a0f4c0d5450963c
84.16	c7a6658bd6e42c28
84.17	25f19c35c2209c8f
84.18	9106edf91adf0a8b
84.19	bae34098ab4d9078
84.20	aa0d8ed3fba8d788
84.21	f9fb43694840936f
84.22	91d5bc9d9cb96467
84.23	c6336e98dbf0705d
84.24	74f82bd318fc1019
84.25	db06884505e396eb
84.26	f42a6ced30488c05
84.27	a685a9daeb3207c9
84.28	92de970b7b1158e4
84.29	ff0dec48f55e2a4d
84.30	6e5aecf5e538d185
84.31	51e30971f6b351e0
84.32	a6fe71298a1a63e6
84.33	32856bca6b087840
84.34	cdb57944b86fdb2d
84.35	ddee01eb7b0e8ecf
84.36	4cbd4ec99b40b366
84.37	907751d4b74173f4
84.38	1b48369ae1bfa964
84.39	bee702d6d7c519c5
84.40	f315495c8e679d1b
84.41	2b4bc10fd1a2ddaf
84.42	0f56230542bf7a83
84.43	7bf2a8831aba2343
84.44	e26b368356110697
84.45	07d634b6eb72ff41
84.46	74655965d05b2e38
84.47	7ce5c37d7db54b45
84.48	f6cf8701908395b9
84.49	b40007539727da3d
84.50	070440333f7e2659
84.51	d295587bdd0eb499
84.52	ef4e12b31709682f
84.53	2be8db847a4cc62d
84.54	79d101a45e9cc009
84.55	ba4573239904ec92
84.56	7804433344b70890
84.57	f93543107569b88b
84.58	e9e2eddb9e334b89
84.59	04211f04859fe957
84.60	abdae5d80481d70a
84.61	64915a7a15e3ab17
84.62	bf2045682b1556d0
84.63	b33c0d2f33aa6028
84.64	0e1eb18ed9fd34c1
84.65	326387f1a6abd269
84.66	ead9a157c5618825
84.67	8612e6c1789be25a
84.68	063ca64810077d5a
84.69	cabf285ce83dcfb6
84.70	57a7532e54f4a0c3
84.71	9c64b63aaf356e2e
84.72	cd0aec85826863e4
84.73	5f67f4c8ba6706ca
84.74	9dcc2b9012b2aaf2
84.75	eba7adc9a64c088f
84.76	2b9970a273aa3f2d
84.77	6dc9886587ddc0b4
84.78	31bd72629a961b8a
84.79	20f1fc132ee4d71b
84.80	669b356652eeee69
84.81	f0ead5d25eaba8e8
84.82	99708607566967a8
84.83	4c72e6373252151a
84.84	3efbd7cbce2e1291
84.85	0e25a16d59033459
84.86	bc6126607b16e906
84.87	3d247c4b1e10559f
84.88	556cbafe61bf3b77
84.89	67585cde87cbc92c
84.90	c839dff0e2351889
84.91	5be1b2d888f25c60
84.92	ee823b0e7088e042
84.93	1173b10e147c9874
84.94	a9df890f1c75cc65
84.95	1b717e1c1ad47eb6
84.96	9d0bce385599109c
84.97	37dc06f539c2bd49
84.98	d1d8b46559c2837a
84.99	b34dfc2f72b4b7d3
84.100	6e31256a860d81ae
84.101	9b07cfc009111d8e
84.102	027f8a2fd88de9b6
84.103	7eb1dbfdd2e16210
84.104	339b5c58770e16c3
84.105	76915a4e2cc6d76e
84.106	d04827f343e0aa3c
84.107	ebb27fe7a2a5d147
84.108	4d78ee77c63932ac
84.109	d1a9a042cd87d635
84.110	792fcc9fe5392867
84.111	62c2b5dacd166252
84.112	eb2de78a316ef2be
84.113	eeb64fe085ddbbe9
84.114	f196f2ff3fdb877e
84.115	d3a6895759a263c6
84.116	d05a9e41c9027f7c
84.117	caaf40aa42919423
84.118	98f922e24509f35e
84.119	d32a5bfbb4d6f5e6
84.120	9e9babb96a2164a3
84.121	a05ee219bb2bafec
