1.0	0cbbd855d6c9e511
1.1	bdd7f2f04ac33ca5
1.2	d13cf79045f9055b
1.3	e43c8be9d65e7099
1.4	7b16e1f2c0a3ed37
1.5	1124bdba669a7510
1.6	8d8eef67071cd548
1.7	a8a52194f3c4700a
1.8	c32bbe8f21842ac8
1.9	e8ab86cff8e51855
1.10	a148cae96ee196a3
1.11	422e85ec59c5e3ef
1.12	7a5a929af8e32705
2.0	0cbbd855d6c9e511
2.1	d569ea475b3d9de0
2.2	64dd7aacc3228e8d
2.3	7df90ae2e7d2b3f2
2.4	2f7f3e07d683e0df
2.5	cf8a57e8003f390a
2.6	279c4c81a800e346
2.7	e4ea52e6abf00b17
2.8	d737f88d9c9fac00
2.9	cff664425c2d8065
3.0	0cbbd855d6c9e511
3.1	35242ac7704b23f7
3.2	0520543187baf9f1
3.3	4aaa1fa86e2cd45f
3.4	c5e80f4ae8a025a0
3.5	5fcff72ebf48943a
3.6	a1efc36a92164334
3.7	d8fa531ed3c1952e
3.8	11590ec92914c24c
4.0	0cbbd855d6c9e511
4.1	0dff46efd1b662ed
4.2	95f9b8dde35f1b79
4.3	2850efd634851520
4.4	18da271c5222a034
4.5	45037cb6a8ad2992
4.6	dd628be2f5538c4c
4.7	e50f663189c87a87
4.8	53d041d7de9844c8
4.9	601a41ff659584f1
4.10	79cfcf07a228ff6e
4.11	377acf3640480a67
4.12	8c70f24bea4077dc
4.13	eb7fd009b16b97a8
4.14	06443ad0ba808bde
4.15	cf87b23d0f70cff8
4.16	2dd2b0d913e08325
4.17	2f0bc157dfd8c111
4.18	058b4c4dc446200b
4.19	1b800b6bc5ed3194
4.20	a65bf3c4b4c73b76
4.21	0d89490b78ef7018
4.22	cfa1544d343d6555
4.23	1b2bd497ff276d5f
4.24	efd459e3f398ef59
4.25	326f72efdfe82d8d
4.26	4c8cc52a0f74ccdc
4.27	6586db280ee2e75a
4.28	8294c379d41c458d
4.29	23212c2b8f923f94
4.30	a7b4d8dfd124494f
4.31	666c6c440acbc783
4.32	10b3244d4a1620a2
4.33	20bb48bccb4628dd
4.34	c3a62c647084d4a7
4.35	aad0659eafa5319a
4.36	8521fbcc52336413
4.37	8e4882ee73d024f4
4.38	b7cfe01e89089d89
5.0	2278a7b8908737df
5.1	50e2dccb8afb7b7e
5.2	7beab7ffd777928c
5.3	6ffb550237d2e012
5.4	a719f37cdf791be7
5.5	602a876a545f2c0a
5.6	49b0ba85effca8cd
5.7	10052b32460699bb
5.8	76902fbd27623e1c
5.9	66d5ebc697e728d6
5.10	b8c998fa233a8a7f
6.0	874488db4f690637
6.1	f7d68ccb97508012
6.2	c77dc7c955083a91
6.3	268cfb7176299477
6.4	8980f73676aec9d5
6.5	043c26b24232e14c
6.6	41de5ca7a727c8f7
6.7	aa683ba3253c0a7f
6.8	e8393359f7b80490
6.9	76247fb51cbbb453
6.10	e601e47209c72d7f
6.11	d14bf9c0a7b7aaeb
6.12	64168e8acf54c0f5
6.13	9b4df261287f6cd8
6.14	ed334ff05957040d
6.15	e1f4d8af96692dde
7.0	c8fd4a9860d3742e
7.1	449872e2babedc6d
7.2	29e669b289e4b058
7.3	2d9ef81e03e6c951
7.4	b3c980a905155d0a
7.5	cf02da4f2ff25335
7.6	f6d6246d78d50abc
7.7	03716ca7a0b20303
7.8	c43e5b012628ba40
7.9	f29c42e78d06ca70
7.10	9e7d045cd40bba19
7.11	bc08cb24f99fdcf3
7.12	7b6daeb5c70502c5
7.13	5aa4df22f0cf76bc
7.14	53a4a91ea0d5baa4
7.15	995473fb73c65c26
7.16	76319f82af4f64b1
7.17	6f7584cb8fe6bd45
7.18	b9a3bec898c0a289
7.19	cbf8cf96bc5100d1
7.20	a94a223c516b2533
8.0	a01f74c2b8b05ed3
8.1	3968e6fa9e3d7ee2
8.2	2827a573371d8957
8.3	79a00df35e6b932f
8.4	af0047825aa773dd
8.5	c912961e884e34bb
8.6	ea4b726a4e5f7492
8.7	adab902d73971749
8.8	ce3a8f771161f95a
8.9	b5dfc38212bbe6b9
8.10	48f781c8f6756136
8.11	a63f136c98809870
8.12	3e314d14822ff1ef
8.13	c2ef4751fbb06a08
9.0	3e3f535aeac7a781
9.1	5d583106f0e53d7f
9.2	52862657c5a6eedf
9.3	e3b93dda55aeaf89
9.4	b7bd837f4b26110b
9.5	0d1c982b02c71342
9.6	28e733c87d73c1f6
9.7	d5abb2e3e2401711
9.8	58728f86ed125d01
9.9	c461d521b7c037d5
9.10	b2b0c7841ae44c4d
9.11	2be307028a68044b
9.12	7c3fb34d0218f0fd
9.13	a94738e340f09aa9
9.14	ec227bcb3bf49f3e
9.15	ababb379d1e5d076
9.16	659991742dba01ec
9.17	78c5a6b0d6a95107
9.18	65271c5e47525874
9.19	4388a39338c9ab0b
9.20	025529f62ad072b6
9.21	3aa08d9e5563affd
9.22	c36293243cd1a630
9.23	62c04fb47bbbd165
9.24	e9516ad5a28b6f4d
9.25	945d2d59b0032a58
9.26	460a8302db377fdf
9.27	1ff379d1ed8bf7b8
10.0	b2a787c39d4ffb53
10.1	7c8e66287d1f02ec
10.2	18a52bfa43506c84
10.3	6e22a4185cb04639
10.4	85ca431646c179ba
10.5	3d4b9bbd360b0e52
10.6	c1abfa37f83d66c1
10.7	b8f11f83f5bf75f3
10.8	da3f8dda0f8e3429
10.9	a142bdaf74d7ce83
10.10	d95680372eee45c7
10.11	caceb94dd2809b86
10.12	8f7422f85efb1fc7
10.13	95f1fdf5ab7dcb44
10.14	9dbe70e44bccb35d
10.15	8a2e29087e9006fd
10.16	0421358c83b6774d
10.17	7a791ff4d912b71d
10.18	4f2eec11129763ee
10.19	a5dd2167a5c7c20f
10.20	7540b9150d8ae840
10.21	e4ba9323604548e7
10.22	8e5f164d25c6ca65
11.0	cb8cb96c62bd7d8b
11.1	087ed2c006350684
11.2	0b270d369420ffa5
11.3	f3705409b03c5500
11.4	cdb8bd85c033e742
11.5	fbdd33429bae652e
11.6	88a956aacfabe967
11.7	8472bb6390e9f3a5
11.8	23d180456b091697
11.9	606cb1d7341a7176
11.10	9730eb162f720bd9
11.11	ed12055192a5de31
11.12	7477bd0b4db2a118
11.13	a351432a0ebe4771
11.14	333cc934493a0d1a
11.15	d3e0439fd016d46b
11.16	5fe70b9274eb53bc
11.17	83d9354d14fb955c
11.18	1c32b9457ccef1e7
11.19	a8a918570a9a4941
11.20	8273ee8e65b351a0
11.21	2f08b244d1ee8c59
11.22	d47083cf8e4598be
11.23	fd814c6581470795
11.24	def307744a1d19d8
11.25	e4c44aa21d00263a
11.26	bf7634f7dd4c6703
11.27	e299f888963def28
11.28	6da4278467f218ad
11.29	110352bc9a342cd2
11.30	2a36379af1f73b0e
11.31	24e879f0bc4e4e7b
11.32	1b82e073fd7dcedd
11.33	9db41a0135f0adf9
11.34	045161912ab20185
11.35	b416dec86955bc3a
11.36	9f1c84087a35b9b1
11.37	51aa70afc960e2c6
11.38	4be75cb3cdd6a032
11.39	9fe68023891738a1
11.40	0a4996a977b50375
11.41	9b547f5112bb9ef6
11.42	95777f192afc9a41
11.43	647942ea1ee40949
11.44	a38ee069019f633f
11.45	098f6277d9b64ba5
11.46	858eaca5b29573c6
11.47	c24d333d2640ea95
11.48	16b77dc19837d330
11.49	9a7152c69d22c63a
11.50	d9c9df24f5ec4490
12.0	5bd56470fd7a881d
12.1	c89b928a379f8667
12.2	3a4ff6c7f38b178d
12.3	6b460ea41bc6feb3
12.4	56f95a664ed891ac
12.5	0c3415403ae749be
12.6	9dbd94c5623b7c9a
12.7	de8926624278b992
12.8	b3d9e67dffeab469
12.9	8571c9638c42c0a5
12.10	89c99da4d51944b9
12.11	0bc23509e46716b1
12.12	6c88d3bd2c84a30e
12.13	6864005cc0bb0a48
12.14	fbda3a69facc8dbc
12.15	3db368601f530d0f
12.16	4d5f338f5b742b7b
12.17	f0964583ba57986a
12.18	6c79267ab2819365
12.19	94c7d6ace3cc7562
12.20	99f87367f18c7501
12.21	07115989e75dd136
12.22	148f3c49346af56d
12.23	0f66272d98bf32fc
12.24	3b693c27bba423ac
12.25	42d8e7ef68dd5c76
12.26	6f007ea93f221db7
12.27	2e5e46bbdc58ea46
12.28	f361061a19c2f919
12.29	567c176449a167bb
12.30	097b561e87b2afb8
12.31	cbd65680314f1e37
12.32	9d934eb6709099bc
13.0	554a90c49d21ba89
13.1	5b866eb8b6be9a43
13.2	5dd4f3bb14c8dd4f
13.3	1e51e5f22044cff6
13.4	cc49a288ee3ca833
13.5	418693db369ff050
13.6	4629ba348d2c6da0
13.7	34e215e9c79c025d
13.8	bc8f14e1212fe45a
13.9	e140111a48bdae24
13.10	5446aa9d4af6135d
13.11	861fde0890b1fbdd
13.12	558f5687bddc6b65
13.13	b1594eb61167500a
13.14	b2a714b50f906b1c
13.15	78c24478e81fe6f5
14.0	45dde6433f67da53
14.1	a1243a4684509d09
14.2	2577e605f4adb47b
14.3	4d9e38ba46f0a386
14.4	9e027e3d7c33cd57
14.5	53849be7d1708c1f
14.6	af664005f679a93c
14.7	be690ee4cccc788e
14.8	3457d3b850a27591
14.9	7785ed54c6e03baa
14.10	5c06e45cfa4015b2
14.11	fab419f86b3c3f64
14.12	2e83b7bcd8a99256
14.13	0eaf9a96d25d4651
14.14	ab08dffae1fb52c1
14.15	5ea8a30855f6094d
14.16	e65c777cee6900ce
15.0	82d7ea5f64d83169
15.1	36bb2ed04bedd865
15.2	1a952d69f5e5bab3
15.3	faefeb7be1124024
15.4	04ced5fe47668875
15.5	34fa18c52211ddc3
15.6	35ba619cb1b89b0d
15.7	4a39f7d3405cf572
15.8	bbb816327140204e
15.9	891366090ce054b0
15.10	cae8660c53c5ad45
15.11	7c6de6bd71a7f5e9
15.12	de36fcf7ae35cbf7
15.13	9604ef2d178307bf
15.14	aeec367bd1d2682a
15.15	44462191f16a741b
15.16	a0336b7a2fdb71f4
15.17	a019d0875e4a1d72
16.0	82c1d74196c73e7e
16.1	1b6aef903b953ec4
16.2	6169c60694a6f62d
16.3	903799fb2b4ba0c7
16.4	887a433261513a58
16.5	aacd3e11ef0209a3
16.6	0aadd0a02d9fcc98
16.7	eb82183f76dc30e6
16.8	1d64ee78d24842be
16.9	291739759e74c3e7
16.10	886a4f53fa594e99
16.11	955ad51ac1c35442
16.12	dc39af4db1607ab6
16.13	1d4241f37e6fe3e3
16.14	c9bf7a5e12d05181
16.15	1f578090641578dd
16.16	2e9c7b51e45a6887
16.17	7d329c5cd8579ac6
16.18	f3558c51b5f90f89
17.0	cbcaa45f5045828d
17.1	cc474052c4d99252
17.2	f5fad031e91e694b
17.3	aac15eec8b54855c
17.4	09739ef65d4151c8
17.5	62b3e7fc6cebaef4
17.6	8ce38263b4988801
17.7	3beb4bdb0ef37fc2
17.8	6dc8b239e7e4fe9f
17.9	ba855df04c6c5248
17.10	7a9e346067b85e80
17.11	303dffd8e1e1e464
17.12	9c6d1d3cdb752461
17.13	51eb67b372332158
17.14	3bc543010922deb9
17.15	8d231ac224509f5c
17.16	0ceb26d4b3415fb8
17.17	5a9cfe3dd45e8165
17.18	8b0811490a1d3a58
17.19	415b5c7a94f436ef
17.20	28fc3ddb93cff470
17.21	6b9f278a125bfa1b
18.0	38ba780c02662dc9
18.1	3546334db8794d42
18.2	514c37efbbffb08a
18.3	cea212f4ee4b53cc
18.4	4d13546b683c0107
18.5	65c5ffb01eaf9bf8
18.6	454120b0c6c2a367
18.7	556ce8be6c57a41e
18.8	2bffdbeb29751b2b
18.9	f33eb127984b0331
18.10	026f36871b9e4a9c
18.11	854670ea03756073
18.12	537f37a671019dd1
18.13	9402808d02a230e5
18.14	60230ea13e8d4f24
18.15	2db71dae06670bf1
18.16	cfa72485bcadb92f
18.17	b90fe70018fb4ba4
18.18	4eebcc4fe2b262f5
18.19	db36cc692454d5fe
19.0	110196a04c202acf
19.1	dbdafcf59072afd3
19.2	b08e047c8699beb8
19.3	6ac604ef7fc3299b
19.4	a59a7d05b67a7734
19.5	7a8d9693f6904846
19.6	034def47c592cc8e
19.7	9a8db5f03fbb8db1
19.8	f38a2c751e46ed00
19.9	19ec10e87be08dfd
19.10	342956370e46a467
19.11	08abe6aadca8085a
19.12	65a816eb6a4c18a4
19.13	0259178d8d471d3a
19.14	a4266e53a12e55c6
19.15	670269112404c34b
19.16	e8772c91d2684a68
19.17	cf16d9ba78caa775
19.18	5ac8e13bf77fdcb8
19.19	66d2997341157511
19.20	788d826def7b3f0b
19.21	3bb7d3742cfa1c57
19.22	1c8137bfc7eba92c
19.23	d05dda0aab33322e
19.24	9f25e7514e3ccc37
19.25	1034bfb5436147f9
19.26	02fde55cd252038d
19.27	a4be4390f8261c82
19.28	224aae16e4c8342f
19.29	0161118289af30d2
19.30	2a6a25782f3b40e8
19.31	b8acc9a3155d23c1
19.32	e6510641482f9d8e
19.33	8d12614718ec4040
19.34	a8b47d78241c8441
19.35	055242b201c4dd28
19.36	cbda79d5ce77409d
19.37	9cb481cfcb5ff483
20.0	bcbd652c71ae7042
20.1	e4be41f6b1ba5d58
20.2	e35db17a7890b299
20.3	73349ca620e3a521
20.4	3aeb3c385d955e7d
20.5	802009c5257c2fab
20.6	2b3b90ac78221853
20.7	99816c863f28055b
20.8	99076933a413f247
20.9	aa4ff09aeb093fde
20.10	d61e1620dbe4f5c5
20.11	ff3b3fc1c886910f
20.12	f62f912acfca1275
20.13	f7458b87f5fd70d3
20.14	9fe0c57d999acef1
20.15	8f6695e9d244d1ac
20.16	ecd246e53265d22e
20.17	f82576be9b2067f7
20.18	34df248324bbc364
20.19	eab59d31d3e61cd1
20.20	a134e5e1e159a83d
20.21	d05c11faa0e8419b
20.22	9dd572a4bbe06cfe
20.23	031e6b963a500673
20.24	61fefb640a40d3b8
20.25	c1a120bc5ab7d442
20.26	ee353eff13766b4f
20.27	6b82dde580a1bd5d
20.28	884e369fe6c9f81d
20.29	f02f5aece2dd20a4
20.30	9154e5935a15e513
20.31	474464783ccb2a43
20.32	28bf78cd535b89ce
20.33	fa8d3892df805f04
20.34	3a667e71643c6729
20.35	d071e9cb23c94346
20.36	9541de53bc0773ea
21.0	5d0d4812d3efc185
21.1	6dc8b21e9045546a
21.2	ff97f7b50b7840c5
21.3	b1c09640c012784a
21.4	74c34ff10fb6a6b6
21.5	3e8c80dd8493772f
21.6	eb4af2b1e7fcfc8c
21.7	60b1711441b19a6d
21.8	789874a327838cc5
21.9	b8d91bd80ff8e311
21.10	9c18e382346b5a29
21.11	01c1ad336ca92789
21.12	611469ff24716746
21.13	3f5afcd9c944843e
21.14	712454b62179ce63
21.15	00a5193b7a717d06
21.16	ee6d7e1074291a70
21.17	48fedafe4b301222
21.18	0093ed50e2f6aeca
21.19	7f7cb5a71fbcc887
21.20	6a91b0eff19b444c
22.0	545f818412f69373
22.1	f66034ce434b4eef
22.2	8d7be05c7c061b9d
22.3	0c4b3e8ea367ad69
22.4	1fa390528b39cb9c
22.5	e02d5fe9483ea56b
22.6	84d95bccd43dea0e
22.7	1256e5de685fb7a5
22.8	39dcc664ed9c7014
22.9	d6edb5999cf47e05
22.10	583314c177087b0b
22.11	b9b42f4eaa338ce9
22.12	73c32b56f0391c94
22.13	ce26a317b3e0e52c
22.14	70b7a0ff2458f005
22.15	4d2461dc58fe2e5a
22.16	0017de1fc71906de
22.17	f9900b1e988bb15f
22.18	8cee43eb8352521d
22.19	807c6b52844bcb0a
22.20	ead19c451482da2c
22.21	e150a8d5f491621c
22.22	5a8de583026fc5cf
22.23	430746ab18ffc442
22.24	634e70b8571c0194
22.25	e5c77851b8376e8f
23.0	ab4afdcc6ff55a64
23.1	42f91a5ec9d7ccc5
23.2	1f2feaf242d7d41a
23.3	416eadc5f887ff36
23.4	0bf2b19938ab4052
23.5	4b5e16e44991bbc5
23.6	ad4c21e0c9793731
23.7	250710c70d09fcec
23.8	56afe3a4483d9853
23.9	729ab43b419aabc4
23.10	c1e3f8849618d15f
23.11	c5c2bffee0622e45
23.12	abe32e234b0e01bb
23.13	40531762ce49ae0a
23.14	6f6c4619443fb736
23.15	6cfa08fa491de865
23.16	de64d95c98a4d1a0
23.17	a56f3211ea2e6a06
23.18	04e8fd181611f6b5
23.19	cc352a3d32b2c558
23.20	b21ce865688cc41b
23.21	5967de817012a4f0
23.22	f6863ee37c34c8e7
24.0	d5ff05506ed86b67
24.1	00eb0bd31e85af00
24.2	a3431e434e49224d
24.3	b971c7baa8d8b7d3
24.4	e24fd6ee3b875d51
24.5	c568194bcea0fa03
24.6	cd5e83c61f1d22b0
24.7	b47eb5373d053896
24.8	b7b42c2b8177ab3d
24.9	2513a396f13f9d8e
24.10	06739e63d836bd04
24.11	c10d1bd6c391c693
24.12	5ef7df3c92b88f09
24.13	dba5d415c1933ef6
24.14	2a6d8acb97ac4dc0
24.15	21103ab31b4011cd
24.16	dd90abcadefd22d3
24.17	816c276432fa381a
24.18	008fc604cb55f012
24.19	a691d1322295666c
24.20	c6516016e1e47c9a
24.21	90f0327484b82394
24.22	059b8b4bc7d0a338
24.23	31cc8176534cbbef
24.24	d45c0d1546e26cb5
24.25	439ca626c2064605
24.26	0667d6dd02e6adc8
24.27	c9dced0fd3283a26
24.28	fa28c5b903fa3985
24.29	a7a8647a41b2fd4e
24.30	e5a2dffde146bdfb
24.31	cd6be5caefe6efdb
24.32	c9d74bca3e02c67a
24.33	43095103f2c31c99
24.34	998f8278949a9ca0
24.35	0d9697285992930d
24.36	979adcf2a355eb64
25.0	698ba86301f9a493
25.1	e917938aad1e50a4
25.2	cefb9b654d570b6b
25.3	ab0978008dc03746
25.4	10c5bd7ae565648e
25.5	d22e68d77a21d847
25.6	478341e8e0f514d2
25.7	721a4415672ed239
25.8	06b7d9fb1ab0a8f8
25.9	19f4c0398cc610d6
25.10	82a845c77b4bbbfd
25.11	fd2abe7e0d506b02
25.12	a8e941c1a0704242
25.13	7cfa6591a6ff8f02
25.14	578c369103d2c718
25.15	9feb649708dca41b
25.16	f6e6e700e587b45d
25.17	22d3ea7eb0eb5c84
25.18	652e50802ec6eb96
25.19	f6de7046b82f81ea
25.20	d2ce211e40676308
25.21	6a0c979e217cf3aa
25.22	14ef7dc5fd27f413
25.23	7d1db35811490235
25.24	02ff9de409e9701a
25.25	853db26145125a95
25.26	8cb303643eb2511f
25.27	f731da813d4ebb67
25.28	bc4c709d3af7674e
25.29	6b2d4cfc7ad0cc66
25.30	9acb9143b33c9581
25.31	e5e543c8b9f3159d
25.32	af68b31163a913eb
25.33	d9d428b38ba582ff
25.34	46d9f12226a14b83
25.35	da56b40f423c9240
25.36	f0b54891d98c8db7
25.37	c7d2b21ec480380f
25.38	31c5bb1e8a8ecd30
25.39	1dd2bd0e5de4a644
25.40	436846cb04050799
25.41	1947128b6f13a0e4
25.42	b7233686b6e6ed24
25.43	7dfce62b82e506e7
25.44	aeeae990752e076a
25.45	5dfbe17f58c6a869
25.46	b397ed18961ca0c8
25.47	b4fff96c18994005
25.48	060e0e119dcdbf25
26.0	dec0cda917038a3e
26.1	11ba943af4c9f392
26.2	91fb8e7c884468de
26.3	fdc3755e8e60914b
26.4	46028a80c33eee2b
26.5	da95e1d02dae8241
26.6	77b5fae608437d24
26.7	f3031b11e0b11fe4
26.8	b3600496d34bbaaf
26.9	912be3109aec536e
26.10	d9704803725e87a1
26.11	ca4abfe547f02f90
26.12	466c59f23cebf853
26.13	0d87a3f5e51d0c3e
26.14	4932e95060ecdd0c
26.15	c452e6c42574d2c1
26.16	caceb94dd2809b86
26.17	50d263d886d0ceb3
26.18	a8eee4d056930c0c
26.19	d95f3bd8954b9785
26.20	f06f3f9517869a64
26.21	27cd525055fee095
26.22	0dfd844722ed53c9
26.23	53f43b88918c174f
26.24	6ce0c2539570c7c2
26.25	cf891e0dc24550f1
26.26	f52083fe1f242a39
26.27	af94bcc510b224b4
26.28	3c2cf9cca9caa7f5
26.29	f76bfe956f275318
26.30	1327040ed493ebd1
26.31	0f2059917e4b0f32
26.32	1adc680d1f0817cc
26.33	12eefc001ceaa355
26.34	e7e7dd2e4ad84ec3
26.35	ea0e4d4fca19e10e
26.36	82e16efa7f3d2e85
26.37	0a17e79aa2e0f7b0
26.38	945c0f9301ed3a6b
26.39	708e643fd41c19d5
26.40	f5887fcef48d3763
27.0	dfc391f7ecf604ab
27.1	44219ddedbfd5df6
27.2	f65fa65c8891e0c9
27.3	b8e581ce0268f2e0
27.4	eb65f47b339fa110
27.5	3c3901a3c72cbed9
27.6	b10f5e18a4b4814c
27.7	4cb0d5bb6285d8d7
27.8	46eaf5ba61e614bd
27.9	5785ef0ec545663b
27.10	db9bc758c4ffab75
27.11	e50f5dd383995610
27.12	8991811e550f33c1
27.13	587bc9915198d872
27.14	a0a21cb3836529be
27.15	ec85219391ea859a
27.16	613a9d5b26555ee1
27.17	426d9b8aa2d648b9
27.18	5eb3aedce2d1b531
27.19	392032fcbce1e404
27.20	bebc683d4f1e29bb
27.21	f0b54f3840163ad4
27.22	9790fecc676d098f
27.23	dc7d308007657f44
27.24	5e582908c509adc6
27.25	3834cbccc726b997
27.26	120efe1dab076fef
27.27	ecf854a4566e9d07
27.28	67f0490fac4e07c0
27.29	1af87d0d6af7a5c9
28.0	754de4b65502bf1d
28.1	5a9a7df8b1c9d250
28.2	caf1e5ce5e045bcb
28.3	6e1b0da3e3539998
28.4	1530f8efdaf2c3f7
28.5	63fb76b3a7b363d3
28.6	0de0b0792e5d31e0
28.7	5751fb10876faf57
28.8	076ff47b3c511617
28.9	dc0e36043868eaca
28.10	7952dbeee965fed8
28.11	ef699741509b4e35
28.12	d33c080324991fc4
28.13	1abb1e562932efd2
28.14	99a45e5e1aa1f6de
28.15	29ce354ce2b26f23
28.16	0864522ab96bd0ad
28.17	c9ca87d8bb0b3c97
28.18	508c151a124c61d6
28.19	bab69225608e873b
28.20	c6a3e5aa43f1562c
28.21	7b6c33d41ddf0428
28.22	f87e14660516948d
28.23	2fddffca92d8415f
28.24	f0c8691ce122ef50
28.25	d01beec182fe9271
28.26	36c2929e1bd859c8
28.27	5b9a8c66c51c8281
28.28	011a55a109c6883b
28.29	0995e5461e73a1a7
28.30	13b616ac44b4d78c
28.31	ab0f3ea18a96ae7c
28.32	fe64384fdbfbbf24
28.33	0d567240225f9a26
28.34	9ec6b926b1a803b1
28.35	621a8e71abafc3b5
28.36	da2886e08a68ccc1
28.37	25cab7d08fbb1db5
28.38	a667991267387b4d
28.39	c838e3c0180ee476
28.40	660fcdc37547b17b
28.41	117574d083b7798a
28.42	fbc50529bc5ba997
28.43	79da51a564af6703
28.44	63b6c5e843a73a83
28.45	f05a8e03da84b7b6
28.46	fd2f4922bec96712
28.47	e7770c6439f35d3c
28.48	72397fc04dfa839c
28.49	2c8438e3f63615ad
28.50	bed3317defe7b33c
28.51	e5768767f0478d24
28.52	bf263bcb0d456ed7
28.53	19b83db82c0fca50
28.54	2af8cc9da6bc6b6d
28.55	e6bdd01a682916bd
28.56	5a38640810f748b6
28.57	98355096a3f01575
28.58	ec8e91646375b65c
28.59	88b57bbb10c9d938
28.60	f441ca5d1636fc99
28.61	a89bca7966b33940
28.62	3088b5910768eb5e
28.63	c5a2dedb51442545
28.64	26c4c55da1066cac
28.65	7510119cba594b23
28.66	8737d96d79d7171a
28.67	25f082d8938d1672
28.68	8aa245ff15d990ca
28.69	4e69a7507a65d481
28.70	88c5cdb3db072dda
28.71	6602c023005d20ca
28.72	1f5cbc15fef55b15
28.73	13b4a8d58edc6c3d
28.74	a81ed9d90854e647
28.75	536cca623cd70d03
28.76	828c143486f64713
28.77	e47a973ad144cc44
28.78	58ae88adce4bc8d5
28.79	593247b7b0ecc619
28.80	3ba6eccf013fbdc8
28.81	c075c04ca78ecf62
