# Per-paragraph hashes of candidate/symposium-modern-en.json (sha256 of the raw UTF-8 paragraph text, the character-card paragraphHashes convention).
chapter	index	sha256	words	utf16_length	origin
1	0	ab383055a73a3235b5f38aaf58fb092152e8eacc4d20df142c645dc3625c90da	156	829	inserted: PG #1600 dialogue paragraph 0 (Modern English rendering)
1	1	d408be46351e13b874b162d1607b54f9e5ac66f9afe5e36c4e9da0c6004236b6	29	158	inserted: PG #1600 dialogue paragraph 1 (Modern English rendering)
1	2	a6812fa0e68e0845dc65619900a71cd4bcef50376f8030eba6d5d4aca36476b3	8	42	inserted: PG #1600 dialogue paragraph 2 (Modern English rendering)
1	3	7c74abc689842a9fa0ab6eb09cf78f219c4c24eadb30c436223740325580b8e7	86	454	inserted: PG #1600 dialogue paragraph 3 (Modern English rendering)
1	4	ba403254bb0493e206df4540e9a0e0060ad68a489d8662f549e47cc90060d4c2	12	72	inserted: PG #1600 dialogue paragraph 4 (Modern English rendering)
1	5	24f4a89d91b5bee31448c41e64dc6dbcf79d65d974ad962ed4efb2fbd3bade81	29	160	inserted: PG #1600 dialogue paragraph 5 (Modern English rendering)
1	6	24731c50eb63020c332bec143d74777269b03ba95c64c67af0a98e0ab45803bc	19	88	inserted: PG #1600 dialogue paragraph 6 (Modern English rendering)
1	7	a91a5fdce3d590e8daa28ea0e753f0e9019b39edd7b660b2fb241ebcf253aa4b	219	1181	inserted: PG #1600 dialogue paragraph 7 (Modern English rendering)
1	8	3365abdee8fd00b744d48ba4e266b0d0fea2b3009a317097229090d05b833b26	69	391	inserted: PG #1600 dialogue paragraph 8 (Modern English rendering)
1	9	d3fdc2420ddae1919f031a25d2eb8f15250891a6b77dafb609f150458141142e	32	177	baseline 1.0 (unchanged)
1	10	15848e91470f4e7d3cc283b44428fd19b0fce4cf4300e239f1ef8754f58d4d68	19	110	baseline 1.1 (unchanged)
1	11	cce06f059fc5d5b3156e5239cc7ec729782f7aac71bc79be99ed544fe2b0a785	28	150	baseline 1.2 (unchanged)
1	12	3caf7ab0725ecb613c7ec132ce4a20352295a46315bc14e731793c3fa56089b4	40	200	baseline 1.3 (unchanged)
1	13	ffcb4510c610d1f7b201e81ff8e59246068d88dfd1987b4388a649305db7387b	54	281	baseline 1.4 (unchanged)
1	14	e15baf76f3bfa5344c1f5c14a22c1cca00d07649aae2f9190c4b9f4ffb89f472	8	35	baseline 1.5 (unchanged)
1	15	3cc065c5403e1dae7b883b050e7b37b5bb79727420763be3431babcdefefb405	10	61	baseline 1.6 (unchanged)
1	16	0f58ae27aa1b93cd80fb30adf79730216bcd5cffd4eb9878619d5376c32f5830	10	53	baseline 1.7 (unchanged)
1	17	c96d680202b5fa3cc641da1d3be17237ac07799e71f449932ff3c93a0928064c	6	33	baseline 1.8 (unchanged)
1	18	c3363670fcff1907a54e3b7d21ced0b2970c95028e5f65719c30591fad70ae81	10	49	baseline 1.9 (unchanged)
1	19	242eb8a67d064167c6f8b867cbb819dd46ba5d9c727a357dbb60c2b0a295f5d7	67	391	baseline 1.10 (unchanged)
1	20	c36179d1ccdf5867a52a9506fa0b3a5eddf9da15d67ffc0da35fe9d531664867	26	149	baseline 1.11 (unchanged)
1	21	1e06c286ec38fc1b0bd8cd3f5ce6a46d4341a730536087d7b529ab6b3c9685a8	8	42	baseline 1.12 (unchanged)
1	22	62b8f300e418cb0fba19e56099782c550206adba4f64fa91e0acd9a296f75281	20	88	baseline 1.13 (unchanged)
1	23	b6e40de1ea5c8f11dff1b358123e6f679b52dea448483d2ea46490ee067b2f29	3	21	baseline 1.14 (unchanged)
1	24	0e50eac693820081691739a1e9aa8c68fafd384b1a446154f5dcf50f845d2958	17	87	baseline 1.15 (unchanged)
1	25	a06e448f8f0997b867a77ba765f1780c10d462bd11be958eea9522002b3875ea	137	726	baseline 1.16 (unchanged)
1	26	41164ee7bde7fbac1a280fc810c0023c61ba471704a6b1a4ec4ef52a725ccda3	36	172	baseline 1.17 (unchanged)
1	27	5b2baf061a5ef8f9cf85ba95ae775dba9b3b779a6ae848689e8b5decc884d224	13	74	baseline 1.18 (unchanged)
1	28	7ff28adb454fa2278c41ef6784407a97c4e952ca94993e27b61aeb83aec43ba1	20	95	baseline 1.19 (unchanged)
1	29	4f50d10b6435904adafe7ad31da1851072f0df5d83819520ff1f1e865bb102dd	23	130	baseline 1.20 (unchanged)
1	30	583ef356d50cae4a5eb13a27b990b2a615b4c72ab58930370b8087aa92490b46	48	264	baseline 1.21 (unchanged)
1	31	8f5457b049973e72aec085f2188102de22793e4a9e0c1ece72866f13643a0e1a	14	82	baseline 1.22 (unchanged)
1	32	c20e0684d7861a13d8cd5da026cd041a87fc57aad4ae4816354d37b6a1c8f68e	31	172	baseline 1.23 (unchanged)
1	33	629de5207781e348c8ab991fbf00ccc00b75d387234bab94b2fc034955231570	194	1012	baseline 1.24 (unchanged)
1	34	60302434fdc912e5d166207935f5e18a357bf79fabb8adddc4e082ac5103d11f	120	631	baseline 1.25 (unchanged)
1	35	7d3443a066c7885d2f22c6e67b4e9ef2dae04bf7822d4e46b32c2c081dd1c6ea	41	220	baseline 1.26 (unchanged)
1	36	50a64f86cbfea2c94d5aa592a8485749e6696d793f278b26d52d59f7d1698bcb	101	563	baseline 1.27 (unchanged)
1	37	1f7b54d7e1ebe18cf513a138879b487449751209835b702893b9dd080c7a77a6	27	156	baseline 1.28 (unchanged)
1	38	6e62dd1da345f29cb564bfad15b8ce293634ebbe1dff162668e75f58c0f90be5	29	157	baseline 1.29 (unchanged)
1	39	bb15cfebdcceef2474d03bf47a74b759a734eeadda1136b7d9c98ad51c09add3	8	37	baseline 1.30 (unchanged)
1	40	4d55147aa53986d3571e71708bb507aefc5aec0ef9e737b7522f0cb53f12f6d1	109	592	baseline 1.31 (unchanged)
1	41	51985dffb80fa32139dcad5a36b12bbab0ff3a22f002536abf651d81e1af3311	32	183	baseline 1.32 (unchanged)
1	42	b2007aefaffd90a689a4167809652010faff1a93e43fddb02b4ab5fb354d212d	27	125	baseline 1.33 (unchanged)
1	43	abdd7f023e4a6671a469f3c5ec4039ad8268f7305fcad0e564cc9623b780cddb	85	469	baseline 1.34 (unchanged)
1	44	6f7f51bcc670b13a9409792cf552ac7addfba0ef71311113ebd0c2e08370e171	12	70	baseline 1.35 (unchanged)
1	45	2c24762efc674dd1344b6957bc1f71974f3c2cbac227fc1b69c11aba14a1090e	5	21	baseline 1.36 (unchanged)
1	46	c1c0f7d07ff491854ebc71eba3c676d77c513f7b33cdb46494e20eac44233214	268	1408	baseline 1.37 (unchanged)
1	47	2d5c5a0942701db606485915d20b53e91786b20caa2de982e5052fe4e71f8026	116	633	baseline 1.38 (unchanged)
1	48	7d7ceb1092cf3e356dedbe7b86b6f88b45f3c3b0a4795b84e02f7ddb90698aee	36	191	baseline 1.39 (unchanged)
2	0	0c2873a1b0e7ae7add2fd5832811625fe81e4a857ee57dc9ef197a79c6943349	69	353	baseline 2.0 (unchanged)
2	1	f44a3e77b1f4de26a7ef37bc53bfc2fa4634e4737564ecffaba0063fec10b074	16	96	baseline 2.1 (unchanged)
2	2	690b431455c646328572c3ed704eaefc1c656cc65b39ba5540ca05a3542f6621	21	115	baseline 2.2 (unchanged)
2	3	5aa574c6a7b9713b95f583c390fa03c7fbceda101af37cc89ea68cd6c642c0db	9	48	baseline 2.3 (unchanged)
2	4	d6a0cbd7c0b9f17995ceb4b5153b965dd356a6b8df2705d0204a6afd7dcbe139	255	1360	baseline 2.4 (unchanged)
2	5	f8da6b01b1676e387979ab281eacf65ef2ada0cdf9b0e87fc808d9a8b539d028	99	522	baseline 2.5 (unchanged)
2	6	ae71506467eb3c5eec0237f6f41aa36b93862fdbf6c80c3709c46e8fee0c51f1	236	1218	baseline 2.6 (unchanged)
2	7	fd9e479f9babe2b115f2e737c7035765cedc56bb927a923cbf13a21f2556ea0d	221	1158	baseline 2.7 (unchanged)
3	0	d9ef85e1ca51074a8613275b145f223a76d016d7cbb780063dddafa0ce51d6f8	239	1338	baseline 3.0 (unchanged)
3	1	d9924449b7f4684fb703adf8c5740d6ac8762e786722896192bec30beb2a15f4	255	1372	baseline 3.1 (unchanged)
3	2	57470890fc223f678eba388f86ba0a63015531312ab56fc96fdf8588267243f0	183	1001	baseline 3.2 (unchanged)
3	3	800d9f905b820ef9f7509aedbfda0f81bf0b8a8636b490f908ebaab4109a6c0c	192	1103	baseline 3.3 (unchanged)
3	4	a1180182955f27394f22c920c90abb8a3058480a77335a11f35549bc4508a879	183	1022	baseline 3.4 (unchanged)
3	5	e212310da29213d01ca88974841e4daef3e9df99ded061d3020041691ff5d486	241	1299	baseline 3.5 (unchanged)
3	6	1433d612220522e850c6d24a2ea45f6f3ce82df3d399834bcb367a5b02594656	196	1075	baseline 3.6 (unchanged)
3	7	f3cd77c227ef7c672c6845d18f7798c773ccda4863f7da335d0ba016d3a62103	151	856	baseline 3.7 (unchanged)
3	8	11ab27fbcf5a9948471d9223d3432f884273c94919398ae38e4c39bae416b52e	277	1440	baseline 3.8 (unchanged)
3	9	1ffbc0fe47225aee05ecc94424873bafb93abd8cfcb92fae400651da75a4c1c2	171	889	baseline 3.9 (unchanged)
3	10	1dd2d8d8e08db21ef8d3a086218a48079cbc69e4b538565055d8087422f457f9	79	431	baseline 3.10 (unchanged)
3	11	babf64be7300892ddbefa67bba2f578fa22d4c894b7b5ddd92e045b066d1e5ab	82	444	baseline 3.11 (unchanged)
4	0	b0aa001355c6c64aa9a33ff67c50e4842e060324305d11589aa9dfc22e8c026e	230	1217	baseline 4.0 (unchanged)
4	1	000c08186b6ab95faf17428307d82951d33a7606e784305c977daaedb7611b87	248	1344	baseline 4.1 (unchanged)
4	2	ffea78c584f8fc04ba0d5435d91a1f118053f6309d7cfa82204c90ab79931644	198	1141	baseline 4.2 (unchanged)
4	3	8ec207eed4753c872da10bf14520517a08c94ea12aad473696c7f3da3c4ed552	139	728	baseline 4.3 (unchanged)
4	4	0905bd571bcb4bd03f971ddce9d5415f653bada2dfbebfd420d4691c7cc0644a	268	1496	baseline 4.4 (unchanged)
4	5	bf8c87a38323efe1bff7f89d1824a1e0c3b973e3b6dff0605a5b98447213c803	104	568	baseline 4.5 (unchanged)
4	6	517265ec25edb42ff469b88030aef5844348f5a9db97aeeebb48eb5ccc15a1bf	45	249	baseline 4.6 (unchanged)
4	7	e14987ac00916e9b7d39a8fbde96c81aacef0f1cddea3db25d309a869710b657	41	220	baseline 4.7 (unchanged)
4	8	8938b9db0ebf67f16cd14f40a12b1ddc22bdb2ebae05ca47de69ebdda503d14e	61	297	baseline 4.8 (unchanged)
4	9	cdf0fe70aaf17e6bd2209c322d90e07f84a04e35f634491f27686d6b6db9ea29	36	184	baseline 4.9 (unchanged)
5	0	747fecb8c27ed430930e69b0c248fb3f6c1b4be584b0bc40758385e5d146672e	273	1440	baseline 5.0 (unchanged)
5	1	e9b2672047e448e5e0e07e7e0f58467886cb3d6ee2c571e936e511c448fdddc4	287	1503	baseline 5.1 (unchanged)
5	2	a0081ac32e7e75bd48ed38eeccef3956253c1b6d78c12bacc193db6cc82db719	293	1504	baseline 5.2 (unchanged)
5	3	d5ce98acc7da786fc869e7843131e75967eb8b3c26ab5dada010827aa4e7a95d	262	1398	baseline 5.3 (unchanged)
5	4	38c2e4342acd548cb39e76f4f515b1d6c312d6cc03f56514ab65f0d02d89c716	268	1375	baseline 5.4 (unchanged)
5	5	c0aa299c60607932c8be9c8e515a10240925168d931ddffe25f98bb13c5bfd83	244	1270	baseline 5.5 (unchanged)
5	6	d095e531b490b06e71e7b1647cd3b736f7db9a2f57bf7a1f10ba149f767e44a8	247	1262	baseline 5.6 (unchanged)
5	7	d5ace0843377b14d49cc89d0afbf2952a898132ec16bab7322c9faf023db355d	115	608	baseline 5.7 (unchanged)
5	8	69ba7d300fc7c1bcb1f2c211eaf9227e3ea8ad30dba97841ea341f08ec12cf0c	63	334	baseline 5.8 (unchanged)
5	9	8c8efc418122802860a3c820a3fc23128406dfc3b77f072265c0da6c7aeee445	34	173	baseline 5.9 (unchanged)
5	10	ee16b97cf215fc986e14dbd127222c774e4f04172091034a96c6b18cad2b599b	31	170	baseline 5.10 (unchanged)
5	11	93aad85dfaa3db09cc954258e1038eb943a53847c247b50b1b7895b5bfc5a350	56	338	baseline 5.11 (unchanged)
5	12	bffaafd7c2cf6e945d9912b49909447e961db613b8785313770855759db6bb54	36	177	baseline 5.12 (unchanged)
5	13	a70de116284f8a52d14b2e562f3eeb174122afeeafbffb145c161c1ae1ba2324	109	562	baseline 5.13 (unchanged)
5	14	7de9881624ef6d17ab8dec788f4f9f63bc9055a96505c9ade1bc8c06b95796cd	3	20	baseline 5.14 (unchanged)
5	15	c301750f2ff7d110607e09f58f891a55ca9e90e9ff8d263d8c68df84bfc18e2b	21	123	baseline 5.15 (unchanged)
5	16	49b0dbbb3a02926c481776670786d606a0e6f25c936605f015a4454c47421e02	85	433	baseline 5.16 (unchanged)
5	17	e1df054fa7b21a1e2e85dfe53816786244a579028a8cf5cab60c5e35275d0faf	40	221	baseline 5.17 (unchanged)
6	0	e27a4581cd31a8818509a40ce7cf7f37a405204f3147ad304b25303969acccb9	277	1429	baseline 6.0 (unchanged)
6	1	b0cb217ae9ec72a34b3f3be9ee96f26856dc2e5ef1df9d7915965d285d4fad84	19	88	baseline 6.1 (unchanged)
6	2	eade20186a079a05d9017c4cfa454dd116e74cf0fd56b56287567454496e09a9	276	1417	baseline 6.2 (unchanged)
6	3	13163fc2b42b42386ddb8e6fac21f59947612f43f49d46e4b609fa1c652e74d3	261	1294	baseline 6.3 (unchanged)
6	4	e6757f300a6deb3552fad6808409451ba0ec0769d8f29e73cb4896100e008dc9	298	1464	baseline 6.4 (unchanged)
6	5	8b6115b28cac3e7946b819bed6f449e5fa4bda158ec89c1b8adaf58bb048ef3e	18	99	baseline 6.5 (unchanged)
6	6	cf7a58e86d21c80e62d3634bac31bd9d1b5648bcba49fdb10323c5a1d2f7eb0c	170	973	baseline 6.6 (unchanged)
6	7	e0554cba87d3b070f1c327a34d2b0988ffb7e0c4d726cb3fbed6fb4e19707a7b	74	393	baseline 6.7 (unchanged)
6	8	e9e0f69a06e15658ebd7a8683052047578c6d88dc3001b1aa4be0c7915695b70	29	154	baseline 6.8 (unchanged)
6	9	adb9b60114376c59f843d8541047df0816a842a47995f816d1470e9a5663dac7	286	1499	baseline 6.9 (unchanged)
6	10	df7a2bce5d6fa812ffb7577dbfd438ac7cdf78236148478d816c3c075eaf3b39	205	1019	baseline 6.10 (unchanged)
6	11	48d92d8c2ca86ed062bc70f55f7ceca163775c1b377ccc3904e440e21871900d	47	261	baseline 6.11 (unchanged)
6	12	803e9a98db8e6d77f6c61224d553ea2f0ca25efb9c4362ef23eba49ec6a4f641	14	99	baseline 6.12 (unchanged)
7	0	75207612da929d9997a21ba4ed292e52a5d91a1e8fb73a3b7faa9c8218e616e0	125	639	baseline 7.0 (unchanged)
7	1	86f0c353f4a85e8477148e6e9e1487dbbbc51f0c5c0c687d0289f5277b3f4a76	4	26	baseline 7.1 (unchanged)
7	2	53bc5c4eba2e4e2204e1f27a93870487fa68dbf9e21e3df4829b33b11b03fd21	9	41	baseline 7.2 (unchanged)
7	3	6b5a1129691460287643e395ef49965747b5dc078289a37e1cf96392f53a99bc	2	12	baseline 7.3 (unchanged)
7	4	96a0ec0df58b994ec4b56be67ce59d8461867563d1b896862d598962f5a40eee	27	144	baseline 7.4 (unchanged)
7	5	0c2089b68d804cef3ec8611f0660b82054447f15f513ec8145d16d54cbaeabb3	3	24	baseline 7.5 (unchanged)
7	6	d7e96d1d9fe31f73a371f10f72cc54fc39d9d9ff66c591415468efa8ea841b73	7	34	baseline 7.6 (unchanged)
7	7	d5edc5b7ffc3c7303e21c16cb32044c7cf5dab128c518f258c68432880f9bae0	3	15	baseline 7.7 (unchanged)
7	8	abb1d603c6d468b91fdaf5349c1f7062705e523e9911c99707ae96284db556f6	16	87	baseline 7.8 (unchanged)
7	9	1ddfd9f1a156964f32ff576687854733ae5677154b7eec5ce4eba70f8660c028	5	35	baseline 7.9 (unchanged)
7	10	4059cb38013313453593fb252c04f4fc2d720c3ce78ccebf29c8ef18cfe56252	23	106	baseline 7.10 (unchanged)
7	11	d7e45a77928d5c7b7c3f9a315b4fa2ba77a7b203157d26d0e5baadc028700984	2	14	baseline 7.11 (unchanged)
7	12	7e3d495490e86c55f74dfeb4a4cfa0e38c2f6c28d0ee4dbf41e58826f54b50d1	15	79	baseline 7.12 (unchanged)
7	13	31351bb70073cbaa23b6416f5ba1d600c1759d033da4ecb3575d85eeae52affc	5	29	baseline 7.13 (unchanged)
7	14	843a253dc125807bbfebd0294d0bc3f2c84dd2989e8ab73132958719bc371331	51	300	baseline 7.14 (unchanged)
7	15	afa281d4eef6fbeff2ec022e84cbc520836cf8598b1ceeb345f0a734660c89fe	6	33	baseline 7.15 (unchanged)
7	16	858f66d7b86ff5ea94874d7bd195da1862ef4d242d606de3516927286170aac5	20	95	baseline 7.16 (unchanged)
7	17	2c898dfe39d14385b37b5c62109c7c046798fc1a67390b642e9eaaee39233a47	8	58	baseline 7.17 (unchanged)
7	18	331179ad9518e25e088c53119fab23a3fe4fd9b121a1d9f07e1a9c40b8fbc503	14	66	baseline 7.18 (unchanged)
7	19	fab6484b72eec9720fbc576bd66d760516212bb88d461b299117b5b86490cc25	2	12	baseline 7.19 (unchanged)
7	20	829d13ce11dcebd2dc64a41431fff72b8931a02ec027385585deaf76c378cd42	189	967	baseline 7.20 (unchanged)
7	21	c7ef721d313f7d24934e88adbd21b5a0430bdac632c7adfca4174dadcf022791	4	27	baseline 7.21 (unchanged)
7	22	bf900a35ac5ff8d3c30baab68237163c7968e347f17de235de544dfa8f91665b	41	221	baseline 7.22 (unchanged)
7	23	9b4a1059b5ed56ba1e0e3b77efe350473ca707db29af43fc4a35febe7c5695ac	4	21	baseline 7.23 (unchanged)
7	24	5d90cffb3b32859c33e9a8b48a0af911871d3948fe3f367685d210cb3c6023b0	48	232	baseline 7.24 (unchanged)
7	25	9b4a1059b5ed56ba1e0e3b77efe350473ca707db29af43fc4a35febe7c5695ac	4	21	baseline 7.25 (unchanged)
7	26	2b7c224e4803d88b6e72afb90c86a62631852d07a573d2d57603bf4044211428	25	143	baseline 7.26 (unchanged)
7	27	0844535f431db6243d5a85596d2879f05e5eec409675032048cadef37e572565	3	18	baseline 7.27 (unchanged)
7	28	f593e3503570fc83ae001707672b48483e4dd0e923a2e9860279f2fb4ff37ddc	52	257	baseline 7.28 (unchanged)
7	29	7de9881624ef6d17ab8dec788f4f9f63bc9055a96505c9ade1bc8c06b95796cd	3	20	baseline 7.29 (unchanged)
7	30	1b2c0659cc44b2331532e154346e1a271ce40ebbaddd75566c19352d5d8d26a7	25	118	baseline 7.30 (unchanged)
7	31	6b5a1129691460287643e395ef49965747b5dc078289a37e1cf96392f53a99bc	2	12	baseline 7.31 (unchanged)
7	32	cd9305ae44a93b1513519358439392ad68872c2f600178cc66dd4be8212103a9	19	98	baseline 7.32 (unchanged)
7	33	83784b5b9fa986b8f9e58a1ec07d2c5be9f0f0f872c8595ee4e3314080444783	3	16	baseline 7.33 (unchanged)
7	34	aa2f4d50658b9325f72934295e1cbb0854b035a2e9c8195fe93a719285d5e9fb	7	37	baseline 7.34 (unchanged)
7	35	0c2089b68d804cef3ec8611f0660b82054447f15f513ec8145d16d54cbaeabb3	3	24	baseline 7.35 (unchanged)
7	36	c9491c2c7503eb32812b5c122fb5e7cd6cb13dbeac53f5decfe56c771b7e14b0	13	76	baseline 7.36 (unchanged)
7	37	e575a371ec6e684aa0cef22ef9a99f2c015e4b052fd102122666a7f9b67e9726	2	16	baseline 7.37 (unchanged)
7	38	8e5b509516a667efad7ead7d8591360a8996161908c7e015607aa09e761c1a62	9	50	baseline 7.38 (unchanged)
7	39	d0eea84e62c61b3aa71787c9aba719f6adc52cd1f3ddce307e215fee7c3493e6	13	70	baseline 7.39 (unchanged)
7	40	41599e9fd8fc76f312629860028caf7487b57a3aa2f9d8829e895233a9c31e37	28	155	baseline 7.40 (unchanged)
7	41	96aa879329f2ab0f25db40719bb8c5117b404da53bea12fa420fafa00b559538	1	6	baseline 7.41 (unchanged)
7	42	51deb56142da7b3f2b9dd322ed95e7327b7d424c9d93921b94ba9320b4f3d456	10	58	baseline 7.42 (unchanged)
7	43	6be92418a23db460ab4a8751a336045d289e0ba9587f792f8cef6d78c9419de0	16	89	baseline 7.43 (unchanged)
7	44	ca9147fcd67137bbe1fcc33573961fe6928d1e335d3933c08d9e8142930a7665	15	96	baseline 7.44 (unchanged)
7	45	cad2fc7bc509bd4dfc5bb9d7099c07ae1fff4149021899886ef56a5991308d55	244	1231	baseline 7.45 (unchanged)
7	46	ee2a17bc7266c156364bb3c753401859399cbdf84c471eae125cf08b80a8138d	284	1460	baseline 7.46 (unchanged)
7	47	1b7090532645552485680a631188d6189cf21dadbc2cf22f3b6544efaa18031e	273	1497	baseline 7.47 (unchanged)
7	48	64b63f0ff808108b58ba4c976d321d5f19f30831e0766473a486e3ad91d28fb5	247	1352	baseline 7.48 (unchanged)
7	49	9939e54866cef757157404c4cee11db8ccd91a6c610a98b804186d64a0e05232	289	1493	baseline 7.49 (unchanged)
7	50	9bcee48e4fabb1f6a4abd60e920a2ab76de08a8431c7e8f2da09e18e4f1d0a4f	224	1211	baseline 7.50 (unchanged)
7	51	381f3aaf1997d964d4084fb063adc5912286c7d5548a61c8a16d1a49c17d31e6	221	1183	baseline 7.51 (unchanged)
7	52	589553d99bcdaa799eaf4ac3a9a4ea498ba7e4bee4693d55a44bd0982434fec3	263	1406	baseline 7.52 (unchanged)
7	53	7ed88953e87917a4f3cd0b17214f923579052a2379c602ea9d42b75c85438ed9	212	1152	baseline 7.53 (unchanged)
7	54	03f18e43579d3d1c4815c454d401e4d16e5900d6f22fcbde742902caaf32b840	179	1064	baseline 7.54 (unchanged)
7	55	374af300a0776157f6ae6c0ad6e8ceccd3b1d73b9a8c224625a82386e0d22d8d	272	1433	baseline 7.55 (unchanged)
7	56	d685d3d655140d50755650990460a4d01357ba7f0a01dcd4d91ada6bff72c778	247	1409	baseline 7.56 (unchanged)
7	57	8d3548b90af9c5396226a30cd0cdcc96825492722e547bdca4f14169cef41dad	25	138	baseline 7.57 (unchanged)
7	58	240e37bfc98d4b4c4f6eb76c6421f2614aeb676eef66e087e6eca728cbb6b4f8	195	1043	baseline 7.58 (unchanged)
7	59	f2ce34542baf58f357c962c3fe4cf050105a5cf51fa028343351bec2364e3541	161	900	baseline 7.59 (unchanged)
7	60	d66846dcc97b5a1ca28f017093d5cd985d2c36442d7251cda45f6ecd00377250	218	1188	baseline 7.60 (unchanged)
7	61	e95d74fdb34b72fd4ba9f085336ad87b59ba13dd1340b68ec212a35c36af26d3	77	416	baseline 7.61 (unchanged)
7	62	8e0e9360766f432ca461c3c5c3931c54c96830a0560f96dcc0039eb3835068d7	214	1082	baseline 7.62 (unchanged)
7	63	f199d15c0d72b831a3a965c9b9fc78b7c92638eaaabe2feb7f5f8d4b3efeb7cd	178	948	baseline 7.63 (unchanged)
7	64	366179fb0f2d8140fdb9f0ae152f81f55162909eeb0549d403d2c51a4437799c	213	1135	baseline 7.64 (unchanged)
7	65	368bdfea20e894ab73add906f46a570eaee819d1b816f9030006ce148aa341df	234	1233	baseline 7.65 (unchanged)
7	66	ba5b5a1ff7bec7780da969152530bfb3008ae6109a4e08faada5ea3aac8add43	65	345	baseline 7.66 (unchanged)
7	67	6419120aa44e3158030d78982eac0d24398002ac234e34ce4b5e66a2447b0c8e	103	513	baseline 7.67 (unchanged)
7	68	d417d2fe76580d9e2f0848ca426d91388a9bfc1bcaae5c81df42e2f825113b8e	20	111	baseline 7.68 (unchanged)
8	0	413004f16fc89427cd42f36d29f572c445f9597004c04d81a9529e6d0124501f	274	1453	baseline 7.69 (unchanged)
8	1	6848d159546e79468bf0fc021849f9b828f6d93fcb7c986bec516c27bc86de6d	7	31	baseline 7.70 (unchanged)
8	2	94ba300c9a250af85d310b2230caaea93eed2f0de86ce9ca9e485d4add004f56	106	576	baseline 7.71 (unchanged)
8	3	05cda0c63ac8365aaf61841fb668660c3c8dc5f7b1f6ae1159eb9d152742e48f	98	519	baseline 7.72 (unchanged)
8	4	1b6e2fc3483ccd4dcced98f90be46ec59eb8122aebb68ae5b7133b0ecf6b6ea2	116	566	baseline 7.73 (unchanged)
8	5	a0266afd498c399c6c2e444860badc1cfc389e6863639d026e17fa8b5b8b41c1	95	537	baseline 7.74 (unchanged)
8	6	1a46be71fa9d29b2482cfc42e7543bb614435213f2fd8ed032c4517f34bf75f2	137	744	baseline 7.75 (unchanged)
8	7	c5084d160b2b4e86a0a4d3a3ad86739259f9b4036a5b5ae2b0c7bcf382080f84	26	151	baseline 7.76 (unchanged)
8	8	7436d5d7a8ad3d84a947a980291441194e9730df4c11c70ff409829f7511647d	12	70	baseline 7.77 (unchanged)
8	9	6ec46c0f96e7f1816438081d900488736826525279ee149f9fe738b2ea9639fa	11	60	baseline 7.78 (unchanged)
8	10	76687515c3be5b8824219055dab20266dee7c3561cf76a00210bb52069bac770	7	39	baseline 7.79 (unchanged)
8	11	c9e1b0f0c14f4caf5035f29ab08d428bac86d821dc17b058695d9484073e20ed	8	49	baseline 7.80 (unchanged)
8	12	dfd766f38664fc5e749bfd36b919ce71993575279a4d43c8b2f51ca1b2a41535	10	54	baseline 7.81 (unchanged)
8	13	9020e44395244fb9620a5a8a3634f24ce71c2c0d2bc21f688d6dfd9f79bcfc32	84	420	baseline 7.82 (unchanged)
8	14	4721ad983cacf00ab192c04c55e2e78141675e96a0b77bedb2e16045e789af37	77	411	baseline 7.83 (unchanged)
8	15	16df5b640c1b6fdfbdf8be7f81b4c100834311f10ef06c3217fecf34ebc95cb1	4	27	baseline 7.84 (unchanged)
8	16	e4432dd75bd9fca47ef863c53c09c9a56ade4112b51472c3469ed0c2a6899ff8	23	124	baseline 7.85 (unchanged)
8	17	8a1773f9243702c2f1d4cd85848c41bbb5ba75005e3b60313e830e8ed633afc9	9	61	baseline 7.86 (unchanged)
8	18	b652452fb76b3a4fd488f7b1274eb29705b6d761ffc57f873c25ddfa89b9c394	18	114	baseline 7.87 (unchanged)
8	19	0aa4c58a30622cf17f23d25bb439d79df676bc5de7c4c54105ec9f14f097f8ac	23	120	baseline 7.88 (unchanged)
8	20	da4a03078534037a2ae9af2f584d1e29f30a43c8d5263b6327a7428a62942d54	12	55	baseline 7.89 (unchanged)
8	21	e6234c63e9ffdaa7f7870d5ce76af67bae65e163646c24168253010f8bbd767e	11	55	baseline 7.90 (unchanged)
8	22	2eafdf7a8331a1e209a4debb407b943d7f5608896db8a350fb2b29e7aec9f7f9	77	381	baseline 7.91 (unchanged)
8	23	cd5a3cd30ea24270a3fb0db4841f3641a4bd45301671a7b9ab013e3ec4531667	255	1309	baseline 7.92 (unchanged)
8	24	643663ee13ea57597f0e7afe9bbb343e473c659059d42f7c4d33fd35ccfcc45a	281	1439	baseline 7.93 (unchanged)
8	25	2101cc4dca8e5018cee15b7305b1972f0e31f50629ca388d979efcef69841e8b	125	555	baseline 7.94 (unchanged)
8	26	24663d2d116df340758c286defc1818a09585aa60aa187a3929194d6bfa4245e	283	1427	baseline 7.95 (unchanged)
8	27	96c283ba1cd713a9db8d76b5b18e3cb3068ab6f4249f72e085e5ef5ef7a9db72	285	1447	baseline 7.96 (unchanged)
8	28	346311c55c5c9571ad2093ed6f33007326b2828b5f59e7f191a4f2e00c5c8764	261	1394	baseline 7.97 (unchanged)
8	29	bd6f2fb7e0c0bc97b3ddba93f26bd4d65bb4442d658163528bf5bc112687c84f	308	1505	baseline 7.98 (unchanged)
8	30	063c87521f298a776889d38e2832788d97a29cf65fa4747935bc6b9d71ae21bc	235	1241	baseline 7.99 (unchanged)
8	31	40f21de3249c5784e3ddd1f4d9e623bb082557274e1385d71f6dbac883347bc9	264	1410	baseline 7.100 (unchanged)
8	32	4a91a7d76f448dca3b2ce04f3436338f49fe3264e7fbe623ec0d67c599eb18e6	85	456	baseline 7.101 (unchanged)
8	33	fb07a09f23f0d2f58d5ef2e86f5184f490c4729f50ebaa3df009b2966d11bc95	17	82	baseline 7.102 (unchanged)
8	34	a918ac58a7b23948ce794e6fb71b68a801cef29d99a98df3bf3a52048256c0dd	9	50	baseline 7.103 (unchanged)
8	35	3da3b407510e3ccfd0aaafacd20479e8ab07e7dc069f4a8010182c986c3afb16	255	1300	baseline 7.104 (unchanged)
8	36	e5f5dd7c0ed45be5184595a6449713765cd3f4d35bc24dfc84ac4c01dc406f9e	223	1240	baseline 7.105 (unchanged)
8	37	40da0fd6a954f5165770488cf6638ef182b58f0225dc78132de63232bfe7a238	222	1175	baseline 7.106 (unchanged)
8	38	749d351a2576109e35d74bc95f240ab596c40bdb5b5696ec6a9e1f3037058e12	92	477	baseline 7.107 (unchanged)
8	39	714debf56b7ff4803f2253208586d96f23b47d79a62eef2652f745320a4ac5e9	125	652	baseline 7.108 (unchanged)
8	40	31dff27c6c9fdb7b15c40ade217a1b8ecc8cc3720cabb0375c1a227224469788	48	237	baseline 7.109 (unchanged)
8	41	c36b22d33259aad4efa1517a8e7ba86d24ca415262594282d67b5f609124add2	16	85	baseline 7.110 (unchanged)
8	42	07059140d8c776e6d50b4afb1918fac5648aea7e3418e49028272b2cdfaee2ae	32	162	baseline 7.111 (unchanged)
8	43	c899dd034453c91c18e61298682f0d3b41072522a2d4288eafc9a2f096828cad	62	305	baseline 7.112 (unchanged)
8	44	dc32b38e1f473f528463140516c8aacc190ac1c4350fe722cbb94935f12ea9d2	14	84	baseline 7.113 (unchanged)
8	45	173c77fecd1121518cd430a6ce8f227ccca697ff2669bbda2d90053212073740	32	185	baseline 7.114 (unchanged)
8	46	d58872a0efbc88e80e8b8ff932359ec28dcf608209a86d5fa0c693845d8f5de3	263	1500	baseline 8.0 (unchanged)
