# Coordinates: chapter number (1-based) . paragraph index (0-based), in the pinned input.
# Chapters not listed map by identity (same chapter, same index, same text).
# merge-tail offset = UTF-16 code units to ADD to any character offset in the old tail paragraph
# (= UTF-16 length of the old head paragraph + 1 for the joining space). It differs per edition.
old_chapter	old_index	new_chapter	new_index	op	offset_shift_original_en	offset_shift_modern_en
4	0	4	0	keep	0	0
4	1	4	1	keep	0	0
4	2	4	2	keep	0	0
4	3	4	3	keep	0	0
4	4	4	4	keep	0	0
4	5	4	5	keep	0	0
4	6	4	6	keep	0	0
4	7	4	7	keep	0	0
4	8	4	8	keep	0	0
4	9	4	9	keep	0	0
4	10	4	10	keep	0	0
4	11	4	11	keep	0	0
4	12	4	12	keep	0	0
4	13	4	13	keep	0	0
4	14	4	14	keep	0	0
4	15	4	15	keep	0	0
4	16	4	16	keep	0	0
4	17	4	17	keep	0	0
4	18	4	18	keep	0	0
4	19	4	19	keep	0	0
4	20	4	20	keep	0	0
4	21	4	21	keep	0	0
4	22	4	22	keep	0	0
4	23	4	23	keep	0	0
4	24	4	24	keep	0	0
4	25	4	25	keep	0	0
4	26	4	26	keep	0	0
4	27	4	27	keep	0	0
4	28	4	28	keep	0	0
4	29	4	29	keep	0	0
4	30	4	30	keep	0	0
4	31	4	31	keep	0	0
4	32	4	32	keep	0	0
4	33	4	33	keep	0	0
4	34	4	34	keep	0	0
4	35	4	35	keep	0	0
4	36	4	36	keep	0	0
4	37	4	37	keep	0	0
4	38	4	38	keep	0	0
4	39	4	39	keep	0	0
4	40	4	40	keep	0	0
4	41	4	41	keep	0	0
4	42	4	42	keep	0	0
4	43	4	43	keep	0	0
4	44	4	44	keep	0	0
4	45	4	45	keep	0	0
4	46	4	46	keep	0	0
4	47	4	47	keep	0	0
4	48	4	48	keep	0	0
4	49	4	49	keep	0	0
4	50	4	50	keep	0	0
4	51	4	51	keep	0	0
4	52	4	52	keep	0	0
4	53	4	53	keep	0	0
4	54	4	54	keep	0	0
4	55	4	55	keep	0	0
4	56	4	56	keep	0	0
4	57	4	57	keep	0	0
4	58	4	58	keep	0	0
4	59	4	59	keep	0	0
4	60	4	60	keep	0	0
4	61	4	61	keep	0	0
4	62	4	62	keep	0	0
4	63	4	63	keep	0	0
4	64	4	64	keep	0	0
4	65	4	65	keep	0	0
4	66	4	66	keep	0	0
4	67	4	67	keep	0	0
4	68	4	68	keep	0	0
4	69	4	69	keep	0	0
4	70	4	70	keep	0	0
4	71	4	71	keep	0	0
4	72	4	72	keep	0	0
4	73	4	73	keep	0	0
4	74	4	74	keep	0	0
4	75	4	75	keep	0	0
4	76	4	76	keep	0	0
4	77	4	77	keep	0	0
4	78	4	78	keep	0	0
4	79	4	79	keep	0	0
4	80	4	80	keep	0	0
4	81	4	81	keep	0	0
4	82	4	82	keep	0	0
4	83			delete		
4	84	4	83	renumber	0	0
4	85	4	84	renumber	0	0
4	86	4	85	renumber	0	0
4	87	4	86	renumber	0	0
4	88	4	87	renumber	0	0
4	89	4	88	renumber	0	0
4	90	4	89	renumber	0	0
4	91	4	90	renumber	0	0
4	92	4	91	renumber	0	0
4	93	4	92	renumber	0	0
4	94	4	93	renumber	0	0
4	95	4	94	renumber	0	0
4	96	4	95	renumber	0	0
4	97	4	96	renumber	0	0
4	98	4	97	renumber	0	0
4	99	4	98	renumber	0	0
4	100	4	99	renumber	0	0
4	101	4	100	renumber	0	0
4	102	4	101	renumber	0	0
4	103	4	102	renumber	0	0
4	104	4	103	renumber	0	0
4	105	4	104	renumber	0	0
4	106	4	105	renumber	0	0
4	107	4	106	renumber	0	0
4	108	4	107	renumber	0	0
4	109	4	108	renumber	0	0
4	110	4	109	renumber	0	0
4	111	4	110	renumber	0	0
4	112	4	111	renumber	0	0
4	113	4	112	renumber	0	0
4	114	4	113	renumber	0	0
4	115	4	114	renumber	0	0
4	116	4	115	renumber	0	0
4	117	4	116	renumber	0	0
4	118	4	117	renumber	0	0
4	119	4	118	renumber	0	0
4	120	4	119	renumber	0	0
4	121	4	120	renumber	0	0
4	122	4	121	renumber	0	0
4	123	4	122	renumber	0	0
12	0	12	0	keep	0	0
12	1	12	1	keep	0	0
12	2	12	2	keep	0	0
12	3	12	3	keep	0	0
12	4	12	4	keep	0	0
12	5	12	5	keep	0	0
12	6	12	6	keep	0	0
12	7	12	7	keep	0	0
12	8	12	8	keep	0	0
12	9	12	9	keep	0	0
12	10	12	10	keep	0	0
12	11	12	11	keep	0	0
12	12	12	12	keep	0	0
12	13	12	13	keep	0	0
12	14	12	14	keep	0	0
12	15	12	15	keep	0	0
12	16	12	16	keep	0	0
12	17	12	17	keep	0	0
12	18	12	18	keep	0	0
12	19	12	19	keep	0	0
12	20	12	20	keep	0	0
12	21	12	21	keep	0	0
12	22	12	22	keep	0	0
12	23	12	23	keep	0	0
12	24	12	24	keep	0	0
12	25	12	25	keep	0	0
12	26	12	26	keep	0	0
12	27	12	27	keep	0	0
12	28	12	28	keep	0	0
12	29	12	29	keep	0	0
12	30	12	30	keep	0	0
12	31	12	31	keep	0	0
12	32	12	32	keep	0	0
12	33	12	33	keep	0	0
12	34	12	34	keep	0	0
12	35	12	35	keep	0	0
12	36	12	36	keep	0	0
12	37	12	37	keep	0	0
12	38	12	38	keep	0	0
12	39	12	39	keep	0	0
12	40	12	40	keep	0	0
12	41	12	41	keep	0	0
12	42	12	42	keep	0	0
12	43	12	43	keep	0	0
12	44	12	44	keep	0	0
12	45	12	45	keep	0	0
12	46			delete		
12	47	12	46	renumber	0	0
12	48	12	47	renumber	0	0
12	49	12	48	renumber	0	0
12	50	12	49	renumber	0	0
12	51	12	50	renumber	0	0
12	52	12	51	renumber	0	0
12	53	12	52	renumber	0	0
12	54	12	53	renumber	0	0
12	55	12	54	renumber	0	0
12	56	12	55	renumber	0	0
12	57	12	56	renumber	0	0
12	58	12	57	renumber	0	0
12	59	12	58	renumber	0	0
12	60	12	59	renumber	0	0
12	61	12	60	renumber	0	0
12	62	12	61	renumber	0	0
12	63	12	62	renumber	0	0
12	64	12	63	renumber	0	0
12	65	12	64	renumber	0	0
12	66	12	65	renumber	0	0
12	67	12	66	renumber	0	0
12	68	12	67	renumber	0	0
15	0	15	0	keep	0	0
15	1	15	1	keep	0	0
15	2	15	2	keep	0	0
15	3	15	3	keep	0	0
15	4	15	4	keep	0	0
15	5	15	5	keep	0	0
15	6	15	6	keep	0	0
15	7	15	7	keep	0	0
15	8	15	8	keep	0	0
15	9	15	9	keep	0	0
15	10	15	10	keep	0	0
15	11	15	11	keep	0	0
15	12	15	12	keep	0	0
15	13	15	13	keep	0	0
15	14	15	14	keep	0	0
15	15	15	15	keep	0	0
15	16	15	16	keep	0	0
15	17	15	17	keep	0	0
15	18	15	18	keep	0	0
15	19	15	19	keep	0	0
15	20	15	20	keep	0	0
15	21	15	21	keep	0	0
15	22	15	22	keep	0	0
15	23	15	23	keep	0	0
15	24	15	24	keep	0	0
15	25	15	25	keep	0	0
15	26	15	26	keep	0	0
15	27	15	27	keep	0	0
15	28	15	28	keep	0	0
15	29	15	29	keep	0	0
15	30	15	30	keep	0	0
15	31	15	31	keep	0	0
15	32	15	32	keep	0	0
15	33	15	33	keep	0	0
15	34	15	34	keep	0	0
15	35	15	35	keep	0	0
15	36	15	36	keep	0	0
15	37	15	37	keep	0	0
15	38	15	38	keep	0	0
15	39	15	39	keep	0	0
15	40	15	40	keep	0	0
15	41	15	41	keep	0	0
15	42	15	42	keep	0	0
15	43	15	43	keep	0	0
15	44	15	44	keep	0	0
15	45			delete		
15	46	15	45	renumber	0	0
15	47	15	46	renumber	0	0
15	48	15	47	renumber	0	0
15	49	15	48	renumber	0	0
15	50	15	49	renumber	0	0
15	51	15	50	renumber	0	0
15	52	15	51	renumber	0	0
15	53	15	52	renumber	0	0
15	54	15	53	renumber	0	0
15	55	15	54	renumber	0	0
15	56	15	55	renumber	0	0
15	57	15	56	renumber	0	0
15	58	15	57	renumber	0	0
15	59	15	58	renumber	0	0
15	60	15	59	renumber	0	0
15	61	15	60	renumber	0	0
15	62	15	61	renumber	0	0
15	63	15	62	renumber	0	0
15	64	15	63	renumber	0	0
15	65	15	64	renumber	0	0
15	66	15	65	renumber	0	0
15	67	15	66	renumber	0	0
15	68	15	67	renumber	0	0
15	69	15	68	renumber	0	0
15	70	15	69	renumber	0	0
15	71	15	70	renumber	0	0
15	72	15	71	renumber	0	0
15	73	15	72	renumber	0	0
15	74	15	73	renumber	0	0
15	75	15	74	renumber	0	0
15	76	15	75	renumber	0	0
15	77	15	76	renumber	0	0
18	0	18	0	keep	0	0
18	1	18	1	keep	0	0
18	2	18	2	keep	0	0
18	3	18	3	keep	0	0
18	4	18	4	keep	0	0
18	5	18	5	keep	0	0
18	6	18	6	keep	0	0
18	7	18	7	keep	0	0
18	8	18	8	keep	0	0
18	9	18	9	keep	0	0
18	10	18	10	keep	0	0
18	11	18	11	keep	0	0
18	12	18	12	keep	0	0
18	13	18	13	keep	0	0
18	14	18	14	keep	0	0
18	15	18	15	keep	0	0
18	16	18	16	keep	0	0
18	17	18	17	keep	0	0
18	18	18	18	keep	0	0
18	19	18	19	keep	0	0
18	20	18	20	keep	0	0
18	21	18	21	keep	0	0
18	22	18	22	keep	0	0
18	23	18	23	keep	0	0
18	24	18	24	keep	0	0
18	25	18	25	keep	0	0
18	26	18	26	keep	0	0
18	27	18	27	keep	0	0
18	28	18	28	keep	0	0
18	29	18	29	keep	0	0
18	30	18	30	keep	0	0
18	31	18	31	keep	0	0
18	32	18	32	keep	0	0
18	33	18	33	keep	0	0
18	34	18	34	keep	0	0
18	35	18	35	keep	0	0
18	36	18	36	keep	0	0
18	37	18	37	keep	0	0
18	38	18	38	keep	0	0
18	39	18	39	keep	0	0
18	40	18	40	keep	0	0
18	41	18	41	keep	0	0
18	42	18	42	keep	0	0
18	43	18	43	keep	0	0
18	44	18	44	keep	0	0
18	45	18	45	keep	0	0
18	46	18	46	keep	0	0
18	47	18	47	keep	0	0
18	48	18	48	keep	0	0
18	49	18	49	keep	0	0
18	50	18	50	keep	0	0
18	51	18	51	keep	0	0
18	52	18	52	keep	0	0
18	53	18	53	keep	0	0
18	54	18	54	keep	0	0
18	55	18	55	keep	0	0
18	56	18	56	keep	0	0
18	57	18	57	keep	0	0
18	58	18	58	keep	0	0
18	59	18	59	keep	0	0
18	60	18	60	keep	0	0
18	61	18	61	keep	0	0
18	62	18	62	keep	0	0
18	63	18	63	keep	0	0
18	64	18	64	keep	0	0
18	65	18	65	keep	0	0
18	66	18	66	keep	0	0
18	67	18	67	keep	0	0
18	68	18	68	keep	0	0
18	69	18	69	keep	0	0
18	70	18	70	keep	0	0
18	71	18	71	keep	0	0
18	72	18	72	keep	0	0
18	73	18	73	keep	0	0
18	74	18	74	keep	0	0
18	75	18	75	keep	0	0
18	76	18	76	keep	0	0
18	77	18	77	keep	0	0
18	78	18	78	keep	0	0
18	79	18	79	keep	0	0
18	80	18	80	keep	0	0
18	81	18	81	keep	0	0
18	82	18	82	keep	0	0
18	83	18	83	keep	0	0
18	84	18	84	keep	0	0
18	85	18	85	keep	0	0
18	86	18	86	keep	0	0
18	87	18	87	keep	0	0
18	88	18	88	keep	0	0
18	89	18	89	keep	0	0
18	90	18	90	keep	0	0
18	91	18	91	keep	0	0
18	92			delete		
18	93	18	92	renumber	0	0
18	94	18	93	renumber	0	0
18	95	18	94	renumber	0	0
18	96	18	95	renumber	0	0
18	97	18	96	renumber	0	0
18	98	18	97	renumber	0	0
18	99	18	98	renumber	0	0
18	100	18	99	renumber	0	0
18	101	18	100	renumber	0	0
18	102	18	101	renumber	0	0
19	0	19	0	keep	0	0
19	1	19	1	keep	0	0
19	2	19	2	keep	0	0
19	3	19	3	keep	0	0
19	4	19	4	keep	0	0
19	5	19	5	keep	0	0
19	6	19	6	keep	0	0
19	7	19	7	keep	0	0
19	8	19	8	keep	0	0
19	9	19	9	keep	0	0
19	10	19	10	keep	0	0
19	11	19	11	keep	0	0
19	12	19	12	keep	0	0
19	13	19	13	keep	0	0
19	14	19	14	keep	0	0
19	15	19	15	keep	0	0
19	16	19	16	keep	0	0
19	17	19	17	keep	0	0
19	18	19	18	keep	0	0
19	19	19	19	keep	0	0
19	20	19	20	keep	0	0
19	21	19	21	keep	0	0
19	22	19	22	keep	0	0
19	23	19	23	keep	0	0
19	24	19	24	keep	0	0
19	25	19	25	keep	0	0
19	26	19	26	keep	0	0
19	27	19	27	keep	0	0
19	28	19	28	keep	0	0
19	29	19	29	keep	0	0
19	30	19	30	keep	0	0
19	31	19	31	keep	0	0
19	32	19	32	keep	0	0
19	33	19	33	keep	0	0
19	34	19	34	keep	0	0
19	35	19	35	keep	0	0
19	36	19	36	keep	0	0
19	37	19	37	keep	0	0
19	38	19	38	keep	0	0
19	39	19	39	keep	0	0
19	40	19	40	keep	0	0
19	41	19	41	keep	0	0
19	42	19	42	keep	0	0
19	43	19	43	keep	0	0
19	44	19	44	keep	0	0
19	45	19	45	keep	0	0
19	46	19	46	keep	0	0
19	47	19	47	keep	0	0
19	48	19	48	keep	0	0
19	49	19	49	keep	0	0
19	50	19	50	keep	0	0
19	51	19	51	keep	0	0
19	52	19	52	keep	0	0
19	53	19	53	keep	0	0
19	54	19	54	keep	0	0
19	55	19	55	keep	0	0
19	56	19	56	keep	0	0
19	57	19	57	keep	0	0
19	58	19	58	keep	0	0
19	59	19	59	keep	0	0
19	60	19	60	keep	0	0
19	61	19	61	keep	0	0
19	62	19	62	keep	0	0
19	63	19	63	keep	0	0
19	64	19	64	keep	0	0
19	65	19	65	keep	0	0
19	66	19	66	keep	0	0
19	67	19	67	keep	0	0
19	68	19	68	keep	0	0
19	69	19	69	keep	0	0
19	70	19	70	keep	0	0
19	71	19	71	keep	0	0
19	72	19	72	keep	0	0
19	73	19	73	keep	0	0
19	74	19	74	keep	0	0
19	75	19	75	keep	0	0
19	76	19	76	keep	0	0
19	77	19	77	keep	0	0
19	78			delete		
19	79	19	78	renumber	0	0
19	80	19	79	renumber	0	0
19	81	19	80	renumber	0	0
19	82	19	81	renumber	0	0
19	83	19	82	renumber	0	0
19	84	19	83	renumber	0	0
19	85	19	84	renumber	0	0
19	86	19	85	renumber	0	0
19	87	19	86	renumber	0	0
19	88	19	87	renumber	0	0
19	89	19	88	renumber	0	0
19	90	19	89	renumber	0	0
19	91	19	90	renumber	0	0
19	92	19	91	renumber	0	0
19	93	19	92	renumber	0	0
19	94	19	93	renumber	0	0
19	95	19	94	renumber	0	0
19	96	19	95	renumber	0	0
19	97	19	96	renumber	0	0
19	98	19	97	renumber	0	0
19	99	19	98	renumber	0	0
19	100	19	99	renumber	0	0
19	101	19	100	renumber	0	0
19	102	19	101	renumber	0	0
19	103	19	102	renumber	0	0
19	104	19	103	renumber	0	0
19	105	19	104	renumber	0	0
19	106	19	105	renumber	0	0
19	107	19	106	renumber	0	0
19	108	19	107	renumber	0	0
19	109	19	108	renumber	0	0
19	110	19	109	renumber	0	0
19	111	19	110	renumber	0	0
19	112	19	111	renumber	0	0
19	113	19	112	renumber	0	0
19	114	19	113	renumber	0	0
19	115	19	114	renumber	0	0
19	116	19	115	renumber	0	0
19	117	19	116	renumber	0	0
19	118	19	117	renumber	0	0
19	119	19	118	renumber	0	0
19	120	19	119	renumber	0	0
19	121	19	120	renumber	0	0
19	122	19	121	renumber	0	0
19	123	19	122	renumber	0	0
19	124	19	123	renumber	0	0
19	125	19	124	renumber	0	0
19	126	19	125	renumber	0	0
19	127	19	126	renumber	0	0
19	128	19	127	renumber	0	0
19	129	19	128	renumber	0	0
19	130	19	129	renumber	0	0
19	131	19	130	renumber	0	0
19	132	19	131	renumber	0	0
19	133	19	132	renumber	0	0
19	134	19	133	renumber	0	0
19	135	19	134	renumber	0	0
19	136	19	135	renumber	0	0
19	137	19	136	renumber	0	0
19	138	19	137	renumber	0	0
19	139	19	138	renumber	0	0
19	140	19	139	renumber	0	0
19	141	19	140	renumber	0	0
19	142	19	141	renumber	0	0
19	143	19	142	renumber	0	0
19	144	19	143	renumber	0	0
19	145	19	144	renumber	0	0
19	146	19	145	renumber	0	0
25	0	25	0	keep	0	0
25	1	25	1	keep	0	0
25	2	25	2	keep	0	0
25	3	25	3	keep	0	0
25	4	25	4	keep	0	0
25	5	25	5	keep	0	0
25	6	25	6	keep	0	0
25	7	25	7	keep	0	0
25	8	25	8	keep	0	0
25	9	25	9	keep	0	0
25	10	25	10	keep	0	0
25	11	25	11	keep	0	0
25	12	25	12	keep	0	0
25	13	25	13	keep	0	0
25	14	25	14	keep	0	0
25	15	25	15	keep	0	0
25	16	25	16	keep	0	0
25	17	25	17	keep	0	0
25	18	25	18	keep	0	0
25	19	25	19	keep	0	0
25	20	25	20	keep	0	0
25	21	25	21	keep	0	0
25	22	25	22	keep	0	0
25	23	25	23	keep	0	0
25	24	25	24	keep	0	0
25	25	25	25	keep	0	0
25	26	25	26	keep	0	0
25	27	25	27	keep	0	0
25	28	25	28	keep	0	0
25	29	25	29	keep	0	0
25	30	25	30	keep	0	0
25	31	25	31	keep	0	0
25	32	25	32	keep	0	0
25	33	25	33	keep	0	0
25	34	25	34	keep	0	0
25	35	25	35	keep	0	0
25	36	25	36	keep	0	0
25	37	25	37	keep	0	0
25	38	25	38	keep	0	0
25	39	25	39	keep	0	0
25	40	25	40	keep	0	0
25	41	25	41	keep	0	0
25	42	25	42	keep	0	0
25	43	25	43	keep	0	0
25	44	25	44	keep	0	0
25	45	25	45	keep	0	0
25	46	25	46	keep	0	0
25	47	25	47	keep	0	0
25	48	25	48	keep	0	0
25	49	25	49	keep	0	0
25	50	25	50	keep	0	0
25	51	25	51	keep	0	0
25	52	25	52	keep	0	0
25	53	25	53	keep	0	0
25	54	25	54	keep	0	0
25	55	25	55	keep	0	0
25	56	25	56	keep	0	0
25	57	25	57	keep	0	0
25	58	25	58	keep	0	0
25	59	25	59	keep	0	0
25	60	25	60	keep	0	0
25	61	25	61	keep	0	0
25	62	25	62	keep	0	0
25	63	25	63	keep	0	0
25	64	25	64	keep	0	0
25	65	25	65	keep	0	0
25	66	25	66	keep	0	0
25	67	25	67	keep	0	0
25	68	25	68	keep	0	0
25	69	25	69	keep	0	0
25	70	25	70	keep	0	0
25	71	25	71	keep	0	0
25	72	25	72	keep	0	0
25	73	25	73	keep	0	0
25	74	25	74	keep	0	0
25	75	25	75	keep	0	0
25	76	25	76	keep	0	0
25	77	25	77	keep	0	0
25	78	25	78	keep	0	0
25	79	25	79	keep	0	0
25	80	25	80	keep	0	0
25	81	25	81	keep	0	0
25	82	25	82	keep	0	0
25	83			delete		
25	84	25	83	renumber	0	0
25	85	25	84	renumber	0	0
25	86	25	85	renumber	0	0
25	87	25	86	renumber	0	0
25	88	25	87	renumber	0	0
25	89	25	88	renumber	0	0
25	90	25	89	renumber	0	0
25	91	25	90	renumber	0	0
25	92	25	91	renumber	0	0
25	93	25	92	renumber	0	0
25	94	25	93	renumber	0	0
25	95	25	94	renumber	0	0
25	96	25	95	renumber	0	0
25	97	25	96	renumber	0	0
25	98	25	97	renumber	0	0
25	99	25	98	renumber	0	0
25	100	25	99	renumber	0	0
25	101	25	100	renumber	0	0
25	102	25	101	renumber	0	0
25	103	25	102	renumber	0	0
25	104	25	103	renumber	0	0
25	105	25	104	renumber	0	0
25	106	25	105	renumber	0	0
25	107	25	106	renumber	0	0
25	108	25	107	renumber	0	0
25	109	25	108	renumber	0	0
28	0	28	0	keep	0	0
28	1	28	1	keep	0	0
28	2	28	2	keep	0	0
28	3	28	3	keep	0	0
28	4	28	4	keep	0	0
28	5	28	5	keep	0	0
28	6			delete		
28	7	28	6	renumber	0	0
28	8	28	7	renumber	0	0
28	9	28	8	renumber	0	0
28	10	28	9	renumber	0	0
28	11	28	10	renumber	0	0
28	12	28	11	renumber	0	0
28	13	28	12	renumber	0	0
28	14	28	13	renumber	0	0
28	15	28	14	renumber	0	0
28	16	28	15	renumber	0	0
28	17	28	16	renumber	0	0
28	18	28	17	renumber	0	0
28	19	28	18	renumber	0	0
28	20	28	19	renumber	0	0
28	21	28	20	renumber	0	0
28	22	28	21	renumber	0	0
28	23	28	22	renumber	0	0
28	24	28	23	renumber	0	0
28	25	28	24	renumber	0	0
28	26	28	25	renumber	0	0
28	27	28	26	renumber	0	0
28	28	28	27	renumber	0	0
28	29	28	28	renumber	0	0
28	30	28	29	renumber	0	0
28	31	28	30	renumber	0	0
28	32	28	31	renumber	0	0
28	33	28	32	renumber	0	0
28	34	28	33	renumber	0	0
28	35	28	34	renumber	0	0
28	36	28	35	renumber	0	0
28	37	28	36	renumber	0	0
28	38	28	37	renumber	0	0
28	39	28	38	renumber	0	0
28	40	28	39	renumber	0	0
28	41	28	40	renumber	0	0
28	42	28	41	renumber	0	0
28	43	28	42	renumber	0	0
28	44	28	43	renumber	0	0
28	45	28	44	renumber	0	0
28	46	28	45	renumber	0	0
28	47	28	46	renumber	0	0
28	48	28	47	renumber	0	0
28	49	28	48	renumber	0	0
28	50	28	49	renumber	0	0
28	51			delete		
28	52	28	50	renumber	0	0
28	53	28	51	renumber	0	0
28	54	28	52	renumber	0	0
28	55	28	53	renumber	0	0
28	56	28	54	renumber	0	0
28	57	28	55	renumber	0	0
28	58	28	56	renumber	0	0
28	59	28	57	renumber	0	0
28	60	28	58	renumber	0	0
28	61	28	59	renumber	0	0
28	62	28	60	renumber	0	0
28	63	28	61	renumber	0	0
28	64	28	62	renumber	0	0
28	65	28	63	renumber	0	0
28	66	28	64	renumber	0	0
28	67	28	65	renumber	0	0
28	68	28	66	renumber	0	0
28	69	28	67	renumber	0	0
28	70	28	68	renumber	0	0
28	71	28	69	renumber	0	0
28	72	28	70	renumber	0	0
28	73	28	71	renumber	0	0
28	74	28	72	renumber	0	0
28	75	28	73	renumber	0	0
28	76	28	74	renumber	0	0
28	77	28	75	renumber	0	0
28	78	28	76	renumber	0	0
28	79	28	77	renumber	0	0
28	80	28	78	renumber	0	0
28	81	28	79	renumber	0	0
28	82	28	80	renumber	0	0
28	83	28	81	renumber	0	0
28	84	28	82	renumber	0	0
28	85	28	83	renumber	0	0
28	86	28	84	renumber	0	0
28	87	28	85	renumber	0	0
28	88	28	86	renumber	0	0
28	89	28	87	renumber	0	0
28	90	28	88	renumber	0	0
28	91	28	89	renumber	0	0
28	92	28	90	renumber	0	0
28	93	28	91	renumber	0	0
28	94	28	92	renumber	0	0
28	95	28	93	renumber	0	0
28	96	28	94	renumber	0	0
28	97	28	95	renumber	0	0
28	98	28	96	renumber	0	0
28	99	28	97	renumber	0	0
28	100	28	98	renumber	0	0
28	101	28	99	renumber	0	0
28	102	28	100	renumber	0	0
28	103	28	101	renumber	0	0
28	104	28	102	renumber	0	0
28	105	28	103	renumber	0	0
28	106	28	104	renumber	0	0
28	107	28	105	renumber	0	0
28	108	28	106	renumber	0	0
28	109	28	107	renumber	0	0
28	110	28	108	renumber	0	0
28	111	28	109	renumber	0	0
28	112	28	110	renumber	0	0
28	113	28	111	renumber	0	0
28	114	28	112	renumber	0	0
28	115	28	113	renumber	0	0
28	116	28	114	renumber	0	0
28	117			delete		
28	118	28	115	renumber	0	0
28	119	28	116	renumber	0	0
28	120	28	117	renumber	0	0
28	121	28	118	renumber	0	0
28	122	28	119	renumber	0	0
28	123	28	120	renumber	0	0
28	124	28	121	renumber	0	0
28	125	28	122	renumber	0	0
28	126	28	123	renumber	0	0
28	127	28	124	renumber	0	0
28	128	28	125	renumber	0	0
28	129	28	126	renumber	0	0
28	130	28	127	renumber	0	0
28	131	28	128	renumber	0	0
28	132	28	129	renumber	0	0
28	133	28	130	renumber	0	0
28	134	28	131	renumber	0	0
28	135	28	132	renumber	0	0
28	136	28	133	renumber	0	0
28	137	28	134	renumber	0	0
28	138	28	135	renumber	0	0
28	139	28	136	renumber	0	0
28	140	28	137	renumber	0	0
28	141	28	138	renumber	0	0
28	142	28	139	renumber	0	0
28	143	28	140	renumber	0	0
28	144	28	141	renumber	0	0
28	145	28	142	renumber	0	0
28	146	28	143	renumber	0	0
33	0	33	0	keep	0	0
33	1	33	1	keep	0	0
33	2	33	2	keep	0	0
33	3	33	3	keep	0	0
33	4	33	4	keep	0	0
33	5	33	5	keep	0	0
33	6	33	6	keep	0	0
33	7	33	7	keep	0	0
33	8	33	8	keep	0	0
33	9	33	9	keep	0	0
33	10	33	10	keep	0	0
33	11	33	11	keep	0	0
33	12	33	12	keep	0	0
33	13	33	13	keep	0	0
33	14	33	14	keep	0	0
33	15	33	15	keep	0	0
33	16	33	16	keep	0	0
33	17	33	17	keep	0	0
33	18	33	18	keep	0	0
33	19	33	19	keep	0	0
33	20	33	20	keep	0	0
33	21	33	21	keep	0	0
33	22	33	22	keep	0	0
33	23	33	23	keep	0	0
33	24	33	24	keep	0	0
33	25	33	25	keep	0	0
33	26	33	26	keep	0	0
33	27	33	27	keep	0	0
33	28	33	28	keep	0	0
33	29	33	29	keep	0	0
33	30	33	30	keep	0	0
33	31	33	31	keep	0	0
33	32	33	32	keep	0	0
33	33	33	33	keep	0	0
33	34	33	34	keep	0	0
33	35	33	35	keep	0	0
33	36	33	36	keep	0	0
33	37	33	37	keep	0	0
33	38	33	38	keep	0	0
33	39	33	39	keep	0	0
33	40	33	40	keep	0	0
33	41	33	41	keep	0	0
33	42	33	42	keep	0	0
33	43	33	43	keep	0	0
33	44	33	44	keep	0	0
33	45	33	45	keep	0	0
33	46	33	46	keep	0	0
33	47	33	47	keep	0	0
33	48	33	48	keep	0	0
33	49	33	49	keep	0	0
33	50	33	50	keep	0	0
33	51	33	51	keep	0	0
33	52	33	52	keep	0	0
33	53	33	53	keep	0	0
33	54	33	54	keep	0	0
33	55	33	55	keep	0	0
33	56	33	56	keep	0	0
33	57	33	57	keep	0	0
33	58	33	58	keep	0	0
33	59	33	59	keep	0	0
33	60	33	60	keep	0	0
33	61	33	61	keep	0	0
33	62	33	62	keep	0	0
33	63	33	63	keep	0	0
33	64	33	64	keep	0	0
33	65	33	65	keep	0	0
33	66	33	66	keep	0	0
33	67	33	67	keep	0	0
33	68	33	68	keep	0	0
33	69	33	69	keep	0	0
33	70	33	70	keep	0	0
33	71	33	71	keep	0	0
33	72	33	72	keep	0	0
33	73	33	73	keep	0	0
33	74	33	74	keep	0	0
33	75	33	75	keep	0	0
33	76	33	76	keep	0	0
33	77	33	77	keep	0	0
33	78	33	78	keep	0	0
33	79	33	79	keep	0	0
33	80	33	80	keep	0	0
33	81	33	81	keep	0	0
33	82	33	82	keep	0	0
33	83	33	83	keep	0	0
33	84	33	84	keep	0	0
33	85	33	85	keep	0	0
33	86	33	86	keep	0	0
33	87	33	87	keep	0	0
33	88	33	88	keep	0	0
33	89	33	89	keep	0	0
33	90	33	90	keep	0	0
33	91	33	91	keep	0	0
33	92			delete		
33	93	33	92	renumber	0	0
33	94	33	93	renumber	0	0
33	95	33	94	renumber	0	0
33	96	33	95	renumber	0	0
33	97	33	96	renumber	0	0
33	98	33	97	renumber	0	0
33	99	33	98	renumber	0	0
33	100	33	99	renumber	0	0
33	101	33	100	renumber	0	0
33	102	33	101	renumber	0	0
33	103	33	102	renumber	0	0
33	104	33	103	renumber	0	0
33	105	33	104	renumber	0	0
33	106	33	105	renumber	0	0
33	107	33	106	renumber	0	0
33	108	33	107	renumber	0	0
33	109	33	108	renumber	0	0
33	110	33	109	renumber	0	0
33	111	33	110	renumber	0	0
33	112	33	111	renumber	0	0
33	113	33	112	renumber	0	0
33	114	33	113	renumber	0	0
33	115	33	114	renumber	0	0
33	116	33	115	renumber	0	0
33	117	33	116	renumber	0	0
33	118	33	117	renumber	0	0
33	119	33	118	renumber	0	0
33	120	33	119	renumber	0	0
33	121	33	120	renumber	0	0
33	122	33	121	renumber	0	0
33	123	33	122	renumber	0	0
33	124	33	123	renumber	0	0
33	125	33	124	renumber	0	0
33	126	33	125	renumber	0	0
33	127	33	126	renumber	0	0
33	128	33	127	renumber	0	0
33	129	33	128	renumber	0	0
33	130	33	129	renumber	0	0
33	131	33	130	renumber	0	0
33	132	33	131	renumber	0	0
33	133	33	132	renumber	0	0
33	134	33	133	renumber	0	0
33	135	33	134	renumber	0	0
33	136	33	135	renumber	0	0
33	137	33	136	renumber	0	0
33	138	33	137	renumber	0	0
33	139	33	138	renumber	0	0
33	140	33	139	renumber	0	0
33	141	33	140	renumber	0	0
33	142	33	141	renumber	0	0
34	0	34	0	keep	0	0
34	1	34	1	keep	0	0
34	2	34	2	keep	0	0
34	3	34	3	keep	0	0
34	4	34	4	keep	0	0
34	5	34	5	keep	0	0
34	6	34	6	keep	0	0
34	7	34	7	keep	0	0
34	8	34	8	keep	0	0
34	9	34	9	keep	0	0
34	10	34	10	keep	0	0
34	11	34	11	keep	0	0
34	12	34	12	keep	0	0
34	13	34	13	keep	0	0
34	14	34	14	keep	0	0
34	15	34	15	keep	0	0
34	16	34	16	keep	0	0
34	17	34	17	keep	0	0
34	18	34	18	keep	0	0
34	19	34	19	keep	0	0
34	20	34	20	keep	0	0
34	21	34	21	keep	0	0
34	22	34	22	keep	0	0
34	23	34	23	keep	0	0
34	24	34	24	keep	0	0
34	25	34	25	keep	0	0
34	26	34	26	keep	0	0
34	27	34	27	keep	0	0
34	28	34	28	keep	0	0
34	29	34	29	keep	0	0
34	30	34	30	keep	0	0
34	31	34	31	keep	0	0
34	32	34	32	keep	0	0
34	33	34	33	keep	0	0
34	34	34	34	keep	0	0
34	35	34	35	keep	0	0
34	36	34	36	keep	0	0
34	37	34	37	keep	0	0
34	38	34	38	keep	0	0
34	39	34	39	keep	0	0
34	40	34	40	keep	0	0
34	41	34	41	keep	0	0
34	42	34	42	keep	0	0
34	43	34	43	keep	0	0
34	44	34	44	keep	0	0
34	45	34	45	keep	0	0
34	46	34	46	keep	0	0
34	47	34	47	keep	0	0
34	48	34	48	keep	0	0
34	49	34	49	keep	0	0
34	50	34	50	keep	0	0
34	51	34	51	keep	0	0
34	52	34	52	keep	0	0
34	53	34	53	keep	0	0
34	54	34	54	keep	0	0
34	55	34	55	keep	0	0
34	56	34	56	keep	0	0
34	57	34	57	keep	0	0
34	58	34	58	keep	0	0
34	59	34	59	keep	0	0
34	60	34	60	keep	0	0
34	61	34	61	keep	0	0
34	62	34	62	keep	0	0
34	63	34	63	keep	0	0
34	64	34	64	keep	0	0
34	65	34	65	keep	0	0
34	66	34	66	keep	0	0
34	67	34	67	keep	0	0
34	68	34	68	keep	0	0
34	69	34	69	keep	0	0
34	70	34	70	keep	0	0
34	71	34	71	keep	0	0
34	72	34	72	keep	0	0
34	73	34	73	keep	0	0
34	74	34	74	keep	0	0
34	75	34	75	keep	0	0
34	76	34	76	keep	0	0
34	77	34	77	keep	0	0
34	78	34	78	keep	0	0
34	79	34	79	keep	0	0
34	80	34	80	keep	0	0
34	81	34	81	keep	0	0
34	82	34	82	keep	0	0
34	83	34	83	keep	0	0
34	84	34	84	keep	0	0
34	85	34	85	keep	0	0
34	86	34	86	keep	0	0
34	87	34	87	keep	0	0
34	88	34	88	keep	0	0
34	89	34	89	keep	0	0
34	90	34	90	keep	0	0
34	91	34	91	keep	0	0
34	92	34	92	keep	0	0
34	93	34	93	keep	0	0
34	94	34	94	keep	0	0
34	95	34	95	keep	0	0
34	96	34	96	keep	0	0
34	97	34	97	keep	0	0
34	98	34	98	keep	0	0
34	99	34	99	keep	0	0
34	100	34	100	keep	0	0
34	101	34	101	keep	0	0
34	102	34	102	keep	0	0
34	103	34	103	keep	0	0
34	104	34	104	keep	0	0
34	105	34	105	keep	0	0
34	106	34	106	keep	0	0
34	107	34	107	keep	0	0
34	108	34	108	keep	0	0
34	109	34	109	keep	0	0
34	110	34	110	keep	0	0
34	111	34	111	keep	0	0
34	112	34	112	keep	0	0
34	113	34	113	keep	0	0
34	114			delete		
34	115	34	114	renumber	0	0
34	116	34	115	renumber	0	0
34	117	34	116	renumber	0	0
34	118	34	117	renumber	0	0
34	119	34	118	renumber	0	0
34	120	34	119	renumber	0	0
34	121	34	120	renumber	0	0
34	122	34	121	renumber	0	0
34	123	34	122	renumber	0	0
34	124	34	123	renumber	0	0
34	125	34	124	renumber	0	0
34	126	34	125	renumber	0	0
34	127	34	126	renumber	0	0
34	128	34	127	renumber	0	0
34	129	34	128	renumber	0	0
34	130	34	129	renumber	0	0
34	131	34	130	renumber	0	0
34	132	34	131	renumber	0	0
34	133	34	132	renumber	0	0
34	134	34	133	renumber	0	0
34	135	34	134	renumber	0	0
34	136	34	135	renumber	0	0
34	137	34	136	renumber	0	0
34	138	34	137	renumber	0	0
34	139	34	138	renumber	0	0
34	140	34	139	renumber	0	0
34	141	34	140	renumber	0	0
34	142	34	141	renumber	0	0
34	143	34	142	renumber	0	0
34	144	34	143	renumber	0	0
34	145	34	144	renumber	0	0
34	146	34	145	renumber	0	0
34	147	34	146	renumber	0	0
34	148	34	147	renumber	0	0
34	149	34	148	renumber	0	0
34	150	34	149	renumber	0	0
34	151	34	150	renumber	0	0
34	152	34	151	renumber	0	0
34	153	34	152	renumber	0	0
34	154	34	153	renumber	0	0
34	155	34	154	renumber	0	0
34	156	34	155	renumber	0	0
34	157	34	156	renumber	0	0
34	158	34	157	renumber	0	0
34	159	34	158	renumber	0	0
34	160	34	159	renumber	0	0
36	0	36	0	keep	0	0
36	1	36	1	keep	0	0
36	2	36	2	keep	0	0
36	3	36	3	keep	0	0
36	4	36	4	keep	0	0
36	5	36	5	keep	0	0
36	6	36	6	keep	0	0
36	7	36	7	keep	0	0
36	8	36	8	keep	0	0
36	9	36	9	keep	0	0
36	10	36	10	keep	0	0
36	11	36	11	keep	0	0
36	12	36	12	keep	0	0
36	13	36	13	keep	0	0
36	14	36	14	keep	0	0
36	15	36	15	keep	0	0
36	16	36	16	keep	0	0
36	17	36	17	keep	0	0
36	18	36	18	keep	0	0
36	19	36	19	keep	0	0
36	20	36	20	keep	0	0
36	21	36	21	keep	0	0
36	22	36	22	keep	0	0
36	23	36	23	keep	0	0
36	24	36	24	keep	0	0
36	25	36	25	keep	0	0
36	26	36	26	keep	0	0
36	27	36	27	keep	0	0
36	28	36	28	keep	0	0
36	29	36	29	keep	0	0
36	30	36	30	keep	0	0
36	31	36	31	keep	0	0
36	32	36	32	keep	0	0
36	33	36	33	keep	0	0
36	34	36	34	keep	0	0
36	35	36	35	keep	0	0
36	36	36	36	keep	0	0
36	37	36	37	keep	0	0
36	38	36	38	keep	0	0
36	39	36	39	keep	0	0
36	40	36	40	keep	0	0
36	41	36	41	keep	0	0
36	42	36	42	keep	0	0
36	43	36	43	keep	0	0
36	44	36	44	keep	0	0
36	45	36	45	keep	0	0
36	46	36	46	keep	0	0
36	47	36	47	keep	0	0
36	48	36	48	keep	0	0
36	49	36	49	keep	0	0
36	50	36	50	keep	0	0
36	51	36	51	keep	0	0
36	52	36	52	keep	0	0
36	53			delete		
36	54	36	53	renumber	0	0
36	55	36	54	renumber	0	0
36	56	36	55	renumber	0	0
36	57	36	56	renumber	0	0
36	58	36	57	renumber	0	0
36	59	36	58	renumber	0	0
36	60	36	59	renumber	0	0
36	61	36	60	renumber	0	0
36	62	36	61	renumber	0	0
36	63	36	62	renumber	0	0
36	64	36	63	renumber	0	0
36	65	36	64	renumber	0	0
36	66	36	65	renumber	0	0
36	67	36	66	renumber	0	0
36	68	36	67	renumber	0	0
36	69	36	68	renumber	0	0
36	70	36	69	renumber	0	0
36	71	36	70	renumber	0	0
36	72	36	71	renumber	0	0
36	73	36	72	renumber	0	0
36	74	36	73	renumber	0	0
36	75	36	74	renumber	0	0
36	76	36	75	renumber	0	0
36	77	36	76	renumber	0	0
36	78	36	77	renumber	0	0
36	79	36	78	renumber	0	0
38	0	38	0	keep	0	0
38	1	38	1	keep	0	0
38	2	38	2	keep	0	0
38	3	38	3	keep	0	0
38	4	38	4	keep	0	0
38	5	38	5	keep	0	0
38	6	38	6	keep	0	0
38	7	38	7	keep	0	0
38	8	38	8	keep	0	0
38	9	38	9	keep	0	0
38	10	38	10	keep	0	0
38	11	38	11	keep	0	0
38	12	38	12	keep	0	0
38	13	38	13	keep	0	0
38	14	38	14	keep	0	0
38	15	38	15	keep	0	0
38	16	38	16	keep	0	0
38	17			delete		
38	18	38	17	renumber	0	0
38	19	38	18	renumber	0	0
38	20	38	19	renumber	0	0
38	21	38	20	renumber	0	0
38	22	38	21	renumber	0	0
38	23	38	22	renumber	0	0
