1.0	6f5988b95f399944
1.1	8e7a6bfa25e89ca2
1.2	41ee1158e2f14145
1.3	5f236c5b5e08a947
1.4	6443b75435557085
1.5	2990ee6a974f6fd0
1.6	e6580048c227c08c
1.7	420c88558dfa5a57
1.8	2166a136a1882540
1.9	b19a9a90fe98d3a7
1.10	5cdbc2a4c6ac8f1d
1.11	adcc0293cd1a2c4a
1.12	eaf548ce9c5b64fb
1.13	d20148632f93eda5
1.14	7058fc6846b2853b
1.15	dbc672a2560aecdb
1.16	c26d09dcf2d1daae
1.17	b727210e13142206
1.18	040fe100a1ec5019
1.19	f41ee89bae286db2
1.20	85e1ad2dc2ede806
1.21	4c4db5d8fc1ac614
1.22	27dfbb993964eb8f
1.23	d7e610fbf4387d5c
1.24	282c573cf3cfdce1
1.25	0b7d95c935ad9dd5
1.26	27cdc3c50683ee11
1.27	0df35a561607c141
1.28	97a576b71781c700
1.29	d014b8889f6b1d77
2.0	51e4e13e560608ed
2.1	4419b8ff4b8fcdfa
2.2	85a64360c84bcc25
2.3	579fe14aa9210b40
2.4	0f2ca507560be693
3.0	2220804784025edc
3.1	5bc87e5d165d9833
3.2	d7f0bb34f6c554de
3.3	e9c91e30156a1921
3.4	5f06a989945ed6eb
3.5	3ae54005066892e1
3.6	39a55f622ab20a40
3.7	7dede521ce4fe939
3.8	4226abb5da49b1b6
3.9	ee5e25595b45296a
3.10	6b234775b3ef8476
3.11	db40fa10d62356f8
3.12	3aa0c8946469c1aa
3.13	1d7a83712144122b
3.14	6828baf5a7ab971b
3.15	880a1dae53c49bf9
3.16	b540cfd3bd10589f
3.17	fe702981f7eaee14
3.18	02da1cb8d5951bc0
3.19	7aa93e97159d0755
3.20	e0cc83e190423303
3.21	eaf9dd8638311ef3
3.22	255b3d3add046532
3.23	6fec85fb897ca622
3.24	d3723fa04cfa7dcb
3.25	0b10c3e8a8ec0ef5
3.26	c841498b752ab1ed
3.27	b1d25d07b745c546
3.28	399a26cd691f00c1
3.29	1b07894c669a0319
3.30	9bf24371b69388ac
3.31	5db9ee4e578b43c7
3.32	4c7e6e157ccbb790
3.33	2b791032d2c68ea2
4.0	3607b443f0eff3cc
4.1	e5447a41f8f640d3
4.2	b251f0ea474747c8
4.3	b608dd599a823edd
4.4	bc3c18ba7fa3e429
5.0	ba19c09ca5eac72d
5.1	b8422abe7f42737e
5.2	b53adab1d53cefcf
5.3	2220804784025edc
5.4	3b81d230fa3238df
5.5	1c95ee56c76321d4
5.6	413e88df1fa54973
5.7	6783105b9547cf5d
5.8	0a71b5251da02cb0
5.9	0d5c50aa8c5743f8
5.10	904110256fffa819
5.11	c2df22197e7aacdc
5.12	0ee6fe4cd6ddde33
5.13	a3453568a6b68ebd
5.14	8b995aa4a0839c89
5.15	0c9c8f40af7cfc13
5.16	6932b7ef103e6642
5.17	cae2be78ad179046
5.18	299520e284cac20b
5.19	d597c6601b61b84a
5.20	d28a2194fc598160
5.21	71f077aac19b122f
5.22	d81df2b550d876fd
5.23	ef1601cf21a7fc99
5.24	128936d060a35dd4
5.25	f6d9e959a50ed0e0
5.26	ac56f7d518b437bb
5.27	d59020fe87600317
5.28	854da7dbc62ca577
5.29	996adaaeda2f7293
5.30	f953af1c5cffd856
5.31	a1e177420cf85acc
5.32	6850a45978aa8460
5.33	c28b35fb9f122732
5.34	59d4b96ae5aa28be
5.35	43d187e23324c5b0
5.36	035bac5065943fa2
5.37	4aa68b17fe9a0ca5
5.38	e13afc39702c0e0e
5.39	9fea1fad07d354b1
5.40	697ca53b53cd2ccf
5.41	f406a7c6bfe1c53b
5.42	c2a01e591e9469b1
5.43	141ffce064703482
5.44	ceeca40283c9122d
5.45	18d4248741aa8ca3
5.46	8519aeac9aa8e628
5.47	9a65f507e127a06b
5.48	028a46c053419815
5.49	077bcbe31aac5bab
5.50	b744c25215369c6c
5.51	cb15aef6cbcfa2a9
5.52	0196cf36011a2af6
5.53	99e81f3e153be49c
5.54	afd24bcfc5a2d515
5.55	b0a44f31074256e0
5.56	3c937ccffc133375
5.57	fe5cfe14564c0896
5.58	776c0c0e97d133a1
5.59	6be8bd9ac38869c9
5.60	1101310fb658f6c6
5.61	cb989110aed887be
5.62	147a5a7fecff7283
5.63	1e0e37e5c8e78b61
5.64	4eced3f2ec3d25d7
5.65	3d45dac3f3d0132e
5.66	e86559225b148d1f
5.67	25d65954e33f0155
5.68	1cd28cd6efc1b85f
5.69	691d740c315df376
5.70	080c557e112991cc
5.71	b24d345e4de77725
6.0	253494dec70c9f8a
6.1	824ebcda5fa832bb
6.2	87d86a4b95c26928
6.3	edc8410d8e2dedb3
6.4	6de114a582185962
6.5	148ea63b314a2925
6.6	75e6e2cc2ea58139
6.7	ea50f471c566d75c
6.8	8a2bb3e7c0423dac
6.9	169e6f4523624a77
6.10	23b9e93241ee649c
6.11	e38078e04508aeff
7.0	a860927d0b33fdce
7.1	3752119b34be571a
7.2	f5f47d041c8be602
7.3	41c7bb75cbc6a486
7.4	7bfc191b0983eb78
7.5	0948fa3375c8c646
7.6	a4c8d7bc19ef2efb
7.7	5744d3842bf0e346
7.8	d29692677967d884
7.9	0417bc8b7beb838e
7.10	cf7f0cfc9515582b
7.11	ab600a1ac22ec7b8
7.12	df5d772ee660519f
7.13	43048cd24c52563f
7.14	a1198f3b9cc8e099
7.15	bfc69263759863f8
7.16	367398fdde53490b
7.17	8b5f8d8bd437b9fb
7.18	b5e48e861cf6db43
7.19	9bdb5fb83cc1e41f
7.20	09e4d35edbd15eba
7.21	d12f7f07e6a96aa5
7.22	dc7e505c4b868982
7.23	48a8e094c1f35d7b
7.24	2f3e346c3fbf1c73
7.25	03bddfeaf43e5a9c
7.26	7f8fa9e0b85c92b5
7.27	f7b770e7da52c636
7.28	f9ac891c98ae6b8c
7.29	a20558d9f4376bac
7.30	2db8357997734dae
7.31	6a18ad144aaed3d1
7.32	5d81e6e188dd7dbe
7.33	012aac6ac3ad27c3
7.34	4d71b2f2398ee4d4
7.35	8e48cd36b6e3ff9a
7.36	59d386d0bccf083a
7.37	991d1d921641c4ec
7.38	b029aef5485106bc
7.39	9c119fc22220c855
8.0	f13d20246c52290c
8.1	6b7dc6d1a1c7ba02
8.2	4a04db97102624e4
8.3	05b76d91f1b9c0fc
8.4	59df3a3479034525
8.5	48ef47085044067b
9.0	2dcab4d48266704f
9.1	4dfd2bc84ea744ee
9.2	b4c8f52e232828b9
9.3	1f62ac20d890f03b
9.4	85e0886c37a40e8d
9.5	8c1f8f0d71d3d6a3
9.6	b2fbe0ca7e95b2b4
9.7	bf92aeeb17644058
9.8	b07e8a6d493afd0f
9.9	92cd639fb8932f74
9.10	d8e5587935f76fb8
9.11	2508d668323f875f
9.12	c3eb5df6b7c13b68
9.13	4f0e5573b848c056
9.14	31c55172172857c7
9.15	84799ef94e85addd
9.16	d0d4dbfb95108ee7
9.17	e41720751f6d5ca6
9.18	eef1625f255c8659
9.19	942532ebb669dde8
9.20	ea828d9c650860f3
9.21	9cd08010d3b22452
9.22	e50e8ccbcbb7e655
9.23	7a07004e7972a4e9
9.24	4b0690ca114d56b9
9.25	cd5b6e9f9d6b0211
9.26	e0a2f4f77b71b462
9.27	f630d614f7cc699c
9.28	f59ccc1d0ac298d6
9.29	cb6c0e8f16e91a06
9.30	50b50b7cdc6b40f2
9.31	86250cc8c40d865d
9.32	3e6c08de7d918dc7
9.33	d9ff7ed68304e53e
9.34	d8d996bce7f608b3
9.35	ecf7adbcb47292b6
9.36	6a88a19e19c8f025
9.37	f5033390a963c880
9.38	e79f2a868a81751e
9.39	3a084952a47f5cd7
9.40	897a53fbc7a56f49
9.41	ceaae416f77348e6
9.42	5758f4f6a26889c5
9.43	3f358c843e852249
9.44	3d542e96c9793357
9.45	4eb20025ed9ab49c
9.46	86a7146916d0409b
9.47	ae1747394220d815
9.48	127404db45fc5cde
9.49	cba720d68702b946
9.50	800b36063a3e2f62
9.51	ae02a753ed29264b
9.52	8a40a6dbabda7060
10.0	8dc4d98627559918
10.1	563ad47dd1013e09
10.2	f4f2dfdf0b4053a3
10.3	ee44007cadbd378b
10.4	e2a8ae2f90fb3421
10.5	761710d1b88624e9
10.6	d1358b30d998f36c
10.7	5cc3abff889d29c7
10.8	2b818f2f729a2e75
10.9	30da4a8caa697bb9
10.10	4c7e6e157ccbb790
10.11	41971a1b0e0eb7d6
10.12	668770dfd79c4c9a
10.13	403f8b91df664c1a
10.14	ed8dc3f92ffedef1
10.15	9082439af586a0f7
10.16	5f5d00da83fa289f
10.17	8d8697ae5f30dd66
11.0	b3a84a6e4841a2fd
11.1	6d1813ad426ff486
11.2	2b135c5215d6f279
11.3	ec9597dd736c6daa
11.4	c9e4a7956afedfb7
11.5	f07d85ec05ff5a8e
11.6	2713642060b67675
11.7	a43c8bf6e1e2d64a
11.8	6da6b6d578dc7d37
11.9	71e0c1a267657c21
11.10	34160f1e321e2009
11.11	4e1b6aef6668b242
11.12	061e4b4cb184ee92
11.13	ce7ac66913664b15
11.14	78b674244ec2d93b
11.15	01a79c09fca7892d
11.16	7faf27cd5ce1b096
11.17	6878b34f8a900f3d
11.18	e435adb52459b4fa
11.19	742dc4c1f7b86e24
11.20	ca55e14e09ec2ad4
11.21	7f9251379d15ae08
11.22	4eccd9d5871e67fc
11.23	cd311ab462e35123
11.24	89fd229299d745f7
11.25	18f2ad468015ff38
11.26	04548a0b5863f692
11.27	12c225fd248f388c
11.28	4bfc5d08a42444d3
11.29	43a10fb5776ed00c
11.30	6b1a6c6be3b2b1ae
11.31	6961a720ea75b288
11.32	42e19acfbd360b96
11.33	5145e691e0b89a50
11.34	f67222e4d49f8562
11.35	a9bd497b181a0997
11.36	2c904f59093d68b4
11.37	02459cbac291016d
11.38	579f2159c5213b95
11.39	14af6508637bc87b
11.40	19bc2865a58776b0
11.41	a5effb5b53cbcb5b
11.42	cc924402c138f1a2
